row_id,source_index,category,duplicate_group,partition
000b4e16d6b60e465dd9,3171,top_up_reverted,3115,development
00189dfc48d1667d890f,8875,cash_withdrawal_not_recognised,8701,development
00226a8871a84b6126f1,2270,top_up_limits,2230,development
002cfff7700c3f32b42c,640,extra_charge_on_statement,632,development
002d21f99d5ebaa6feed,1772,pin_blocked,1744,development
0033b01c958fa5255fde,6722,reverted_card_payment?,6588,development
004d8cc7547debd51ec4,7442,failed_transfer,7298,development
005267d645d57e228506,2548,card_payment_fee_charged,2503,development
00645116451c746d4a9c,6860,reverted_card_payment?,6724,development
00658bb0c821f710d073,9109,top_up_by_card_charge,8934,development
00675722b4eb82b717b4,1960,pending_top_up,1931,development
006bb4658e752ea4fea4,7608,transfer_into_account,7463,development
006dac73d66e6d1ed4be,5482,request_refund,5382,development
007c76b7c1ba97415ba8,7167,transfer_fee_charged,7026,development
008739b81182f0f9c156,4811,direct_debit_payment_not_recognised,4724,development
008acc519aa250a2dfaf,5717,Refund_not_showing_up,5614,development
008f09903fea5fee86a2,5855,declined_card_payment,5750,development
0092a148f1ee48d15485,1286,card_not_working,1268,development
00953200355575bd50a1,5382,request_refund,5284,development
00a34e12f250966bf378,4134,visa_or_mastercard,4065,development
00abf2a9bca2717daa7e,4271,topping_up_by_card,4194,development
00b2eb2d957a4d535079,6383,transaction_charged_twice,6264,development
00b6eb58a50a7ae0e203,3043,getting_virtual_card,2991,development
00c4d0d951cf0172954d,7850,getting_spare_card,7694,development
00dd1c1687f03c813e63,9707,apple_pay_or_google_pay,9523,development
00ea10d0cbfa8ebed7d7,1968,pending_top_up,1939,development
00ebe2535e3d4bba4e3a,1097,card_delivery_estimate,1082,development
00f09fe5c3b04ad97291,7914,getting_spare_card,7758,development
00f1355d0115024761b5,4675,direct_debit_payment_not_recognised,4591,development
0103761cfa8bdbf814f0,5662,declined_transfer,5560,development
011398a24d73d114ccd8,3380,balance_not_updated_after_cheque_or_cash_deposit,3319,development
01166f9fb71a87d0b977,280,card_linking,278,development
011bf5dfedef8e798216,6558,verify_source_of_funds,6430,development
0122e038ede19e1ea1f8,1225,automatic_top_up,1208,development
0127d57d49beb8b362d4,482,card_payment_wrong_exchange_rate,477,development
014276aea3ac9ad91049,5752,Refund_not_showing_up,5649,development
014429882be9a071f6f5,955,fiat_currency_support,943,development
014491e5dcaa4ba7d69f,7977,top_up_by_cash_or_cheque,7820,development
0144ddb41e081a8db48c,4664,direct_debit_payment_not_recognised,4580,development
01574ca33e8e7e3a46f7,4720,direct_debit_payment_not_recognised,4636,development
015ab0a254e91a86ac48,5222,pending_card_payment,5126,development
016420db7e902f5038e6,8849,cash_withdrawal_not_recognised,8675,development
0173b2baeaf0d496960a,7398,receiving_money,7254,development
017716833f40bdbfab46,2603,card_payment_fee_charged,2557,development
017c16b046525ea5c4c4,1871,top_up_by_bank_transfer_charge,1843,development
01808916dbf259b705f3,7092,beneficiary_not_allowed,6952,development
018cc9f161f7ad85c267,1728,pin_blocked,1700,development
018efc7b011d2b5f6d0e,7932,getting_spare_card,7776,development
01a59fec0d8ec44afc46,9608,card_about_to_expire,9425,development
01b11a1ce10f09c5422c,3837,why_verify_identity,3771,development
01b8037c8fb48c7d9cdd,2682,card_payment_fee_charged,2634,development
01b9ab823a3bd1921977,6825,reverted_card_payment?,6689,development
01c4cb73db30ab6cce38,9346,cash_withdrawal_charge,9165,development
01cf72a826e15fe09d17,9159,top_up_by_card_charge,8983,development
01d4532405e9a2b59560,4522,compromised_card,4440,development
01dc3239c88415d84617,618,extra_charge_on_statement,611,development
01ef5c596cf3efff84e7,6692,transfer_timing,6560,development
01f18cf7629027151f3d,7417,receiving_money,7273,development
01f729c200b10e19a27d,6182,terminate_account,6066,development
020bbc5e4dddddaa699a,1506,lost_or_stolen_card,1486,development
021160097025e4b5f37c,3522,card_payment_not_recognised,3460,development
0218647e9f69c00f8822,8076,order_physical_card,7918,development
0223546fa34a54d6a63f,6706,transfer_timing,6573,development
0231a26b77f97f97c522,5839,declined_card_payment,5734,development
0235205dd6f92a3d26f6,83,card_arrival,83,development
023a30b0b66918dea1aa,6434,transaction_charged_twice,6312,development
0246e377c9b8da4f2b63,8067,order_physical_card,7909,development
02570d783508315888c8,5323,lost_or_stolen_phone,5225,development
025b45a5496f0ba6605f,4005,get_physical_card,3938,development
025da118229de8d27ad9,4588,atm_support,4505,development
02632f443963c50ae70c,9186,activate_my_card,9010,development
02648a744c054e57cab9,8623,balance_not_updated_after_bank_transfer,8450,development
02659ff200d1678109bf,3730,edit_personal_details,3667,development
0265e532588a07ee78f9,8500,top_up_failed,8330,development
026c85d7e82b74b6fb8e,9388,cash_withdrawal_charge,9207,development
02740e09314efc879088,3560,card_payment_not_recognised,3498,development
0274601b93bb810a3907,7404,receiving_money,7260,development
0275d6781e9a310bbc28,5513,request_refund,5413,development
0277d70322614ed897e8,7898,getting_spare_card,7742,development
027de4b11383df632be1,8507,top_up_failed,8336,development
02806c37719faefc0b52,9749,apple_pay_or_google_pay,9563,development
028d74d99307ab711e6f,9785,verify_my_identity,9598,development
028dd5ec4af832b602c4,1183,automatic_top_up,1167,development
029180452621268a2fcc,1100,card_delivery_estimate,1085,development
029258e6774b61e9a065,3863,why_verify_identity,3797,development
0294ecf163f99c5f5e93,1777,pin_blocked,1749,development
02a1cbca336508231f31,4863,passcode_forgotten,4776,development
02a719dcde36fef977a7,8977,exchange_charge,8803,development
02b450241b77001fddf7,4312,topping_up_by_card,4235,development
02b6128df51bdb12e281,7261,transfer_fee_charged,7120,development
02b6534d0ebc4a5f3ad9,5697,Refund_not_showing_up,5594,development
02bac53cd885c844dd0f,21,card_arrival,21,development
02bb2f6a8ce7457f1ada,8025,top_up_by_cash_or_cheque,7868,development
02bd3afb40cd4ecebdaa,6233,terminate_account,6116,development
02c34409534ea7ecd8e9,2161,cancel_transfer,2123,development
02c9c2f8419061c9f23c,6572,verify_source_of_funds,6443,development
02d2f95a86eb0d75038b,4716,direct_debit_payment_not_recognised,4632,development
02d6532cb04dcdc6be57,9221,activate_my_card,9044,development
02e38672c635b7810182,7216,transfer_fee_charged,7075,development
02e6ad2b429fecca36ca,5948,declined_card_payment,5841,development
02f120a41e6cf7e8cb7b,9466,cash_withdrawal_charge,9284,development
02f671d0d7195d9e929f,9537,card_about_to_expire,9355,development
02f9f21f2aca782798c1,329,exchange_rate,327,development
02fb836b3efbcfc8f907,2051,pending_top_up,2016,development
030b5fcd5843d99b1c7c,2465,wrong_amount_of_cash_received,2420,development
030b65d454efae5574f1,8749,balance_not_updated_after_bank_transfer,8575,development
030bb8716a14bf90cbf1,6827,reverted_card_payment?,6691,development
0311f99872beebc62b64,5720,Refund_not_showing_up,5617,development
03268696bd924f770637,7804,getting_spare_card,7648,development
0333702f70697c9cc9dc,8489,top_up_failed,8319,development
03423287f0202695d547,6051,pending_transfer,5942,development
034648dba3f732d14820,4430,disposable_card_limits,4351,development
03492f825c0c1215bf0a,2643,card_payment_fee_charged,2596,development
03499044a43faec51e91,8257,wrong_exchange_rate_for_cash_withdrawal,8095,development
034e5f7f49093200f36b,5676,Refund_not_showing_up,5573,development
035450613f26cf9360ac,5097,pending_card_payment,5004,development
035fb542b51f8e9b2db2,9690,apple_pay_or_google_pay,9506,development
03655cf8463370bea4ad,6027,pending_transfer,5919,development
037885d2591e84a12523,4821,passcode_forgotten,4734,development
039ba286f555bb2306cc,4726,direct_debit_payment_not_recognised,4641,development
03a14a6cf59f21294b36,360,exchange_rate,357,development
03af139fa9e22947af8a,8742,balance_not_updated_after_bank_transfer,8568,development
03b0e911c108f535196c,5113,pending_card_payment,5020,development
03bfa845b660eef7f16c,9247,activate_my_card,9008,development
03c1e15558e275aa567d,7173,transfer_fee_charged,7032,development
03c7bed76767806efd2f,7723,verify_top_up,7577,development
03cc5132f0d7e9670925,1559,age_limit,1535,development
03d160801cacb27851c4,1553,lost_or_stolen_card,1529,development
03d2fe947dff3d6fa3ac,6970,change_pin,6831,development
03db007d3a97885f2801,1628,age_limit,1601,development
03e8fbce7466d85614b2,245,card_linking,243,development
03ea98e42c6bffb3b344,1940,pending_top_up,1911,development
03ef923d075af48e197c,7881,getting_spare_card,7725,development
03efbb5ebe05eaa92637,1681,pin_blocked,1654,development
040ae806a04385ed7479,1689,pin_blocked,1662,development
040b548762c6e3cc49ca,7211,transfer_fee_charged,7070,development
0414ebde6e1d4937ec26,4209,visa_or_mastercard,4136,development
041c0955fe802a53f701,4896,passcode_forgotten,4808,development
0420579a2ee54b793967,1324,card_not_working,1305,development
0422dec437901f18df9c,795,pending_cash_withdrawal,785,development
043ccf1daace1d6dc4a3,8871,cash_withdrawal_not_recognised,8697,development
043fa03ec7ba8715f348,1013,card_delivery_estimate,1001,development
0442c78555fac92492a3,4075,get_physical_card,4008,development
0452f06aa50fe8deb31b,1299,card_not_working,1280,development
0456c9bf76b7d789143a,4683,direct_debit_payment_not_recognised,4599,development
04578d4c11efa35396f4,1388,exchange_via_app,1369,development
045aa49f367c719863a8,2475,wrong_amount_of_cash_received,2430,development
045d63af3f013ae7a671,2997,supported_cards_and_currencies,2945,development
0465081df570daf70766,7686,verify_top_up,7541,development
0471efd55507cd917186,5230,pending_card_payment,5134,development
047646f34ab8bf318c3f,4464,compromised_card,4382,development
0478332c1799a3c22701,981,fiat_currency_support,969,development
047e4f60de8941326175,5117,pending_card_payment,5024,development
0484a19f1f0e1998a6a8,8501,top_up_failed,8331,development
048ab43b1968d767e478,5659,declined_transfer,5557,development
0497af39eb24a7ac8212,7854,getting_spare_card,7698,development
049f66cd0287fd450658,2539,card_payment_fee_charged,2494,development
04a0c7246ffc0c41c48f,2991,supported_cards_and_currencies,2939,development
04a1900539b939e4aedb,6895,change_pin,6757,development
04a31ff6808faa45f172,5315,lost_or_stolen_phone,5217,development
04a81c631b1a6df16795,3620,card_payment_not_recognised,3558,development
04ab04cc372b78a00f4a,5448,request_refund,5349,development
04acd22bd5766ae0ef7d,3245,top_up_reverted,3186,development
04ad379cf589abf48551,1705,pin_blocked,1678,development
04ae03681ec0829cb678,233,card_linking,231,development
04b00d3eacbdfd2b873e,3481,balance_not_updated_after_cheque_or_cash_deposit,3419,development
04d219fbef9973c14a7f,6957,change_pin,6819,development
04d57f957e4ff27bea7c,2944,supported_cards_and_currencies,2893,development
04eaaf75efda2c13c1e7,8238,wrong_exchange_rate_for_cash_withdrawal,8076,development
04ed917babf352f614a2,9372,cash_withdrawal_charge,9191,development
04ef30acf94c55f0b379,5914,declined_card_payment,5808,development
04f0acf45ac2102b0534,3631,card_payment_not_recognised,3569,development
04f8abd1454170f462fb,9974,country_support,9783,development
0501be91ca7539e7caec,9634,card_about_to_expire,9451,development
050693d26329d2888db3,7103,beneficiary_not_allowed,6963,development
0507b0d2ad25106720b9,813,pending_cash_withdrawal,803,development
051794bbbe83ec39e241,112,card_arrival,112,development
051f14ebd5d0717bf563,9818,verify_my_identity,9631,development
05202696390b5916d85b,7040,beneficiary_not_allowed,6900,development
0522f9601d76794f8b1d,5082,declined_cash_withdrawal,4989,development
0524b93147219d3333cc,4085,get_physical_card,4018,development
0537239864413d2d9515,4937,declined_cash_withdrawal,4848,development
05386c8678a60d61a06b,1096,card_delivery_estimate,1081,development
0538e84adc3591ed3f70,6507,verify_source_of_funds,6384,development
0549b812d08bf897f182,3773,why_verify_identity,3707,development
054e4690fa52305391d3,9597,card_about_to_expire,9414,development
055f1a2280903d80f20c,1385,exchange_via_app,1366,development
056900af0fb3944e55e4,6734,reverted_card_payment?,6600,development
056df9fa9f6478551f5d,6960,change_pin,6822,development
05701096d3c09611ddf2,7822,getting_spare_card,7666,development
0574438f04a8ae222235,7084,beneficiary_not_allowed,6944,development
0581152d1d8e6aba6c11,7988,top_up_by_cash_or_cheque,7831,development
058991d085c7acf9fa65,277,card_linking,275,development
058eac3d37ea720e0c27,2913,supported_cards_and_currencies,2862,development
05916f867f86014a6f2d,5934,declined_card_payment,5827,development
0591e1bacbfb2331f6ae,9201,activate_my_card,9025,development
0594a1fba0625448c22e,6075,pending_transfer,5963,development
05a4155f23410cd47421,1523,lost_or_stolen_card,1502,development
05aa3c43c138b1db5614,2730,transfer_not_received_by_recipient,2682,development
05ab4f70a4fd0240e171,2976,supported_cards_and_currencies,2924,development
05b1cfbfab88c32ad3e4,8109,order_physical_card,7951,development
05b4d7f9a69e3bb36228,6822,reverted_card_payment?,6686,development
05bc7f7cd64a0ecf839b,8171,virtual_card_not_working,8010,development
05bf676cb5e18411401b,6481,verify_source_of_funds,6358,development
05cb503fe98baf5177f2,5040,declined_cash_withdrawal,4949,development
05d17149b6c3abfdf0b3,1623,age_limit,1596,development
05d83ea6e2c21f954e95,385,exchange_rate,380,development
05d8616fc1f47cb8c916,6026,pending_transfer,5918,development
05da72a65c1651159df2,7366,receiving_money,7222,development
05db91d0409205c0fe84,627,extra_charge_on_statement,620,development
05e9e8ab6cf881139094,7324,transfer_fee_charged,7180,development
05ec20dbb9b2123982cf,6408,transaction_charged_twice,6289,development
05fafe132d1ab58a162c,519,card_payment_wrong_exchange_rate,514,development
05fb84f9bb9e167129ef,1858,top_up_by_bank_transfer_charge,1830,development
05fe0b7ff287f561f882,335,exchange_rate,333,development
06014e3d02b8eda6bd6b,7536,failed_transfer,7392,development
0609b5d1fb02a1e69923,620,extra_charge_on_statement,613,development
060ea3e13cdd69da1d0c,7994,top_up_by_cash_or_cheque,7837,development
060fa2bb858f200c1521,3686,edit_personal_details,3624,development
0613012bd5ec80bdee69,3362,balance_not_updated_after_cheque_or_cash_deposit,3301,development
06144cba33dbc2cc2f19,6112,pending_transfer,5998,development
06371445f1732a332d4f,555,card_payment_wrong_exchange_rate,549,development
06382b028ff1396dfaad,885,fiat_currency_support,873,development
063f25ff638da05ae331,8635,balance_not_updated_after_bank_transfer,8462,development
064b9bce798c1e099143,6017,pending_transfer,5909,development
06541d606a77e9971eea,503,card_payment_wrong_exchange_rate,498,development
065551f75e1f376e1a02,1693,pin_blocked,1666,development
0657a782928bc0dbdf4a,8933,cash_withdrawal_not_recognised,8759,development
066aa836073455309a53,1935,pending_top_up,1906,development
066c59c1811e65d58262,4208,visa_or_mastercard,4135,development
066c64ca5a58b6ab3604,9753,apple_pay_or_google_pay,9566,development
0671a52600aa0101466e,729,extra_charge_on_statement,720,development
06750d67238fb3101c30,2194,cancel_transfer,2155,development
06787285011926e4cb0d,5694,Refund_not_showing_up,5591,development
0679317c29c0f354d262,2718,transfer_not_received_by_recipient,2670,development
067b2ada143cd91acd10,1180,automatic_top_up,1164,development
068000982b056f0c1b1f,2604,card_payment_fee_charged,2558,development
068854b423a08ee608c9,9333,activate_my_card,9152,development
0694fc766fcb2bb445f3,4492,compromised_card,4410,development
069afce7f892f4856d8f,3828,why_verify_identity,3762,development
069b12449bcbe0dfe316,1881,top_up_by_bank_transfer_charge,1853,development
06a1b59aaef427169c08,3283,top_up_reverted,3223,development
06b235ec7033524e0fa7,193,card_linking,192,development
06b4bf91337a059635a6,8454,get_disposable_virtual_card,8287,development
06c369ad77e5159251a0,8173,virtual_card_not_working,8012,development
06c431e236bfba27fc04,4587,atm_support,4504,development
06c9579a595c7047b01e,8435,get_disposable_virtual_card,8269,development
06cbd7ef8bb114b230df,6924,change_pin,6786,development
06cc267fe8c61614f1d7,5385,request_refund,5287,development
06cdc75080e84e2df570,9945,country_support,9755,development
06d5a2f5b2bc6eacb12a,4770,direct_debit_payment_not_recognised,4684,development
06d7dfc875724187dd21,189,card_linking,188,development
07034fefb04db4c91390,2079,cancel_transfer,2043,development
070a4780729ec2358495,2763,transfer_not_received_by_recipient,2714,development
070f85c28b79b94bf817,9254,activate_my_card,9076,development
07226b6b7a759b1384d8,3853,why_verify_identity,3787,development
0726ed2457071e9829a7,5601,declined_transfer,5501,development
073e5a4d90b37d0f4ee1,5423,request_refund,5324,development
0745f218ceea131e93fe,2018,pending_top_up,1985,development
07480cd63825cbdfaa81,7963,top_up_by_cash_or_cheque,7807,development
075a8b7d51155c47d3a1,8055,order_physical_card,7897,development
07639395e11e3412be40,136,card_arrival,135,development
0765d6306ec35a0835bc,9423,cash_withdrawal_charge,9241,development
07726830715d9d5be328,2309,top_up_limits,2198,development
07842d3abb4d908b00e8,4112,visa_or_mastercard,4043,development
078960d3f1e365bbffb2,3835,why_verify_identity,3769,development
078e97c650c541561aaf,1919,top_up_by_bank_transfer_charge,1890,development
079bc929466a40596886,8434,get_disposable_virtual_card,8268,development
07a6f7a5c1798677d31d,3384,balance_not_updated_after_cheque_or_cash_deposit,3323,development
07afa2e5ccbdc1712650,9853,verify_my_identity,9608,development
07c870d6bce31e2dba30,8516,top_up_failed,8345,development
07d14ca2b6c90fd61b4c,9195,activate_my_card,9019,development
07d4b8f9472e2cd0a913,815,pending_cash_withdrawal,805,development
07d53cfeed61a7d303bd,2360,wrong_amount_of_cash_received,2315,development
07d63cf51823ca96cc06,7208,transfer_fee_charged,7067,development
07fcfb336826d84e3cdc,3361,balance_not_updated_after_cheque_or_cash_deposit,3300,development
08088f8305739c8f9534,5437,request_refund,5338,development
080a9b7d20bf3eb472df,2509,wrong_amount_of_cash_received,2464,development
080c21c9e88592c1399c,7643,transfer_into_account,7498,development
0812d0416879438602fd,6989,change_pin,6850,development
0814aed5fc57772b0c63,8459,get_disposable_virtual_card,8292,development
081b8c7aa4a38869d314,1029,card_delivery_estimate,1017,development
081e58746476329da1a7,2727,transfer_not_received_by_recipient,2679,development
08214760016f2d3732d0,8254,wrong_exchange_rate_for_cash_withdrawal,8092,development
083bb07df0a46a982427,2881,supported_cards_and_currencies,2830,development
083c35ed08550acd7eb5,2692,card_payment_fee_charged,2644,development
083cd232cb82c9713aa6,875,pending_cash_withdrawal,863,development
0844bd2974a0da9f1c7a,3187,top_up_reverted,3130,development
08452520f0806f8a7967,1865,top_up_by_bank_transfer_charge,1837,development
08461fed67946b5aed3a,219,card_linking,217,development
084be05b72e2fc2d67bd,4053,get_physical_card,3986,development
085c4173c483eb695aff,7677,transfer_into_account,7532,development
08615fa1a06158939c85,4566,atm_support,4484,development
08693149e5a186ef4bb3,145,card_arrival,144,development
088651429e9a991d465d,6406,transaction_charged_twice,6287,development
088c790e8b01e76fafb6,4377,disposable_card_limits,4299,development
08948598895eee0f094a,7096,beneficiary_not_allowed,6956,development
08975ab60e22af72e79d,4589,atm_support,4506,development
089eedc0f3ad4e414d85,7140,beneficiary_not_allowed,6999,development
08a10cd6cb11d3213d04,8913,cash_withdrawal_not_recognised,8739,development
08c76ddf85d820c920ec,9726,apple_pay_or_google_pay,9541,development
08d235814c9521fe53f9,241,card_linking,239,development
08d6b91f7a00b2adb91b,5877,declined_card_payment,5772,development
08db68d2bc6db6270db1,3256,top_up_reverted,3197,development
08e49691d89e72ddb3d0,507,card_payment_wrong_exchange_rate,502,development
08e4bbe86e752aedf265,5668,declined_transfer,5566,development
08fe531bbffca63e6c6b,4529,compromised_card,4447,development
09070155db357b76230c,7571,transfer_into_account,7426,development
090a485b509f1d5061ae,9728,apple_pay_or_google_pay,9543,development
090f55976685fcd8985c,9504,cash_withdrawal_charge,9322,development
09150a3ebe6b1fd294e7,8276,wrong_exchange_rate_for_cash_withdrawal,8113,development
09183d5b53386fb508d0,5628,declined_transfer,5527,development
091b2980888840bb5d6a,8663,balance_not_updated_after_bank_transfer,8490,development
091ef808f5046f5bc052,4561,atm_support,4479,development
092779ff498bcad3d100,3282,top_up_reverted,3222,development
093119cf1cec7708b17c,7387,receiving_money,7243,development
0931943ff63be7df0b69,3292,top_up_reverted,3232,development
0932d90dda34d8b40efd,5434,request_refund,5335,development
0934289cd827174d6405,745,pending_cash_withdrawal,735,development
09346f6867c95a1a4940,4434,disposable_card_limits,4354,development
094051ab0b53a2a1f4ff,9812,verify_my_identity,9625,development
09470463621b2436f584,1971,pending_top_up,1942,development
09470b3a129fe4d69f16,8746,balance_not_updated_after_bank_transfer,8572,development
094878b567490c29f707,6948,change_pin,6810,development
0960dcf4c9d8afe0932e,2068,pending_top_up,1976,development
09637d8ca7e0ccccc82e,9022,exchange_charge,8848,development
09693266921971b3770e,159,card_linking,158,development
0969b7be5e72703cb26e,8555,top_up_failed,8382,development
097cde4e1550e04a4924,343,exchange_rate,319,development
09803ef264d4d5c7a993,712,extra_charge_on_statement,703,development
098c962a579a545125fa,9326,activate_my_card,9145,development
099401e54c70f8e5b2b0,6057,pending_transfer,5947,development
0994309f3483d73ef0b1,8223,wrong_exchange_rate_for_cash_withdrawal,8061,development
09a0ae0911c3da6cd978,9892,country_support,9702,development
09a2d67daffd8858b99f,1736,pin_blocked,1708,development
09b925fd8fd348787a4d,2331,wrong_amount_of_cash_received,2286,development
09bafd640b163dbed96d,3020,getting_virtual_card,2968,development
09bcb3381c35234e0a7a,7574,transfer_into_account,7429,development
09bd3a69dba0f0cf2cb6,4255,topping_up_by_card,4178,development
09c4c3205fbd9b2b7851,4069,get_physical_card,4002,development
09cf6bb154b016e4b991,7358,receiving_money,7214,development
09d29d83eb909c62f28c,5203,pending_card_payment,5108,development
09d908356aacfbcb9328,3232,top_up_reverted,3173,development
09f0e1c827a347afdf43,5721,Refund_not_showing_up,5618,development
09f41d681494a70e0a7d,6978,change_pin,6839,development
09f73bb7999c208f43f9,9831,verify_my_identity,9644,development
0a04ef6dd23290e3347b,1608,age_limit,1582,development
0a0f2083d71464589bed,1266,card_not_working,1248,development
0a11e1df049ec8e7b1a2,9817,verify_my_identity,9630,development
0a1b9e4a411ee9bc004c,3127,card_acceptance,3073,development
0a20a205a624f578162b,5652,declined_transfer,5550,development
0a262313b29656cc9d61,2847,transfer_not_received_by_recipient,2796,development
0a380d755290db729fc3,1018,card_delivery_estimate,1006,development
0a40b67fea331332b8df,7101,beneficiary_not_allowed,6961,development
0a432feda4ae88e6d760,5118,pending_card_payment,5025,development
0a43617ee5c1c1116c17,3122,card_acceptance,3068,development
0a466ac0e071fed70f2a,2265,top_up_limits,2225,development
0a5a165bfa6c5a3a92b8,1487,lost_or_stolen_card,1467,development
0a5b649f757e340326a2,8218,wrong_exchange_rate_for_cash_withdrawal,8056,development
0a5eed35bd88c6ccf463,9663,apple_pay_or_google_pay,9480,development
0a678bfd6da8f577435b,1262,card_not_working,1244,development
0a6fbcfb475580d67cc7,8675,balance_not_updated_after_bank_transfer,8501,development
0a73c6f95a0f12ac0bc9,9766,apple_pay_or_google_pay,9579,development
0a776d7ce729e2139fc6,8274,wrong_exchange_rate_for_cash_withdrawal,8111,development
0a8467be19870c18b008,7025,beneficiary_not_allowed,6885,development
0a8c31d9d2d73f1c2d66,4422,disposable_card_limits,4343,development
0aa3c809ad07361dafe1,1752,pin_blocked,1724,development
0aa681b7000ad6ecbfe1,6039,pending_transfer,5931,development
0aa71e26d1172122b522,6843,reverted_card_payment?,6707,development
0aa94ad2c47e14c9ee2f,3904,unable_to_verify_identity,3838,development
0aabba828d6a0896659f,6115,pending_transfer,6001,development
0aaef1d5bbf50020ea48,2412,wrong_amount_of_cash_received,2367,development
0ada7a0c76f906cf6d7f,6995,change_pin,6856,development
0adb4b93b23df1f1e70b,350,exchange_rate,347,development
0ae24086481660fa385e,7724,verify_top_up,7578,development
0ae75dcdbeaf1658fc22,4425,disposable_card_limits,4346,development
0ae8a9b44d06db4d1b85,9479,cash_withdrawal_charge,9297,development
0af88ccabf60ebd49be0,850,pending_cash_withdrawal,838,development
0afc04c96ca03f442e9c,3164,top_up_reverted,3108,development
0afda178b4b2ebc249eb,141,card_arrival,140,development
0b28efe70f2830ab678e,6443,transaction_charged_twice,6321,development
0b2c88e8957303fbb7d1,7351,receiving_money,7207,development
0b354d7c19b84c181b04,4954,declined_cash_withdrawal,4865,development
0b3be519ddd490379e27,9940,country_support,9750,development
0b3db8085e8fbca27633,8412,get_disposable_virtual_card,8246,development
0b479da7f3e39b30741b,5314,lost_or_stolen_phone,5216,development
0b487070a93f735fa624,4450,disposable_card_limits,4369,development
0b4896a73216dcdc89cb,8523,top_up_failed,8352,development
0b4dfef89bebc1d595ea,7471,failed_transfer,7327,development
0b5217164794a8366b33,2768,transfer_not_received_by_recipient,2718,development
0b5295e2fed6958d3465,1583,age_limit,1559,development
0b5ad90bd21184da9b0f,7239,transfer_fee_charged,7098,development
0b5aec9edb0ff5c71444,9922,country_support,9732,development
0b7945e78f7908fbed64,9787,verify_my_identity,9600,development
0b8b90ca5633bb98f9b9,4452,disposable_card_limits,4371,development
0b93a504cc4670f44a12,5455,request_refund,5356,development
0ba5f1bc2a32b7a46a94,8882,cash_withdrawal_not_recognised,8708,development
0bbba83c5221132ee899,6837,reverted_card_payment?,6701,development
0bc5c63de16c0bff8d2c,2649,card_payment_fee_charged,2601,development
0bd61a3b5efc00182f63,2015,pending_top_up,1966,development
0be34aa2239b34b43373,1687,pin_blocked,1660,development
0be445d1a2610859ec6a,6916,change_pin,6778,development
0bee9aed217c0f60cfb5,898,fiat_currency_support,886,development
0bf966e6cea04d600eac,9131,top_up_by_card_charge,8956,development
0c043ea8b8fb657996bd,7300,transfer_fee_charged,7158,development
0c05e1d27b70d665e558,8127,order_physical_card,7968,development
0c1153e86bf4e0973835,8176,virtual_card_not_working,8015,development
0c20f406a6604012be06,8680,balance_not_updated_after_bank_transfer,8506,development
0c210d785bd0aab4afbe,9233,activate_my_card,9056,development
0c27e5f059a495425057,8729,balance_not_updated_after_bank_transfer,8555,development
0c2ca61fa79188ad0095,2139,cancel_transfer,2102,development
0c2d7b1baae399b77137,6158,terminate_account,6042,development
0c2e0070bf34274de74b,3050,getting_virtual_card,2998,development
0c45059097c35e19314b,6628,transfer_timing,6498,development
0c5186ec9e551aa887e1,9136,top_up_by_card_charge,8961,development
0c567ed749764554d053,8038,top_up_by_cash_or_cheque,7880,development
0c5b5f39bc1ba23ae428,7690,verify_top_up,7545,development
0c616a8fbee9c2201170,4845,passcode_forgotten,4758,development
0c6d9d822774326af62b,5247,pending_card_payment,5150,development
0c7345bc39344fcee786,4577,atm_support,4494,development
0c785f917f162c9bbc84,1635,age_limit,1608,development
0c866a9e4f448d573a3e,7746,verify_top_up,7598,development
0c8a6eac88283c8ed959,4342,disposable_card_limits,4265,development
0c9ed2e4b25c39c367ae,9238,activate_my_card,9061,development
0ca5ec72c1a6eff4b02e,5031,declined_cash_withdrawal,4940,development
0cb0ee1e279f4e93212d,7962,top_up_by_cash_or_cheque,7806,development
0cb47d1a7ac57b23534f,4478,compromised_card,4396,development
0cba0327cb9565f36701,4878,passcode_forgotten,4790,development
0cc36533f8ab0bd82ff0,3080,getting_virtual_card,3027,development
0cc769e9f618af05bfbf,8174,virtual_card_not_working,8013,development
0cc9afaf7eedbd5842d6,8439,get_disposable_virtual_card,8273,development
0cca65f73611642c53b8,7371,receiving_money,7227,development
0cca8b7282b505a65e86,1721,pin_blocked,1694,development
0ccb4b29460a09683902,6854,reverted_card_payment?,6718,development
0cdc8105cc3e55e11963,4477,compromised_card,4395,development
0ce05d08297026f6c718,5681,Refund_not_showing_up,5578,development
0ce3e54cf8267e7b7df6,4642,direct_debit_payment_not_recognised,4558,development
0ce8d977230e9cad6e69,3579,card_payment_not_recognised,3517,development
0cec393d3ce239d61ac1,5466,request_refund,5366,development
0cf23725e125d70ab6c0,5207,pending_card_payment,5112,development
0cf34ad5291eaffc7f46,180,card_linking,179,development
0d0d60a424fc93ded16e,816,pending_cash_withdrawal,806,development
0d19136d5b58b8b5a2ba,3973,unable_to_verify_identity,3867,development
0d1b8e875624d3715934,3266,top_up_reverted,3207,development
0d21c503c8dcd7b0a472,9463,cash_withdrawal_charge,9281,development
0d290c6c2b3a78a8b470,9173,top_up_by_card_charge,8997,development
0d295d4cf7a15db2f7da,6907,change_pin,6769,development
0d3550e98e8f0da7e97e,7235,transfer_fee_charged,7094,development
0d398cdb0673af05ddeb,893,fiat_currency_support,881,development
0d440e7a449995c74cda,3646,card_payment_not_recognised,3584,development
0d53a4f66255d61245fc,2691,card_payment_fee_charged,2643,development
0d641b78f4b0ac5398b6,7154,beneficiary_not_allowed,7013,development
0d6985ab468ee95d2b39,2106,cancel_transfer,2069,development
0d86f50fe45636961e02,3129,card_acceptance,3075,development
0d893050a12e923c9377,3510,card_payment_not_recognised,3448,development
0d8ebc51125e481dd3d3,1404,exchange_via_app,1385,development
0d91b970f0dcc928790a,7059,beneficiary_not_allowed,6919,development
0d9c18ceedcfba26212b,6125,pending_transfer,6011,development
0d9fa78a8358e2ab3c2c,6237,terminate_account,6119,development
0da5792e633264774707,2229,cancel_transfer,2190,development
0da908af80907f2780ad,4077,get_physical_card,4010,development
0dab333d3ac44990dfa7,4678,direct_debit_payment_not_recognised,4594,development
0dcc1e3561a6b23c6fd5,3367,balance_not_updated_after_cheque_or_cash_deposit,3306,development
0dcd9cc5bc52bca55226,9354,cash_withdrawal_charge,9173,development
0dd38b0772a0d53afefe,7626,transfer_into_account,7481,development
0dd5e3a53b4de07e125b,3778,why_verify_identity,3712,development
0dd867ab8a1742101b81,9403,cash_withdrawal_charge,9222,development
0de1c85c64da32eaa5f5,160,card_linking,159,development
0de42c13b0a3a6ec9d65,1045,card_delivery_estimate,1032,development
0de7a76a8bfebdf3315d,2775,transfer_not_received_by_recipient,2725,development
0dec60e1c11131333029,3018,getting_virtual_card,2966,development
0dfeb5fe5efd829304a6,1429,exchange_via_app,1410,development
0e02d24ced4ccc9badd9,7470,failed_transfer,7326,development
0e0aecbc09bb071e72ee,8308,wrong_exchange_rate_for_cash_withdrawal,8144,development
0e17d76198e839977709,6878,reverted_card_payment?,6741,development
0e1eef85098ecee76d66,1366,exchange_via_app,1347,development
0e20123c31db62991a00,1446,exchange_via_app,1426,development
0e2105f74980930a32b9,485,card_payment_wrong_exchange_rate,480,development
0e22afbea112c87e83d1,2074,pending_top_up,2038,development
0e2a61ac7312009942d2,532,card_payment_wrong_exchange_rate,526,development
0e2af84d9e8ac08b9f49,7316,transfer_fee_charged,7173,development
0e3428ab6da35383a466,9166,top_up_by_card_charge,8990,development
0e378de99df31112ecec,2308,top_up_limits,2264,development
0e3a89065a410782298f,4262,topping_up_by_card,4185,development
0e412d89968e82d5ac41,5353,lost_or_stolen_phone,5255,development
0e4b834a612e2781809e,6879,reverted_card_payment?,6742,development
0e5547cfad97879c03bd,5759,Refund_not_showing_up,5656,development
0e5d468c42e88c70ef38,331,exchange_rate,329,development
0e72372c3de810e3bbf9,9264,activate_my_card,9077,development
0e7281469451d08f77f4,7551,failed_transfer,7407,development
0e72b731240b0b02a17c,3970,unable_to_verify_identity,3904,development
0e754fea5e588a0774d3,3076,getting_virtual_card,3024,development
0e7a5a05cc102368fc95,1669,pin_blocked,1642,development
0e7aee02711fd5e226a5,6994,change_pin,6855,development
0e7d85232a787840a760,2827,transfer_not_received_by_recipient,2776,development
0e7e75ae065f4954f5c9,2572,card_payment_fee_charged,2526,development
0e82175097308467fe61,8380,get_disposable_virtual_card,8215,development
0e850160e8564a5f2b83,7312,transfer_fee_charged,7170,development
0e91a92364ddb64f117b,7250,transfer_fee_charged,7109,development
0ea7b42baf5f1159dd15,3382,balance_not_updated_after_cheque_or_cash_deposit,3321,development
0eb1101a23e3c8a36b1b,5224,pending_card_payment,5128,development
0eba0e1123f3f255f52b,1995,pending_top_up,1966,development
0ebbfe78a2d738047b68,2483,wrong_amount_of_cash_received,2438,development
0ebda1c167807047200a,6950,change_pin,6812,development
0ec19dda1b1f6e3c66a3,807,pending_cash_withdrawal,797,development
0eca669cea8c7fd39140,3497,card_payment_not_recognised,3435,development
0ed2d6a5be6f8a5a1d66,7447,failed_transfer,7303,development
0edeb532864f65b10852,6976,change_pin,6837,development
0ee38ae0263ba04e1c45,5477,request_refund,5377,development
0ee714b426299eee7886,7867,getting_spare_card,7711,development
0ef68367383f64ad7144,1934,pending_top_up,1905,development
0efae839d02bfbfecbcc,650,extra_charge_on_statement,642,development
0f048186af7a3efb0485,4926,declined_cash_withdrawal,4837,development
0f09f5110b87dd229469,7157,beneficiary_not_allowed,7016,development
0f13139687de505d8efb,7056,beneficiary_not_allowed,6916,development
0f195fb99e529fc9e57d,2898,supported_cards_and_currencies,2847,development
0f2193ae63a1aadd36db,6938,change_pin,6800,development
0f31aa1d5a410c68bfb7,3855,why_verify_identity,3789,development
0f3b5605b2acd3d96fae,3272,top_up_reverted,3212,development
0f477c8033fe5cddbaaa,7996,top_up_by_cash_or_cheque,7839,development
0f4fb8e0e7ceee07199f,5193,pending_card_payment,5098,development
0f55621dd376430f70e8,9642,card_about_to_expire,9459,development
0f5e9d8e996fd8d73b0c,6138,terminate_account,6022,development
0f5ec8e368e9ed3b9198,252,card_linking,250,development
0f5f88f6189566a3be23,502,card_payment_wrong_exchange_rate,497,development
0f602264068ce452293f,1300,card_not_working,1281,development
0f6371218e6ae49a7a1a,2684,card_payment_fee_charged,2636,development
0f79c20e0662068a51be,1336,card_not_working,1317,development
0f7ba4e5a35fcbd7687d,2971,supported_cards_and_currencies,2919,development
0f88a8c0f6526e5a3e28,2048,pending_top_up,2013,development
0f8b94ab620f39f9d0b3,3596,card_payment_not_recognised,3534,development
0f95f2207212b5d54750,7302,transfer_fee_charged,7160,development
0f9b5cb06c0ba4d8505d,7039,beneficiary_not_allowed,6899,development
0fa24a230ab5b8db5387,236,card_linking,234,development
0faacb7636734505c129,8310,wrong_exchange_rate_for_cash_withdrawal,8146,development
0fadb46c1f3cdf58f2ad,2986,supported_cards_and_currencies,2934,development
0fade15cccd81d254463,4064,get_physical_card,3997,development
0fae90eebe95743f5f17,8196,virtual_card_not_working,8034,development
0fc6a4cc4b0943d9a54e,2053,pending_top_up,2018,development
0fc7d3bfcf727cd79908,7662,transfer_into_account,7517,development
0fcdc34ba5e36f1b43f5,7728,verify_top_up,7582,development
0fdb98503bebae27d1e4,2699,transfer_not_received_by_recipient,2651,development
0fe6f9da4e686b7cdb82,78,card_arrival,78,development
100733fb7a8ecfe0043c,614,extra_charge_on_statement,607,development
100a121c680fdf08730a,7361,receiving_money,7217,development
10123752fd0ad385ccd7,8903,cash_withdrawal_not_recognised,8729,development
101cf7b21f36474d0f42,3627,card_payment_not_recognised,3565,development
102231fd0d51490287a4,9393,cash_withdrawal_charge,9212,development
102af686f6346c6d5f98,5845,declined_card_payment,5740,development
10308fe092e3fdce579d,7821,getting_spare_card,7665,development
10398a9e94554a10dcb5,4843,passcode_forgotten,4756,development
104025aaef003c61c0bd,7459,failed_transfer,7315,development
104733d0c2908d816d9a,1312,card_not_working,1293,development
104cccdd574028bf6b6a,5794,Refund_not_showing_up,5690,development
104e9ca99ce0bcceec96,9798,verify_my_identity,9611,development
105157e0e96c775e8fb5,257,card_linking,255,development
105460b5456c64d5d94b,7560,failed_transfer,7416,development
1060109b9b24b43f0279,596,extra_charge_on_statement,590,development
1073f7660e0d3a473ba7,4604,atm_support,4520,development
1075fa38537a0913ce5f,1384,exchange_via_app,1365,development
10801702f7c37736d1ef,4423,disposable_card_limits,4344,development
10872a7d62c751b64181,9301,activate_my_card,9120,development
108c9a65f2c61792ac10,537,card_payment_wrong_exchange_rate,531,development
10906c28b8bf049269f9,4632,direct_debit_payment_not_recognised,4548,development
1091bc11dd7dd8e115fa,2123,cancel_transfer,2086,development
1095e2960f708aefe1de,1279,card_not_working,1261,development
10962d28d4e061a83254,5931,declined_card_payment,5824,development
10a9f0edec00f0037631,2451,wrong_amount_of_cash_received,2406,development
10ca1bed4eddef29336d,1741,pin_blocked,1713,development
10cb1ef441c016b25de1,3833,why_verify_identity,3767,development
10ccb18cddf9f9153e1e,2473,wrong_amount_of_cash_received,2428,development
10d0940b766b2fa85280,7045,beneficiary_not_allowed,6905,development
10d39603ca9411d8cf6d,8321,wrong_exchange_rate_for_cash_withdrawal,8157,development
10d9d1c44d7dfe618087,7050,beneficiary_not_allowed,6910,development
10df107c041e528bb98a,465,card_payment_wrong_exchange_rate,460,development
10ef1e59cb44c82ccae1,9207,activate_my_card,9030,development
10f240f49b99d0dbbfe6,7293,transfer_fee_charged,7151,development
10f5d1fb7a714b0aed05,6234,terminate_account,6117,development
10f6e39167792a2f5659,6789,reverted_card_payment?,6654,development
10f715be335cd0a3b96c,6686,transfer_timing,6555,development
10f9814a502adaf4d922,6787,reverted_card_payment?,6652,development
110232bcdac1d2afe702,7415,receiving_money,7271,development
1112505fe5713a106b49,4718,direct_debit_payment_not_recognised,4634,development
1117f2ca4532b98fd53b,9140,top_up_by_card_charge,8964,development
1126bd0aad8e3f866ef7,6498,verify_source_of_funds,6375,development
112a8a683d8cb531a5e7,2431,wrong_amount_of_cash_received,2386,development
1133b4f5f30a79d50353,4283,topping_up_by_card,4206,development
114637397686a70ac954,9928,country_support,9738,development
114d7fa6142ba67ca898,3842,why_verify_identity,3776,development
1152aa51c8f0b57d64c6,9043,exchange_charge,8869,development
1152b460836c087ba9cc,4575,atm_support,4493,development
1165879f9802059ee079,9040,exchange_charge,8866,development
116a477d89907c49fe58,7219,transfer_fee_charged,7078,development
116a84b798227ac6b42c,6306,transaction_charged_twice,6188,development
116af62e445b87b777e0,4161,visa_or_mastercard,4092,development
116ebe2e56ba43f4ad8a,5322,lost_or_stolen_phone,5224,development
117dcb4a47d213833476,5512,request_refund,5412,development
118328c19ffebef020fe,4042,get_physical_card,3975,development
118508ac29722f255dfb,572,extra_charge_on_statement,566,development
11927a03ccd7d2350a0a,2439,wrong_amount_of_cash_received,2394,development
119513ecbd7a7c3f0ef5,2531,card_payment_fee_charged,2486,development
1197d397c9e9cf4e1166,728,extra_charge_on_statement,719,development
119d332eb9b358b095b1,4081,get_physical_card,4014,development
11a24438f95c5118ecc7,7275,transfer_fee_charged,7134,development
11a25fd5f9c67f4074c2,1320,card_not_working,1301,development
11b034e915c6573823dd,7213,transfer_fee_charged,7072,development
11bd11cc546d44358a43,5864,declined_card_payment,5759,development
11be931309b3088a40b7,9059,exchange_charge,8884,development
11c14fabe0df09201f4a,3549,card_payment_not_recognised,3487,development
11dbee1e70bd1ce043c9,3440,balance_not_updated_after_cheque_or_cash_deposit,3379,development
11de992149fc7ba0f6b2,8570,top_up_failed,8397,development
11e266943bad3308252d,256,card_linking,254,development
11e866f8378d1cb14dce,2284,top_up_limits,2242,development
11e9fd16a8eeab9ed26b,2586,card_payment_fee_charged,2540,development
11eccc9b3227ec866c46,1679,pin_blocked,1652,development
1205725d98f79f3710f5,4803,direct_debit_payment_not_recognised,4716,development
120c37b656d6469d426d,4196,visa_or_mastercard,4124,development
1210fa25ba6fa43416b6,3622,card_payment_not_recognised,3560,development
1215376ff434c1f9bb92,5005,declined_cash_withdrawal,4915,development
121a261633e7c26e550f,8484,top_up_failed,8314,development
1222afad8c81acb0797d,3879,why_verify_identity,3813,development
1223a057204d4659b7f9,4829,passcode_forgotten,4742,development
122b4a04731d9c9a7c31,616,extra_charge_on_statement,609,development
122ba64c1acd297dbc3e,8304,wrong_exchange_rate_for_cash_withdrawal,8141,development
122d4bc6a69e28f6414e,878,pending_cash_withdrawal,866,development
12304457cfa1e775ab52,6404,transaction_charged_twice,6285,development
1243dc0b517d8d25231e,9613,card_about_to_expire,9430,development
1256ea1abd83a0b223ce,2518,card_payment_fee_charged,2473,development
126241806c94ec5fd5e2,3710,edit_personal_details,3647,development
12674cab83f5cba76480,633,extra_charge_on_statement,625,development
126b24363f554ba66eec,1598,age_limit,1572,development
126ed0d3c5447fb336b1,3185,top_up_reverted,3128,development
128162d2645c9dbcdc4b,8820,cash_withdrawal_not_recognised,8646,development
128596a6e40b16bb17c0,6712,transfer_timing,6579,development
12936bc9b4f6732b0f3a,437,card_payment_wrong_exchange_rate,432,development
129cee111bc8922d4803,6610,transfer_timing,6480,development
12a0b26568528cb973f3,3783,why_verify_identity,3717,development
12a72afbb4485bccd0ab,2430,wrong_amount_of_cash_received,2385,development
12a8a06daa29cd13c769,7289,transfer_fee_charged,7147,development
12b94c6451219f7fd148,8342,wrong_exchange_rate_for_cash_withdrawal,8177,development
12ba00f929e78f1adcd6,332,exchange_rate,330,development
12c3b4fe58f4a45579cb,7552,failed_transfer,7408,development
12c7ee4d2b74229761dd,7135,beneficiary_not_allowed,6994,development
12ca89f0fd47307c08eb,5309,lost_or_stolen_phone,5211,development
12dc066ecaa0a433ee7b,8917,cash_withdrawal_not_recognised,8743,development
12e5c5e2ff1ab9e450b6,9882,country_support,9692,development
12eec9d8cf188f0255d8,1073,card_delivery_estimate,1058,development
12f0c0b0f0f93c96aacc,9094,top_up_by_card_charge,8919,development
12f14bb4337d7a808c89,4791,direct_debit_payment_not_recognised,4705,development
12f943a72346fb41a478,9935,country_support,9745,development
12ff5583876574d92d04,3109,card_acceptance,3055,development
12ff75c6b104541da337,8957,exchange_charge,8783,development
12ffc7fd0cfa392c9335,5090,declined_cash_withdrawal,4997,development
13042ee07fc603248e13,4637,direct_debit_payment_not_recognised,4553,development
130469c3d03cfda8709e,2784,transfer_not_received_by_recipient,2733,development
130a45943ea68fbe086c,6529,verify_source_of_funds,6401,development
130c375b20b14452444b,2629,card_payment_fee_charged,2565,development
13104885f6b6ed8fc739,90,card_arrival,90,development
13308a3be5ad9f3e8174,1371,exchange_via_app,1352,development
1331bf0952740826f945,5579,declined_transfer,5479,development
13361b541da6c95b8341,2122,cancel_transfer,2085,development
133bf4aabf9f8b88fc1f,269,card_linking,267,development
134a2dfbb7ee52efc5c8,1059,card_delivery_estimate,1046,development
134d721ca2c6cbd1a780,2162,cancel_transfer,2124,development
1350035a4bab6c4f3052,8819,cash_withdrawal_not_recognised,8645,development
135643c460f7c87ca1d4,9072,top_up_by_card_charge,8897,development
1361e4755fe301f908d9,3573,card_payment_not_recognised,3511,development
136a1c009d2ee8ea3781,7022,beneficiary_not_allowed,6882,development
136ae7d8305cd59a1d8f,5540,request_refund,5440,development
136da6cbb403dd9a67c6,831,pending_cash_withdrawal,820,development
138117f4a8b604cc1ceb,8715,balance_not_updated_after_bank_transfer,8541,development
13937c50c0d945ea4e6f,8697,balance_not_updated_after_bank_transfer,8523,development
13954e32b27fbed8ebda,6457,transaction_charged_twice,6334,development
13982f1c78f52d9fdb5a,3199,top_up_reverted,3141,development
13998ac7c2760a880842,63,card_arrival,63,development
139d71947958d1c79c95,3592,card_payment_not_recognised,3530,development
13a55d39e8a810960013,4951,declined_cash_withdrawal,4862,development
13ab2347a6c8e7f74422,7548,failed_transfer,7404,development
13b5ca413a158ebfde29,1011,card_delivery_estimate,999,development
13c6dd63eb00d45bb530,420,card_payment_wrong_exchange_rate,415,development
13c8c3057b69f548c0ac,5187,pending_card_payment,5092,development
13cb8f527ce1a51d15f7,7028,beneficiary_not_allowed,6888,development
13dc6dbedeebdd169407,3982,unable_to_verify_identity,3915,development
13dd8a2076cc93d2b0ff,3087,getting_virtual_card,3033,development
13e31d95f6b64319af91,6411,transaction_charged_twice,6292,development
13ea606e8963b7c8d5b2,6853,reverted_card_payment?,6717,development
13eab4d5f2050e6397b4,4216,visa_or_mastercard,4140,development
13eafb9ce359ee338ec5,6278,card_swallowed,6160,development
13ee72d198bf47143a9b,589,extra_charge_on_statement,583,development
13ef2ccdd22c1e021bd4,6841,reverted_card_payment?,6705,development
13f68edcc6872f214d28,6555,verify_source_of_funds,6427,development
140a206e099db8996010,5009,declined_cash_withdrawal,4919,development
14176d8ccacd7b367191,6415,transaction_charged_twice,6296,development
141d7cfc94ec873364a4,2160,cancel_transfer,2122,development
1424138e3ccb6e4fb133,3191,top_up_reverted,3134,development
1425e480b5cafc79c4a1,3556,card_payment_not_recognised,3494,development
142b4ec1effdf3085945,7899,getting_spare_card,7743,development
142baf09e2a415d81e69,4820,passcode_forgotten,4733,development
143769bfb800826b273e,4413,disposable_card_limits,4335,development
1444348936576cb012f2,2667,card_payment_fee_charged,2619,development
1448341ee5ea2a6d1b04,4160,visa_or_mastercard,4091,development
14483faaa8b39c2e009b,8199,virtual_card_not_working,8037,development
1448712db1c338a433be,1147,automatic_top_up,1132,development
144b035b97730929cfc3,8482,top_up_failed,8312,development
1453b43d4396bd0a04f6,9867,verify_my_identity,9678,development
1456d86b09233d51f94c,7771,verify_top_up,7619,development
145fc186350d4861b3a8,1872,top_up_by_bank_transfer_charge,1844,development
146aa46db2205c7cbd7d,5792,Refund_not_showing_up,5688,development
146d2c5ef666bf913320,5375,request_refund,5277,development
1491d5a1c2cb9dc0c0a2,9142,top_up_by_card_charge,8966,development
1492706d51f55ba1090c,6005,pending_transfer,5897,development
149326e9e4eed3823b7f,6301,card_swallowed,6183,development
1494756a13121b8993c7,2871,supported_cards_and_currencies,2820,development
149e2161acd55645c40e,3486,card_payment_not_recognised,3424,development
14a03899df2a091d00a5,4985,declined_cash_withdrawal,4895,development
14a359833ee214f978f0,4355,disposable_card_limits,4277,development
14a9136038aa33de0e9b,7583,transfer_into_account,7438,development
14b0ff5a8332afda9f30,2885,supported_cards_and_currencies,2834,development
14b18becf758a0190473,337,exchange_rate,335,development
14b1b47686ba6dcd1119,8006,top_up_by_cash_or_cheque,7849,development
14bfe930294004155fe4,8041,top_up_by_cash_or_cheque,7883,development
14d94ada3c6211997eb5,5168,pending_card_payment,5073,development
14eea3dfd02d27a414de,2903,supported_cards_and_currencies,2852,development
14f4d17d61de0a181abe,7202,transfer_fee_charged,7061,development
14fd6409d8a2300f4b2a,911,fiat_currency_support,899,development
151091a4ad85a1352298,1578,age_limit,1554,development
151768e2c75f6dfe6a57,2662,card_payment_fee_charged,2614,development
151857e11fbdfeaa9eb3,2017,pending_top_up,1955,development
152216fc14a9d87a424a,7655,transfer_into_account,7510,development
1529339c76259e368ce5,8805,cash_withdrawal_not_recognised,8631,development
152bd5229c90d25cdb93,3815,why_verify_identity,3749,development
153798e44fc133766c57,8541,top_up_failed,8368,development
1539b95f879ca7a0cebe,821,pending_cash_withdrawal,811,development
153b0d1d1b95c97fedc1,3766,edit_personal_details,3700,development
1540c612c73db3b5304d,3425,balance_not_updated_after_cheque_or_cash_deposit,3364,development
1546d4ca71499032c834,579,extra_charge_on_statement,573,development
15473349d42b6eeef2f4,8495,top_up_failed,8325,development
1547695c4b528db32f30,2660,card_payment_fee_charged,2612,development
154e2b530a89c41f1f0d,6081,pending_transfer,5968,development
15533ee3098185b4daed,3031,getting_virtual_card,2979,development
155576e480151c03abf8,9312,activate_my_card,9131,development
155c55fadd303bb13a0f,8111,order_physical_card,7953,development
15666d289483e07978dd,7166,transfer_fee_charged,7025,development
1568cb271fe4913eaf39,6613,transfer_timing,6483,development
15786dacafba33cd068a,9017,exchange_charge,8843,development
1578f883d13869b9e675,9577,card_about_to_expire,9394,development
158302e09b16a3c3d082,7160,beneficiary_not_allowed,7019,development
159d286e0205aab8050d,476,card_payment_wrong_exchange_rate,471,development
15a5e73d872f8eac77e3,5831,Refund_not_showing_up,5726,development
15afa0c299e9ce3f8832,5809,Refund_not_showing_up,5704,development
15c041bd985978907882,4617,atm_support,4533,development
15c7cd4f85a9c5931506,3475,balance_not_updated_after_cheque_or_cash_deposit,3413,development
15e95d1ab55a41d54b25,8540,top_up_failed,8367,development
15f1bf812424eaccf68a,8443,get_disposable_virtual_card,8277,development
15faed214cab31681773,9317,activate_my_card,9136,development
1600c5d633f6e1d11ac8,9273,activate_my_card,9094,development
16138060adf840a7dc0d,2437,wrong_amount_of_cash_received,2392,development
16149be45f6ae982986b,8240,wrong_exchange_rate_for_cash_withdrawal,8078,development
16170566094cf4ede0df,3945,unable_to_verify_identity,3879,development
162c281d74151e061bfe,8119,order_physical_card,7948,development
16317780360a1557bc47,3934,unable_to_verify_identity,3868,development
163a63078731e1dc3caf,7385,receiving_money,7241,development
163d06ac662557fce55f,531,card_payment_wrong_exchange_rate,525,development
163f0181ca9365fe651a,5785,Refund_not_showing_up,5681,development
16438611986fc8625f70,6032,pending_transfer,5924,development
1649e40de9b756ed4973,4406,disposable_card_limits,4328,development
164baba37abaf383cacb,6161,terminate_account,6045,development
165f674b5169ee4f19fb,5534,request_refund,5434,development
166163cad46438d3a3f7,6086,pending_transfer,5973,development
166617b17be30016ce64,3192,top_up_reverted,3135,development
16674d5bbde99f80b388,4910,passcode_forgotten,4822,development
1683447484a204c7e8c9,1364,exchange_via_app,1345,development
168574eefc25d5258814,9208,activate_my_card,9031,development
168789e2df1bf7e9b675,671,extra_charge_on_statement,663,development
16897ad1d06fbe08567f,7864,getting_spare_card,7708,development
169156e7c7b65489dfb2,6560,verify_source_of_funds,6432,development
1699233eec244762913e,7456,failed_transfer,7312,development
16a302fd4e459e44d971,790,pending_cash_withdrawal,780,development
16b527cb00d06f336a56,3582,card_payment_not_recognised,3520,development
16d02ecc27d18644405a,391,exchange_rate,386,development
16d0908000d33b8899ae,2676,card_payment_fee_charged,2628,development
16d2ce6033433a8304b5,6290,card_swallowed,6172,development
16e209800441ffbfa9a8,2772,transfer_not_received_by_recipient,2722,development
16e470cbf55929c93dc6,4924,declined_cash_withdrawal,4835,development
16e9c925ec76b6cd3cbc,6425,transaction_charged_twice,6304,development
16f5ccd3cad7ab77847e,1025,card_delivery_estimate,1013,development
16fedc07d8cfbfd707e8,5807,Refund_not_showing_up,5702,development
170b40597ba62432116b,5242,pending_card_payment,5145,development
172bb1514ba2a26736d4,2208,cancel_transfer,2169,development
1732d56f6e4bfbd67337,4737,direct_debit_payment_not_recognised,4652,development
173909f75af3a68752ba,535,card_payment_wrong_exchange_rate,529,development
173f711b13105ac60cd9,9182,activate_my_card,9006,development
1746a7a21e3dcc9fe638,6934,change_pin,6796,development
174c6094e1f702ce41b2,2080,cancel_transfer,2044,development
17555e192751c07c1303,2173,cancel_transfer,2135,development
175fec71852467222456,4608,atm_support,4524,development
17647eccbd1688ecca05,6213,terminate_account,6096,development
176cc8b78a5d80199125,8168,virtual_card_not_working,8007,development
176ea9c0711ae073d404,5260,lost_or_stolen_phone,5163,development
177396ca2feab1066816,5237,pending_card_payment,5140,development
177b8f0b13591f2fdec5,3551,card_payment_not_recognised,3489,development
177dad4ad29a76a30766,756,pending_cash_withdrawal,746,development
1788f4b19f534f32ee3c,9323,activate_my_card,9142,development
17976dd524271a45936d,4534,compromised_card,4452,development
17a6247699bb89e15999,14,card_arrival,14,development
17acaa14dfb1c753a559,2644,card_payment_fee_charged,2488,development
17b83d974bfe8a2ada76,4324,topping_up_by_card,4247,development
17bee338250c12415e6b,5974,declined_card_payment,5867,development
17c184a35d3e8ca228bf,7260,transfer_fee_charged,7119,development
17c232fd098204020cfd,6811,reverted_card_payment?,6676,development
17c6af49badc44dec507,8164,order_physical_card,8003,development
17c94900e3754cde74fd,1526,lost_or_stolen_card,1505,development
17dbcf4d9566f7f6cbba,2916,supported_cards_and_currencies,2865,development
17f38c33622ce294a0b1,7383,receiving_money,7239,development
17f7e0904d91325fb6ff,8101,order_physical_card,7943,development
1801600c797e95353672,8779,balance_not_updated_after_bank_transfer,8605,development
18077ae3769591596b97,5820,Refund_not_showing_up,5715,development
180cfe611ac47ce57fc9,4635,direct_debit_payment_not_recognised,4551,development
18186a4b9697beb9eec5,5739,Refund_not_showing_up,5636,development
183658d1a042a581c74b,5878,declined_card_payment,5773,development
18400cb7c4f220cf8b0c,4484,compromised_card,4402,development
1840169817dea0603a38,4552,atm_support,4470,development
184b30bde03a849c7fef,2310,top_up_limits,2265,development
1852fe7206522a5eb8fe,2000,pending_top_up,1971,development
1856d7998339f31c0017,6515,verify_source_of_funds,6392,development
185b866f60721b81b278,915,fiat_currency_support,903,development
18734bb3924b176836f3,6668,transfer_timing,6538,development
187e151de9d52b514c1c,5301,lost_or_stolen_phone,5203,development
1893dd879dd8ce32d5db,1850,top_up_by_bank_transfer_charge,1822,development
18951f23b14ebaecbe07,855,pending_cash_withdrawal,843,development
1895c262b90b15575424,8348,wrong_exchange_rate_for_cash_withdrawal,8183,development
1899c8f0ffa7004dbc46,8084,order_physical_card,7926,development
18a02bfaaf951c4aa5e5,7274,transfer_fee_charged,7133,development
18a6b7566c23974619a8,9402,cash_withdrawal_charge,9221,development
18adc843c566cf3576c7,5023,declined_cash_withdrawal,4933,development
18b7ab8ed701ac80512d,3098,card_acceptance,3044,development
18be9180b8dccad09bca,9824,verify_my_identity,9637,development
18bea2e3ef3b29054197,7008,beneficiary_not_allowed,6869,development
18c1bf46a5650450eb21,8212,wrong_exchange_rate_for_cash_withdrawal,8050,development
18c449063aaf15e9ed9c,3025,getting_virtual_card,2973,development
18caef21f69bc7ef0f96,7348,receiving_money,7204,development
18cf5d95267d74654d4a,4859,passcode_forgotten,4772,development
18d028e9d8c4ca73c9a3,1717,pin_blocked,1690,development
18d19df0e67615fa0467,782,pending_cash_withdrawal,772,development
18d2c98987d9ebb20449,3451,balance_not_updated_after_cheque_or_cash_deposit,3390,development
18d6462bdfed1701849f,7712,verify_top_up,7566,development
18dc89c1ab9eee5dc7f6,3239,top_up_reverted,3180,development
190142082ffd8e784f9e,8100,order_physical_card,7942,development
1907f37946c664e1ac88,2362,wrong_amount_of_cash_received,2317,development
190e22d10899be65f296,7075,beneficiary_not_allowed,6935,development
190fa9f0993d57de5aae,1904,top_up_by_bank_transfer_charge,1875,development
19137134dd94bc6e507e,9700,apple_pay_or_google_pay,9516,development
1914f3d6e3b23243d1d6,7509,failed_transfer,7365,development
192ec75a950997b733e6,7857,getting_spare_card,7701,development
192f6bc904f4f8527535,8618,balance_not_updated_after_bank_transfer,8445,development
193111ece7b281fa7609,8474,top_up_failed,8304,development
1938854142bebe344bab,3641,card_payment_not_recognised,3579,development
193bc024f0aa87377aaa,3412,balance_not_updated_after_cheque_or_cash_deposit,3351,development
19480ad7f01b5271078a,784,pending_cash_withdrawal,774,development
194c958b197a979d0736,7175,transfer_fee_charged,7034,development
194d4c84a5fd6d9d8726,6144,terminate_account,6028,development
1953dec07efe04a9a705,8486,top_up_failed,8316,development
195e6d404848eda2bd05,3429,balance_not_updated_after_cheque_or_cash_deposit,3368,development
196097cac0ec420fb9a5,5651,declined_transfer,5549,development
1973aae777622b6b85b3,3591,card_payment_not_recognised,3529,development
1974a0d093249acb22d4,7104,beneficiary_not_allowed,6964,development
19776d6e4d49a7aab961,6612,transfer_timing,6482,development
19834677664614a1b62e,3180,top_up_reverted,3123,development
198e884f30e7786416c5,651,extra_charge_on_statement,643,development
199c450dd08fd5fc8aba,8425,get_disposable_virtual_card,8259,development
199e6d066cc0a45e4e5b,4365,disposable_card_limits,4287,development
19a0625b6f57b43c35a6,9948,country_support,9758,development
19aadd06860da1157160,357,exchange_rate,354,development
19ab79e0201e76cc65ea,8994,exchange_charge,8820,development
19ad8cee36ff24f18b10,7654,transfer_into_account,7509,development
19b8f6ef36d0559dcb9a,8098,order_physical_card,7940,development
19bf0802984c4b16b3b4,9285,activate_my_card,9106,development
19d877a8e0ee370faa90,9077,top_up_by_card_charge,8902,development
19defc23319a2351e40e,4364,disposable_card_limits,4286,development
19e073d854959de7f0f5,7949,top_up_by_cash_or_cheque,7793,development
19ed73ecf23e7a9f332c,6456,transaction_charged_twice,6333,development
19f6e48cc70d804078c6,3644,card_payment_not_recognised,3582,development
19fab85909f21f1fbeb7,6376,transaction_charged_twice,6257,development
19fb6ec8a7415045ea97,8856,cash_withdrawal_not_recognised,8682,development
19fe0548646d70090c08,1327,card_not_working,1308,development
1a09b20db694e2fbdb62,142,card_arrival,141,development
1a0d8978310216ae9c79,6239,terminate_account,6121,development
1a1c700b4c919a826087,13,card_arrival,13,development
1a1f4d89814a0dc0a060,7895,getting_spare_card,7739,development
1a23a22ee4c4140cc00e,9844,verify_my_identity,9657,development
1a257de2e8da0a51c12e,5923,declined_card_payment,5817,development
1a30d2574e1b85f074eb,2862,transfer_not_received_by_recipient,2811,development
1a33327789d8d8478d16,5618,declined_transfer,5517,development
1a3b90def517e4f948b2,617,extra_charge_on_statement,610,development
1a4059fb431d20f85f39,6624,transfer_timing,6494,development
1a41e3d93b285cb151af,9771,verify_my_identity,9584,development
1a4e9f2298762f4c798f,5176,pending_card_payment,5081,development
1a56bb0f54343d98fe1e,1605,age_limit,1579,development
1a5eaeaf36ccdb84d2f2,9415,cash_withdrawal_charge,9233,development
1a5efda0e112262f2751,4062,get_physical_card,3995,development
1a64236861d70a553eee,203,card_linking,201,development
1a742af5e1ae65d828c0,8673,balance_not_updated_after_bank_transfer,8499,development
1a7d4b519be5f4285b54,5445,request_refund,5346,development
1a915504e80fe0cec965,5565,declined_transfer,5465,development
1a973c810214ee0cd6ef,8214,wrong_exchange_rate_for_cash_withdrawal,8052,development
1a9832b58bfc5f6d72cd,2709,transfer_not_received_by_recipient,2661,development
1aa6c3e29d749e4fd30e,1567,age_limit,1543,development
1aa867a505a09fd779f2,2365,wrong_amount_of_cash_received,2320,development
1aa9229fa96e8b3622c6,2009,pending_top_up,1955,development
1aab52902a3b11022c3b,235,card_linking,233,development
1aafcd2341eb4c938256,4115,visa_or_mastercard,4046,development
1ac0aec9ee2ddc9ee29d,735,extra_charge_on_statement,579,development
1ac4e40e4c8e831f301d,2247,top_up_limits,2208,development
1ac5f141de87b80e1bbd,1473,exchange_via_app,1453,development
1acf8ac11fbe464c2561,8867,cash_withdrawal_not_recognised,8693,development
1ae560de5003e5903ddd,3688,edit_personal_details,3626,development
1af41a2cc0ac83f31a8d,2937,supported_cards_and_currencies,2886,development
1af8f43320bb865ada11,6725,reverted_card_payment?,6591,development
1afefb5a628287e85f61,6801,reverted_card_payment?,6666,development
1b0124d538c5f757b620,6484,verify_source_of_funds,6361,development
1b20cd13ac30cf6088a5,9384,cash_withdrawal_charge,9203,development
1b2512ccb38388bd10dc,9296,activate_my_card,9116,development
1b28e71d0d492619ebf6,639,extra_charge_on_statement,631,development
1b334d1a9c9f523274ec,221,card_linking,219,development
1b45ea257236288ad87c,5405,request_refund,5307,development
1b4fa7663ff20b04e999,6282,card_swallowed,6164,development
1b556bd7f6556ad0e3e2,1797,contactless_not_working,1769,development
1b561ba48fc492f4821f,8349,wrong_exchange_rate_for_cash_withdrawal,8184,development
1b5eedcb06cced85ca28,8829,cash_withdrawal_not_recognised,8655,development
1b611141af31a445a58b,17,card_arrival,17,development
1b621d61ff552285606f,429,card_payment_wrong_exchange_rate,424,development
1b685a462529d65784ed,2447,wrong_amount_of_cash_received,2402,development
1b6f3527c29a1651c853,2241,top_up_limits,2202,development
1b73a0ce241e3139992b,7469,failed_transfer,7325,development
1b756411020fd79a39db,3953,unable_to_verify_identity,3887,development
1b75d65fa5cf4e3c821a,843,pending_cash_withdrawal,831,development
1b879880a61930f51e77,7782,verify_top_up,7628,development
1b93d59bdf10113f69e4,4761,direct_debit_payment_not_recognised,4675,development
1b9afba0cdb9ea3849ff,6169,terminate_account,6053,development
1b9ed2fbcb7ad5a5214d,2215,cancel_transfer,2176,development
1ba13d0e12385353807f,8973,exchange_charge,8799,development
1ba424a5ee5f6b46264d,3720,edit_personal_details,3657,development
1ba7e9a89bd5fdbfb9d6,4285,topping_up_by_card,4208,development
1bacd15df7f7d7c064e6,3764,edit_personal_details,3698,development
1baced51f3ae5e9565f9,2417,wrong_amount_of_cash_received,2372,development
1bbf1acde7eb3d2c4165,8074,order_physical_card,7916,development
1bc0b5f59e8066454ca8,2313,top_up_limits,2268,development
1be91bb7869beab38a36,6892,change_pin,6754,development
1bea9cc787d997f58cc0,3800,why_verify_identity,3734,development
1beab3e81c551d13b9f4,2742,transfer_not_received_by_recipient,2667,development
1bed18154d1c6688cf5a,6871,reverted_card_payment?,6734,development
1bf2ac126c2064f9c184,8220,wrong_exchange_rate_for_cash_withdrawal,8058,development
1bf55439f0a563332c85,187,card_linking,186,development
1c1208ea8e3b3aba9733,8962,exchange_charge,8788,development
1c126e85239801b35bb3,7109,beneficiary_not_allowed,6969,development
1c15c65deaf0e448923c,595,extra_charge_on_statement,589,development
1c19a8940f6da6b3383f,1044,card_delivery_estimate,1031,development
1c19cd485902103249e6,7683,verify_top_up,7538,development
1c1c5321c185aea76a48,8483,top_up_failed,8313,development
1c1e7d44879481b02784,2363,wrong_amount_of_cash_received,2318,development
1c209ce3b568eb0c6e4a,85,card_arrival,85,development
1c22a341029e8e8153d4,1399,exchange_via_app,1380,development
1c28816b4b9192102e81,7149,beneficiary_not_allowed,7008,development
1c3024fe61b54f8b777e,3724,edit_personal_details,3661,development
1c37f00bf11074d37594,3916,unable_to_verify_identity,3850,development
1c3cc963fce1691251b9,8725,balance_not_updated_after_bank_transfer,8551,development
1c4117c67222fc257994,4391,disposable_card_limits,4313,development
1c431731ed0b956b0b27,5915,declined_card_payment,5809,development
1c44d86f9fb23de527f9,464,card_payment_wrong_exchange_rate,459,development
1c5d46539d3b5ed52854,5591,declined_transfer,5491,development
1c60d8d2cd7e544d529d,9369,cash_withdrawal_charge,9188,development
1c69b3a982e0af4676ed,1571,age_limit,1547,development
1c6d2573bb075a675bb9,5138,pending_card_payment,5045,development
1c6d8351f20afd28fa96,8042,top_up_by_cash_or_cheque,7884,development
1c7977cbc2f667d7cc21,9618,card_about_to_expire,9435,development
1c82892b381f8f65c07d,2933,supported_cards_and_currencies,2882,development
1c84fe76bd6c6406f116,8588,top_up_failed,8415,development
1c86ab1a18b4574f857d,6882,reverted_card_payment?,6744,development
1c8dbdc910f29abf8ca9,9946,country_support,9756,development
1c9052dae7c7d67dd7fe,2851,transfer_not_received_by_recipient,2800,development
1c913f5b9b9f3e038d9b,6739,reverted_card_payment?,6605,development
1c949a49a0e767ac4c6e,3222,top_up_reverted,3163,development
1c96fe8542a382c73e5f,8405,get_disposable_virtual_card,8239,development
1c983b23a42773eeb688,8399,get_disposable_virtual_card,8233,development
1c9d75729fcffe135c76,7120,beneficiary_not_allowed,6979,development
1cb1fdd8e1205f9f2b24,1535,lost_or_stolen_card,1513,development
1cbbb0d7ac976bbf61f0,4895,passcode_forgotten,4807,development
1cc32ba016e98533ad6d,3643,card_payment_not_recognised,3581,development
1cd7c63a162efcaa7ea4,5393,request_refund,5295,development
1cdb6254c00fea7c680a,6296,card_swallowed,6178,development
1ce3c3a4323506e6bb13,477,card_payment_wrong_exchange_rate,472,development
1ceaaa2298a9b347f040,2221,cancel_transfer,2182,development
1cf5388a14027710c5ec,7953,top_up_by_cash_or_cheque,7797,development
1d086a9be267fc489788,7518,failed_transfer,7374,development
1d0bb683e940d8e58578,1855,top_up_by_bank_transfer_charge,1827,development
1d1cb645d546be38f377,1281,card_not_working,1263,development
1d21caf6d70fcf3d045b,5875,declined_card_payment,5770,development
1d2335fd68d357025af9,5132,pending_card_payment,5039,development
1d24865fc670c1cc9cd7,2794,transfer_not_received_by_recipient,2743,development
1d26030df39f70e37e0f,3489,card_payment_not_recognised,3427,development
1d275b9f70f1273d51b7,3172,top_up_reverted,3115,development
1d2bd6a92b103a9f4b7b,5225,pending_card_payment,5129,development
1d2f9178af869f69cf39,1400,exchange_via_app,1381,development
1d3581056ce400cfa726,859,pending_cash_withdrawal,847,development
1d3864ca6d3b4fdadf19,6347,transaction_charged_twice,6229,development
1d4304ee9c665dec99f4,6325,transaction_charged_twice,6207,development
1d46d2777d17ea5886a7,2568,card_payment_fee_charged,2522,development
1d4e1e08189a9053de77,6954,change_pin,6816,development
1d50019b131e35f63448,7331,transfer_fee_charged,7187,development
1d51987d824174201649,2355,wrong_amount_of_cash_received,2310,development
1d5607a0109b4957ee51,5175,pending_card_payment,5080,development
1d571ff16ba3cbb8d96c,3911,unable_to_verify_identity,3845,development
1d5bb0d26e08c0e34237,3529,card_payment_not_recognised,3467,development
1d6502e83cbce03f73a9,7812,getting_spare_card,7656,development
1d6ae1e6c6fc84f7a1bb,9652,apple_pay_or_google_pay,9469,development
1d7a3ead46d674b65e10,6174,terminate_account,6058,development
1d7e61d3f9e2aa99e255,5404,request_refund,5306,development
1d7f387dcdc9dc9919e1,4918,passcode_forgotten,4829,development
1d8a9296912ae0906510,6461,transaction_charged_twice,6338,development
1d940606902cbca23d50,2228,cancel_transfer,2189,development
1d9e3c90fca9c36e1273,5036,declined_cash_withdrawal,4945,development
1d9e73293fccb1e3ea36,9534,card_about_to_expire,9352,development
1da0a81418304b6a250b,293,exchange_rate,291,development
1da6404834946384f662,6423,transaction_charged_twice,6302,development
1da8fbbdec466849af0b,7632,transfer_into_account,7487,development
1da989593da08d222fcc,3611,card_payment_not_recognised,3549,development
1db16ec89d590892fad0,6720,transfer_timing,6586,development
1dbf763ebe56dc116b52,6177,terminate_account,6061,development
1dc10969d0fcdcf5d3d5,2401,wrong_amount_of_cash_received,2356,development
1dcde68186468bf29d40,8851,cash_withdrawal_not_recognised,8677,development
1dd18a3c485f03a06982,7373,receiving_money,7229,development
1dd2d3874c95f9017c3c,2231,cancel_transfer,2192,development
1df211c51bb7dab30b7e,8677,balance_not_updated_after_bank_transfer,8503,development
1df2be9b470971e1920e,2899,supported_cards_and_currencies,2848,development
1df697e0816db6a25c08,450,card_payment_wrong_exchange_rate,445,development
1dfddfcfaac654ed4088,8385,get_disposable_virtual_card,8220,development
1e0e9a8b2cd7db588417,551,card_payment_wrong_exchange_rate,545,development
1e1019e9f851d3f1b19e,8691,balance_not_updated_after_bank_transfer,8517,development
1e170b8ea4a26117b17a,227,card_linking,225,development
1e1c6827e68fb7706928,9665,apple_pay_or_google_pay,9482,development
1e1e38ea9ed93b20fd09,2966,supported_cards_and_currencies,2915,development
1e1f39fd3b301b801904,6952,change_pin,6814,development
1e24c7ea5e986d2d1f73,5887,declined_card_payment,5782,development
1e28d26b79ba0423797e,3011,getting_virtual_card,2959,development
1e2ee6a310602584a98e,7978,top_up_by_cash_or_cheque,7821,development
1e47b28370b27e2826dd,9714,apple_pay_or_google_pay,9529,development
1e571b970fdeb10ce43a,9854,verify_my_identity,9666,development
1e66a0d28d53e568f00a,4453,disposable_card_limits,4372,development
1e6e63ad536d37baaf10,9224,activate_my_card,9047,development
1e6ee140acf2dffb1419,776,pending_cash_withdrawal,766,development
1e71d0e72816112cf1bf,9457,cash_withdrawal_charge,9275,development
1e79cfdd7e418ae2221f,4868,passcode_forgotten,4781,development
1e7dd6a1a83583a18bf0,3817,why_verify_identity,3751,development
1e86fbb690de1252fd8e,1200,automatic_top_up,1184,development
1e8a7d46311c472293dc,4818,passcode_forgotten,4731,development
1e976cbb4cb3fd653c26,424,card_payment_wrong_exchange_rate,419,development
1ea3407911cb0edeea57,4039,get_physical_card,3972,development
1eada97539f8cab78766,2492,wrong_amount_of_cash_received,2447,development
1eb68d0396acbe65683d,8857,cash_withdrawal_not_recognised,8683,development
1ec36456d15e41826ca5,176,card_linking,175,development
1ec585516976d1d6e06d,8200,virtual_card_not_working,8038,development
1ed35e6784326c3f319c,6304,card_swallowed,6186,development
1eedcdd19e4a28c32d4a,1897,top_up_by_bank_transfer_charge,1869,development
1efff3ffd2ce84ffe659,5635,declined_transfer,5533,development
1f10ee369c71f026d737,2272,top_up_limits,2232,development
1f171f3659f2a5641d26,4601,atm_support,4517,development
1f1a6f04980f5dc2efa6,675,extra_charge_on_statement,667,development
1f1ec58198bd4023e21d,1633,age_limit,1606,development
1f2388dad3623c58c22c,6813,reverted_card_payment?,6678,development
1f2946e8d79a01cc060d,5814,Refund_not_showing_up,5709,development
1f30ec10571df4a26781,2298,top_up_limits,2255,development
1f3b152c04ded594a502,7681,verify_top_up,7536,development
1f55a215687122655510,104,card_arrival,104,development
1f602955a03360f326af,3,card_arrival,3,development
1f6fb546f2abf9ec7180,9418,cash_withdrawal_charge,9236,development
1f707c1f9a978e3897cc,774,pending_cash_withdrawal,764,development
1f71832378761efe2cb7,4048,get_physical_card,3981,development
1f726f0517e892c90604,7855,getting_spare_card,7699,development
1f822ff1012cc3a9c72f,5057,declined_cash_withdrawal,4966,development
1f8f9dc73d2a6fce7d5a,7359,receiving_money,7215,development
1f90470dbbc717582d5b,9938,country_support,9748,development
1f99c780842a6c816dd2,8330,wrong_exchange_rate_for_cash_withdrawal,8165,development
1fa94fcf0fe716d10331,1763,pin_blocked,1735,development
1fb8bb0c25bbacafa1c0,8935,cash_withdrawal_not_recognised,8761,development
1fce0cf850186e8e1746,9602,card_about_to_expire,9419,development
1fd0af39e32db1a2daaf,7048,beneficiary_not_allowed,6908,development
1fd2a78bb32ef62ec2bb,6131,pending_transfer,6016,development
1fd5c41169f278af7684,3392,balance_not_updated_after_cheque_or_cash_deposit,3331,development
1fe0ebfc76fc23a5520b,5017,declined_cash_withdrawal,4927,development
1fe15fa1daff4c499eb6,7641,transfer_into_account,7496,development
1ff2034a044bd5f1afb5,7520,failed_transfer,7376,development
1ff258ebfd879e113fc3,5569,declined_transfer,5469,development
1ff8c75affcad24171b3,7079,beneficiary_not_allowed,6939,development
200c9e161c8f55dde52f,9101,top_up_by_card_charge,8926,development
2016337c996231292caf,1236,automatic_top_up,1218,development
2016b92079de60c538c9,3110,card_acceptance,3056,development
2023b7ed441743550525,2887,supported_cards_and_currencies,2836,development
202424a449d3ad039475,4625,atm_support,4541,development
2028fc630b92699a0ff1,9915,country_support,9725,development
2030bbda152546208b79,9600,card_about_to_expire,9417,development
20313fe00e62d658a555,3515,card_payment_not_recognised,3453,development
2040ac1b2531e69b71e5,5461,request_refund,5362,development
204937f9d898f57ff775,2245,top_up_limits,2206,development
204aac6c28d0c7069155,9944,country_support,9754,development
204b43996dae33a69a44,2029,pending_top_up,1995,development
204c0dfc15b169cc9aad,5186,pending_card_payment,5091,development
20525de2cf2489723037,6098,pending_transfer,5984,development
205bf80252fb180beeb1,4104,visa_or_mastercard,4036,development
205e2178d41c1b822db5,1734,pin_blocked,1706,development
2061c5a220d0bfcf47d0,6159,terminate_account,6043,development
206bb24960a04fe959f5,4673,direct_debit_payment_not_recognised,4589,development
20718e3fc10e20fff8d2,694,extra_charge_on_statement,686,development
2072327f8993c506e155,8182,virtual_card_not_working,8020,development
208de53e5cace8c84ac6,940,fiat_currency_support,928,development
209c4738e1d453a81b8f,6116,pending_transfer,6002,development
209d052d67bbb27e1c1c,6557,verify_source_of_funds,6429,development
20a113f47b011dbb2d13,89,card_arrival,89,development
20a5f994f155aa550fc0,7846,getting_spare_card,7690,development
20b8987d007551b9e6b1,9485,cash_withdrawal_charge,9303,development
20c17b9f69b798f1f063,5708,Refund_not_showing_up,5605,development
20c5146993ff4283c8d4,8521,top_up_failed,8350,development
20d4600eed707becb5f0,5971,declined_card_payment,5864,development
20d68794e4360798357c,1342,card_not_working,1323,development
20d7edd65b36eb1bd7a0,6523,verify_source_of_funds,6398,development
20e9c3090d8b704ac56f,8195,virtual_card_not_working,8033,development
20ea332f1b99fa9cb433,2555,card_payment_fee_charged,2510,development
20eaef0ab19912a34605,3559,card_payment_not_recognised,3497,development
20f4be86c82eeb2b832c,8656,balance_not_updated_after_bank_transfer,8483,development
2101347a81e2eef82c2d,5398,request_refund,5300,development
21049154e05a47fd6604,7345,receiving_money,7201,development
2107e3cc52d1d148ed8f,6538,verify_source_of_funds,6411,development
210ab47ef7591dad9d75,7142,beneficiary_not_allowed,7001,development
2110a1f9443bb07f0d65,8811,cash_withdrawal_not_recognised,8637,development
2110fffbe218e49b24ea,4793,direct_debit_payment_not_recognised,4707,development
215c1173ac502567b448,3793,why_verify_identity,3727,development
2165414f3c28ec3cd3c6,6909,change_pin,6771,development
216588663bd26f1d1703,1639,age_limit,1612,development
2174f2d909f39c9a92f7,7976,top_up_by_cash_or_cheque,7819,development
2179ccad14fc454d6230,8771,balance_not_updated_after_bank_transfer,8597,development
2179e6477581090d86c3,1818,top_up_by_bank_transfer_charge,1790,development
217cee1c6319131b569b,8646,balance_not_updated_after_bank_transfer,8473,development
2185833f07a3468196c4,5504,request_refund,5404,development
218fc0f071b4fb651d29,9580,card_about_to_expire,9397,development
219bbf300bb32db649a9,3234,top_up_reverted,3175,development
21a2be3f10df0bf0574d,2450,wrong_amount_of_cash_received,2405,development
21b6d11c53aad721a9aa,9135,top_up_by_card_charge,8960,development
21caabca61de190dcf29,9473,cash_withdrawal_charge,9291,development
21d3c9755af7a69ae2ff,2934,supported_cards_and_currencies,2883,development
21d7ddc1f0e5f419ac23,9222,activate_my_card,9045,development
21de4852c65f39261e75,5738,Refund_not_showing_up,5635,development
21e25973a3da89cf68bc,5904,declined_card_payment,5798,development
21efcc8a3417e96035a7,2953,supported_cards_and_currencies,2902,development
21fae2dd3e11f5e1efba,6601,transfer_timing,6471,development
21fb9b58fc266eb3d4c0,6659,transfer_timing,6529,development
21fbab21ec638008e923,9145,top_up_by_card_charge,8969,development
21fc297a320b451168d8,582,extra_charge_on_statement,576,development
21fde00e8d1fbfe240d2,1042,card_delivery_estimate,1025,development
220051257f3f75320b19,2444,wrong_amount_of_cash_received,2399,development
220143fe0f44928fd3e6,9614,card_about_to_expire,9431,development
22057dae17408977b589,8189,virtual_card_not_working,8027,development
22067505eb7a526e8fca,2695,card_payment_fee_charged,2647,development
220781dd6c9ea32ce403,8206,virtual_card_not_working,8044,development
22084e81693a640097aa,1595,age_limit,1570,development
220c8be005a476611239,8778,balance_not_updated_after_bank_transfer,8604,development
220cc4364f4dca0bbdd8,5387,request_refund,5289,development
220db0a89af4bb801adf,4876,passcode_forgotten,4788,development
222bcfde3068f0cb81a1,6788,reverted_card_payment?,6653,development
2239ae193839b0b5f393,1138,automatic_top_up,1123,development
223a26cefb3a975acc97,7355,receiving_money,7211,development
2244cb1d5e2081271023,9515,card_about_to_expire,9333,development
2251b3b07fdbe4d33e70,8087,order_physical_card,7929,development
22596a9d00878af4496a,1750,pin_blocked,1722,development
2261aa362d367934dc3f,169,card_linking,168,development
22694a57d4bcf7ea0244,8301,wrong_exchange_rate_for_cash_withdrawal,8138,development
228825e2ac6bf7cbb7db,9883,country_support,9693,development
2299480d23beb0b5d597,6018,pending_transfer,5910,development
22a51a6763c6cf260963,1545,lost_or_stolen_card,1521,development
22bc60df997cee7cecab,7136,beneficiary_not_allowed,6995,development
22d99aacfd6769a7b43a,8963,exchange_charge,8789,development
22dfe12f9afdc13a28b0,9850,verify_my_identity,9663,development
22ecde48a7b83f32c6f0,7775,verify_top_up,7622,development
22ef97acdbfa44034560,1859,top_up_by_bank_transfer_charge,1831,development
22f50b04f4bcb24db100,5549,declined_transfer,5449,development
22f729441cf68ffe8f94,9490,cash_withdrawal_charge,9308,development
22fca4f3501e6e9dd448,2731,transfer_not_received_by_recipient,2683,development
2300c6c0fa2d3bfb6dc7,7078,beneficiary_not_allowed,6938,development
230e5fe8bd59a9cb3ce1,2083,cancel_transfer,2046,development
23143cb74ce11847d4f7,6192,terminate_account,6076,development
231455922d662f157fbc,4708,direct_debit_payment_not_recognised,4624,development
231d81d5ab7fdb6a4911,9421,cash_withdrawal_charge,9239,development
232541e9b2998e76d59c,9876,country_support,9686,development
2338369a2ba2e222e8d8,1084,card_delivery_estimate,1069,development
233b659c8d3f243aa06e,1094,card_delivery_estimate,1079,development
2343cb91ab2b3749a309,2654,card_payment_fee_charged,2606,development
2355a405fe923d411daa,8197,virtual_card_not_working,8035,development
2359735b1ee51af36032,3728,edit_personal_details,3665,development
235a2b51e233dff5abd4,8884,cash_withdrawal_not_recognised,8710,development
23710b22219499c0db31,7388,receiving_money,7244,development
2379f7f51cb14c9dc5ef,7607,transfer_into_account,7462,development
237fe6fb22df84b82423,5746,Refund_not_showing_up,5643,development
238562d3281df0cdb6dc,28,card_arrival,28,development
239e5925ffd0f24d2df6,2842,transfer_not_received_by_recipient,2791,development
239e90d852b1be18dbc2,316,exchange_rate,314,development
23ac0262b428e9e81ddb,1249,card_not_working,1231,development
23af9019d38672cbb444,5460,request_refund,5361,development
23b829c81e21d5ac925c,8415,get_disposable_virtual_card,8249,development
23bebc1cb9cb9998c01b,7879,getting_spare_card,7723,development
23c1d549adb0a2cf6ae8,146,card_arrival,145,development
23c376a4ac0c9838ec01,2198,cancel_transfer,2159,development
23cca9d1e0e05dffb04d,6881,reverted_card_payment?,6702,development
23daa996da3a5cfb9c81,7958,top_up_by_cash_or_cheque,7802,development
23daaa642d3341877e09,1040,card_delivery_estimate,1028,development
23e0bb66ae1cd40454dc,810,pending_cash_withdrawal,800,development
23e2b35e9cef58ef25ad,2942,supported_cards_and_currencies,2891,development
23f98547299390d7e85d,6274,card_swallowed,6156,development
23fb3fe7113ab2f92c1d,4559,atm_support,4477,development
2409693ff6d712af4219,2358,wrong_amount_of_cash_received,2313,development
241a0db71e16f199f3cb,3249,top_up_reverted,3190,development
241ad855a8036819e89f,2860,transfer_not_received_by_recipient,2809,development
241ffd86c7a45ec40354,8629,balance_not_updated_after_bank_transfer,8456,development
242b5cbb9932e91545e0,6727,reverted_card_payment?,6593,development
242c2fc00b3ffdb75b97,6022,pending_transfer,5914,development
242f1a9ccab8e459e315,8289,wrong_exchange_rate_for_cash_withdrawal,8126,development
24301ccef3aab3d2c569,8872,cash_withdrawal_not_recognised,8698,development
243561a3e1e8d475a764,3357,balance_not_updated_after_cheque_or_cash_deposit,3296,development
243c388f7ec9fb114637,3878,why_verify_identity,3812,development
24425ab3f04c944c59ca,9100,top_up_by_card_charge,8925,development
2445800ef98408ab59e2,1708,pin_blocked,1681,development
244e2aec99825257a697,5900,declined_card_payment,5733,development
244f79c95e6d8a22d71c,7023,beneficiary_not_allowed,6883,development
2451544db3996a4064fa,2564,card_payment_fee_charged,2518,development
2461a8e40b8d0acd6cc2,1466,exchange_via_app,1446,development
24625fd7677db7a838ab,9886,country_support,9696,development
2469e0d34053653c0570,4753,direct_debit_payment_not_recognised,4667,development
246df4eafc980227663d,5071,declined_cash_withdrawal,4927,development
247225fc62742864ebd9,273,card_linking,271,development
247b83e0d395d1d25fa1,4643,direct_debit_payment_not_recognised,4559,development
2482ae961a8cbd5f6baf,8850,cash_withdrawal_not_recognised,8676,development
2487e1cdcfae378f1eeb,1215,automatic_top_up,1198,development
2488213e8ff7243b1967,5251,lost_or_stolen_phone,5154,development
2495164be9abed7184fd,1093,card_delivery_estimate,1078,development
249d4db1275f72912781,6759,reverted_card_payment?,6624,development
249f695e433d7e29af56,5578,declined_transfer,5478,development
24a28ea79e6cd9d05bc8,6319,transaction_charged_twice,6201,development
24a2b4117de22612f37e,8186,virtual_card_not_working,8024,development
24afb799cce8127bdacd,8230,wrong_exchange_rate_for_cash_withdrawal,8068,development
24b25b597d6322cae4fb,26,card_arrival,26,development
24b4a1f5b4bc9eb664c3,669,extra_charge_on_statement,661,development
24be3947f30bfbc5caaa,5646,declined_transfer,5544,development
24c2b3aac7f6333bfb1c,1105,card_delivery_estimate,1090,development
24c525ca75392af66cce,3189,top_up_reverted,3132,development
24c5762ab4946edb6a13,5443,request_refund,5344,development
24c6a01fdef5c4c1230e,6204,terminate_account,6088,development
24c86199906940ae92bc,7756,verify_top_up,7570,development
24cc9591255c37d67e59,5751,Refund_not_showing_up,5648,development
24d165597b4aaa2042e6,4272,topping_up_by_card,4195,development
24d46e441e455fe482e2,2039,pending_top_up,2004,development
24dffac0ae85ddc1318e,134,card_arrival,133,development
24e6b04800f6652cb3db,6634,transfer_timing,6504,development
24f780aeb1167d1ad16f,3138,card_acceptance,3084,development
250961e214c23315b63e,6961,change_pin,6823,development
2521865f4da5165eb1e9,3217,top_up_reverted,3158,development
2527aa2864df88a79034,854,pending_cash_withdrawal,842,development
25329341cef96ad26dfe,3539,card_payment_not_recognised,3477,development
253ff71941c0bfdaf6c4,3368,balance_not_updated_after_cheque_or_cash_deposit,3307,development
2545fb94d8ae7c652910,2883,supported_cards_and_currencies,2832,development
254b6cf58d16ec8faaf6,2234,top_up_limits,2195,development
254ef5a9f6b53c4af22a,406,card_payment_wrong_exchange_rate,401,development
2550c09ab5e474df6442,9677,apple_pay_or_google_pay,9494,development
2559d1d4d75dc7ae05c4,3247,top_up_reverted,3188,development
2561201b0592ca26abaa,417,card_payment_wrong_exchange_rate,412,development
256918df6e759737bb63,4091,get_physical_card,4024,development
256a2fc4e0f1be3fae6b,3675,edit_personal_details,3613,development
256aced83af58989401f,1430,exchange_via_app,1411,development
25741a11e56116cb1669,3628,card_payment_not_recognised,3566,development
257bda4e6d0cac6fe03a,921,fiat_currency_support,909,development
257eeec759ca8b52f79a,6074,pending_transfer,5962,development
258a1dc96ff7bc90bcd5,9545,card_about_to_expire,9363,development
258f7e145211a82ab041,7974,top_up_by_cash_or_cheque,7817,development
2590991854253a3044be,3806,why_verify_identity,3740,development
25b627c00074df48d686,7323,transfer_fee_charged,7179,development
25c425cc72562b5b4e89,7802,verify_top_up,7647,development
25c9850595e0d3dc6d2c,4787,direct_debit_payment_not_recognised,4701,development
25dfd23c492491e7aafd,8676,balance_not_updated_after_bank_transfer,8502,development
25e9278f0b2a1dce05c5,3574,card_payment_not_recognised,3512,development
25f955b135d8973fd0e1,4992,declined_cash_withdrawal,4902,development
25fdc534fbf3237a284c,8631,balance_not_updated_after_bank_transfer,8458,development
26104d163c1324e0c529,1259,card_not_working,1241,development
261a0a2b70a44de2bd7a,3639,card_payment_not_recognised,3577,development
261d0016aa95dc084098,6394,transaction_charged_twice,6275,development
2621e1fb5dacaadf9f30,5905,declined_card_payment,5799,development
26370fad45d7031cb76b,5236,pending_card_payment,5139,development
263cdfc6daa4cc4ba478,5115,pending_card_payment,5022,development
264bc2222d04394e1c76,8627,balance_not_updated_after_bank_transfer,8454,development
2652f0709a7b46e7d680,1946,pending_top_up,1917,development
265cbee97f8ec360e17c,2259,top_up_limits,2219,development
26613a7ccc7a81ccbf7a,6393,transaction_charged_twice,6274,development
266a8a1f4854724f39f1,4408,disposable_card_limits,4330,development
2672295efd737f9ac795,5351,lost_or_stolen_phone,5253,development
2672b45a14c8848999f7,9955,country_support,9765,development
267a658d52974aee3560,9607,card_about_to_expire,9424,development
267d1b72b7ea617b758c,7730,verify_top_up,7584,development
26814fed146525643d0a,4538,compromised_card,4456,development
2681eaa4f78262a98e8f,4182,visa_or_mastercard,4110,development
26837f5915cfd46420d1,7800,verify_top_up,7645,development
26913aaf3ffd0856310e,8081,order_physical_card,7923,development
269604adf9686e1217e4,9560,card_about_to_expire,9378,development
26995bd4640c89391e34,5436,request_refund,5337,development
26a01897bac3b01eb889,7789,verify_top_up,7635,development
26a38dd5efca8600e4c9,6200,terminate_account,6084,development
26a91fe49a5e2d2bad83,3838,why_verify_identity,3772,development
26b2d158feaed2d36a26,5360,lost_or_stolen_phone,5262,development
26baaf30ab28ccbd3281,3038,getting_virtual_card,2986,development
26bcf479c3cfdc3f1c16,1212,automatic_top_up,1195,development
26be896cebd7876b609c,3829,why_verify_identity,3763,development
26c35d014599a7871317,4871,passcode_forgotten,4784,development
26d0b69d89f61afca028,7088,beneficiary_not_allowed,6948,development
26d946de6dc1c6b1cd1e,9943,country_support,9753,development
26d9610b4ae57f57e6fe,1550,lost_or_stolen_card,1526,development
26e2ddfef31daa049732,2792,transfer_not_received_by_recipient,2741,development
26e38665de9a206fb521,4170,visa_or_mastercard,4100,development
26e51de928af93f231a2,9232,activate_my_card,9055,development
26f7986503e278ffc812,1978,pending_top_up,1949,development
26f9c1e4eab26d3ac4f6,7685,verify_top_up,7540,development
27029efcedf977a3af9a,5756,Refund_not_showing_up,5653,development
2710dc1dbce9b5bd1fa6,2243,top_up_limits,2204,development
2712abd8794ae2c11357,5747,Refund_not_showing_up,5644,development
271552a905475e69f3e3,1285,card_not_working,1267,development
2723b49dd6daeccdad83,8782,balance_not_updated_after_bank_transfer,8608,development
273327d8df05809600b4,7535,failed_transfer,7391,development
27344c6a2d4015c318b5,5663,declined_transfer,5561,development
2735123fed95ad8ae05a,7411,receiving_money,7267,development
2735766c23ed4409133a,4766,direct_debit_payment_not_recognised,4680,development
27368420e419fe9cc84f,3541,card_payment_not_recognised,3479,development
27385cf3c46c4b9e0e57,4301,topping_up_by_card,4224,development
2742d13614ea87ac2b01,3424,balance_not_updated_after_cheque_or_cash_deposit,3363,development
2745ae6912c8fae8c21a,9655,apple_pay_or_google_pay,9472,development
2749259797d6b3ebc2f5,1624,age_limit,1597,development
27514501c3577baa9f21,2884,supported_cards_and_currencies,2833,development
275148b2923d8e4ff0e5,9564,card_about_to_expire,9381,development
277902d431cc7e503aaf,4015,get_physical_card,3948,development
277951a45020fad8521d,2857,transfer_not_received_by_recipient,2806,development
2783354e9cb17ed0f9a6,818,pending_cash_withdrawal,808,development
2787cc9a71af819b48a9,3961,unable_to_verify_identity,3895,development
278d061af50cc7e45def,2239,top_up_limits,2200,development
278fadcbb83b73bb937f,5984,declined_card_payment,5877,development
27a97237740a62762ece,4593,atm_support,4510,development
27e0f1b1f83e6f39da02,4227,visa_or_mastercard,4150,development
27f20d46eda5e2295d13,4248,topping_up_by_card,4171,development
27fabaff560431240b8b,8732,balance_not_updated_after_bank_transfer,8558,development
28036b13a23047f539d1,5159,pending_card_payment,5065,development
280984df4eeb70359df1,5278,lost_or_stolen_phone,5180,development
280a737e4d762345807e,2137,cancel_transfer,2100,development
280f6421fde86e9e49ec,8288,wrong_exchange_rate_for_cash_withdrawal,8125,development
2817992bd34588b3bd31,7422,receiving_money,7278,development
2817ba2461ec85f445c3,8579,top_up_failed,8406,development
281c9b7cb111d2a2e8e9,2530,card_payment_fee_charged,2485,development
281da0dcc4a711240d0d,9673,apple_pay_or_google_pay,9490,development
281fdbb49f5ec3135e6f,285,card_linking,283,development
282223a51df7929921e4,9889,country_support,9699,development
282cc1d3cb20c869b957,3668,edit_personal_details,3606,development
283ade9b9968f9581840,8997,exchange_charge,8823,development
283f2bfad7cd1d3744c5,313,exchange_rate,311,development
283feac75fd858a93887,9216,activate_my_card,9039,development
284d6e941270b7284493,5613,declined_transfer,5512,development
285144a3f371b8dd0fb0,7874,getting_spare_card,7718,development
285cfae889098fbd3ea8,1726,pin_blocked,1698,development
2860b3a76bcc9fd71aa6,7885,getting_spare_card,7729,development
286a96a823720a2d3322,1242,automatic_top_up,1224,development
287bb49d7a7b7fc93060,8905,cash_withdrawal_not_recognised,8731,development
288d634e19bf33439e99,9189,activate_my_card,9013,development
289481c04d7fe644bbab,3607,card_payment_not_recognised,3545,development
289f3abaeedfdf5c3d36,769,pending_cash_withdrawal,759,development
28a7b1ee5725da2e55eb,200,card_linking,198,development
28a8e25bce24a5996c15,3662,edit_personal_details,3600,development
28b30b8f73424ecd85f4,1771,pin_blocked,1743,development
28bb151090e057b7d55e,8802,cash_withdrawal_not_recognised,8628,development
28bf78949491dad1d672,9044,exchange_charge,8870,development
28d1d5d8cfbb523d6ed7,2218,cancel_transfer,2179,development
28db9abc9eccb1e9df3e,6450,transaction_charged_twice,6328,development
28e1fc4fbea65b856d57,5008,declined_cash_withdrawal,4918,development
28eb4a80c55ff4603550,253,card_linking,251,development
28f32e873ca2d948f259,7153,beneficiary_not_allowed,7012,development
28fc134c2b66852a1b21,225,card_linking,223,development
2901571faad6840860e5,8032,top_up_by_cash_or_cheque,7875,development
290ecf5cc4ed737ee042,6673,transfer_timing,6543,development
291788f1926406897068,9927,country_support,9737,development
291a4fd2eb775186136e,2372,wrong_amount_of_cash_received,2327,development
291e2643b5a5a76fb0e0,2918,supported_cards_and_currencies,2867,development
291ebffc60d1acdd5a14,6024,pending_transfer,5916,development
2923f6d420d4095fbcfa,5917,declined_card_payment,5811,development
29264609edf625c94bbe,4971,declined_cash_withdrawal,4881,development
292e84323e8a7e39ca77,1651,age_limit,1624,development
292eb13d571ad0494560,3937,unable_to_verify_identity,3871,development
292f89f47095ebdaf48a,2279,top_up_limits,2237,development
29390d79e76c5709facb,2729,transfer_not_received_by_recipient,2681,development
2945e99b95aa279685cb,6644,transfer_timing,6514,development
29493250ea1316ddfb43,9649,apple_pay_or_google_pay,9466,development
294a23fb264012ab27f6,1925,top_up_by_bank_transfer_charge,1896,development
29579d3ac2da94b77f94,4205,visa_or_mastercard,4132,development
2957d2af76847064c499,8593,top_up_failed,8420,development
2963e133650ce2f11495,5673,declined_transfer,5570,development
297d4439d4600f012c33,6543,verify_source_of_funds,6415,development
297db993b7952fdaf105,3617,card_payment_not_recognised,3555,development
29891728398772536fff,2301,top_up_limits,2258,development
29993ee34f09190240ee,1670,pin_blocked,1643,development
29a756bd080434b68f61,6536,verify_source_of_funds,6410,development
29af58c6b4cbfa552a79,196,card_linking,195,development
29b03e7a9abb376022bd,4232,visa_or_mastercard,4155,development
29bc3ad6be0abbbff2c6,4110,visa_or_mastercard,4041,development
29c11a907faca9398fc2,8463,get_disposable_virtual_card,8296,development
29c2f50e91ddd2fa41cc,5427,request_refund,5328,development
29c818821d04147a0c94,460,card_payment_wrong_exchange_rate,455,development
29cf359b281dd961cac0,4619,atm_support,4535,development
29d39f66bfffde9616a6,6829,reverted_card_payment?,6693,development
29db0ff088bcf36d4ed6,2681,card_payment_fee_charged,2633,development
29e9423fddf3907f45af,4201,visa_or_mastercard,4129,development
29f2f161a66de36c1090,5689,Refund_not_showing_up,5586,development
29f83ee1934af54ac16d,1827,top_up_by_bank_transfer_charge,1799,development
2a0346d8fdb9e70e37a2,3980,unable_to_verify_identity,3913,development
2a0618e565d70dcb5b6b,298,exchange_rate,296,development
2a275e35197a0ff71af4,3195,top_up_reverted,3137,development
2a3ac86ddace8ea028e9,9470,cash_withdrawal_charge,9288,development
2a3c2e9ec0139a2587c2,1835,top_up_by_bank_transfer_charge,1807,development
2a3ed3e32bdbcd64da9e,296,exchange_rate,294,development
2a3ee934242033412b0d,6773,reverted_card_payment?,6638,development
2a41aa02fdc92397f0d7,511,card_payment_wrong_exchange_rate,506,development
2a458e72f2731aad03b9,4156,visa_or_mastercard,4087,development
2a4867d3710edec2dd05,7838,getting_spare_card,7682,development
2a509deb23db358cad64,2424,wrong_amount_of_cash_received,2379,development
2a637d6145a1e08a026f,6762,reverted_card_payment?,6627,development
2a75d1b770d63f6dda6b,7143,beneficiary_not_allowed,7002,development
2a9055c7d387612fcf5f,5089,declined_cash_withdrawal,4996,development
2a934ab07712bd87b01b,6433,transaction_charged_twice,6311,development
2a96e91051063083b47f,2449,wrong_amount_of_cash_received,2404,development
2a9be6724fde27fe379d,6313,transaction_charged_twice,6195,development
2aaa82d35787ede60204,9275,activate_my_card,9096,development
2aafc92e55da75fb16b6,2136,cancel_transfer,2099,development
2ab1725f63e261dc4c65,2506,wrong_amount_of_cash_received,2461,development
2ab2d1cfc58fc45621f6,3377,balance_not_updated_after_cheque_or_cash_deposit,3316,development
2abc302796e781f69bef,8989,exchange_charge,8815,development
2ac8db591af569aad5c1,1273,card_not_working,1255,development
2ad091c520e2f182fbec,3871,why_verify_identity,3805,development
2ada117a9465db5801ef,5,card_arrival,5,development
2adb6ee5ccf431f68f4b,1211,automatic_top_up,1155,development
2adf896560d5ac6fc124,6442,transaction_charged_twice,6320,development
2aebcf813b1d42ad1449,1386,exchange_via_app,1367,development
2af5459238bca1317465,2678,card_payment_fee_charged,2630,development
2af63f5608a242136cea,3652,edit_personal_details,3590,development
2af7f9148945a37c2fa7,2664,card_payment_fee_charged,2616,development
2b0269dfccfade2987a7,9622,card_about_to_expire,9439,development
2b03cecd68c32fb13db0,3252,top_up_reverted,3193,development
2b0799530b5f87476761,2421,wrong_amount_of_cash_received,2376,development
2b101e72a28eabcb0265,9722,apple_pay_or_google_pay,9537,development
2b110ef8a298daac36e5,2306,top_up_limits,2262,development
2b13fd2619105e4bb0ec,9688,apple_pay_or_google_pay,9505,development
2b17917dc5af86fc0b23,526,card_payment_wrong_exchange_rate,425,development
2b2ee9814e2a588d31a5,670,extra_charge_on_statement,662,development
2b3d21caf167c4095fa6,2693,card_payment_fee_charged,2645,development
2b41612979edbb5ef0dd,7012,beneficiary_not_allowed,6873,development
2b4d4e41836f5f4afb55,7720,verify_top_up,7574,development
2b4e9bff74c8792310c0,9924,country_support,9734,development
2b54085128b6dc38ca5f,2617,card_payment_fee_charged,2571,development
2b5aefe910147fed38a0,8548,top_up_failed,8375,development
2b66d6402ba2cf38a3f3,4781,direct_debit_payment_not_recognised,4695,development
2b6ee319ae644fa68bbf,1376,exchange_via_app,1357,development
2b706befd5e4df03f941,7588,transfer_into_account,7443,development
2b74c92b8653d4ce19ca,1329,card_not_working,1310,development
2b7e3976a687e8f40f90,1201,automatic_top_up,1185,development
2b813c6f473001139c5a,6416,transaction_charged_twice,6233,development
2b8fcca2887407aeb181,707,extra_charge_on_statement,698,development
2bb0a291c6c443e2f03c,4047,get_physical_card,3980,development
2bb0ab93a69afdb053e8,2524,card_payment_fee_charged,2479,development
2bc04e29336467976495,8445,get_disposable_virtual_card,8279,development
2bc56ae35130754ab193,1079,card_delivery_estimate,1064,development
2bce1b5fad2809e32b75,6188,terminate_account,6072,development
2bd93ff00157cdde7966,1640,age_limit,1613,development
2bdf5cc8488faa8bd184,1122,automatic_top_up,1107,development
2be4edf3533ac2485f90,8407,get_disposable_virtual_card,8241,development
2bed25d1ef5e56e8a455,8419,get_disposable_virtual_card,8253,development
2bf29f481f5f5ac4852c,4520,compromised_card,4438,development
2bf2d75d558117f5614c,8008,top_up_by_cash_or_cheque,7851,development
2bf48c9c9ed402d33719,3535,card_payment_not_recognised,3473,development
2bfbc1fe7f68a8a4cb10,9265,activate_my_card,9086,development
2c1d94005a9d854d7764,4286,topping_up_by_card,4209,development
2c53b955aa43f945af97,7467,failed_transfer,7323,development
2c6bd5dc2bcc4f5fd07c,8797,cash_withdrawal_not_recognised,8623,development
2c70b578d5c8cc97c0b0,11,card_arrival,11,development
2c72411dcd4dd2f09ac6,3051,getting_virtual_card,2999,development
2c74525f39979443c07f,5370,lost_or_stolen_phone,5272,development
2c7a8296b4d206737edb,9901,country_support,9711,development
2c811cd575c2b386a6b0,2304,top_up_limits,2260,development
2c8420263bd65dadf330,8809,cash_withdrawal_not_recognised,8635,development
2c84ff8d9ac247e55f37,3215,top_up_reverted,3156,development
2c90c24c3dba0fbbbbda,2280,top_up_limits,2238,development
2c93cb3f43aa95807436,8956,exchange_charge,8782,development
2ca157aa392d9854b809,5745,Refund_not_showing_up,5642,development
2ca57597adb0a099fb3b,9870,verify_my_identity,9680,development
2cab0d5b34ffcd1b0121,8628,balance_not_updated_after_bank_transfer,8455,development
2cb46507a68a946d0a41,1204,automatic_top_up,1188,development
2cb7565a6bd3041bd8e0,6428,transaction_charged_twice,6210,development
2cbb3d880a4f37a9cde9,8429,get_disposable_virtual_card,8263,development
2cd6f4e0a18107f3f494,755,pending_cash_withdrawal,745,development
2cdb7f4e459f3e6153e5,2626,card_payment_fee_charged,2580,development
2ce204ceacc0a4b72878,4585,atm_support,4502,development
2ce332905cce7e8eeac5,2342,wrong_amount_of_cash_received,2297,development
2d01cf95b00c8237ec1d,7623,transfer_into_account,7478,development
2d068894f83155a85574,8178,virtual_card_not_working,8017,development
2d0b95e7a329559137b3,7441,failed_transfer,7297,development
2d0ce3105002d79e1efa,4744,direct_debit_payment_not_recognised,4659,development
2d17557e80b6364c1b03,4490,compromised_card,4408,development
2d23e02ba95ed4db7c54,4848,passcode_forgotten,4761,development
2d2c5ce394a27428a636,4656,direct_debit_payment_not_recognised,4572,development
2d455680197483cb054e,7126,beneficiary_not_allowed,6985,development
2d5cbf23638a9926e379,2003,pending_top_up,1974,development
2d66986fd80b5b5376e7,9127,top_up_by_card_charge,8952,development
2d70d5a97d01ee6d09fb,1543,lost_or_stolen_card,1520,development
2d733099e9d72bcbb73e,9448,cash_withdrawal_charge,9266,development
2d736820b8b951452732,3786,why_verify_identity,3720,development
2d7a81cc49b7effa1c8d,1757,pin_blocked,1729,development
2d936a595ed521c747a1,2552,card_payment_fee_charged,2507,development
2d9f3d913372bdc70a08,4598,atm_support,4514,development
2daa5c10171f9a177131,5206,pending_card_payment,5111,development
2dab6a19026e04a396c4,8879,cash_withdrawal_not_recognised,8705,development
2dac3eb5e25195b2072f,264,card_linking,262,development
2dc1dbb1f159c4359439,2912,supported_cards_and_currencies,2861,development
2dc1efa24b59eaa1f817,3677,edit_personal_details,3615,development
2dd337f764c6590d2459,4512,compromised_card,4430,development
2dd3e4b30b2f7958df7d,3958,unable_to_verify_identity,3892,development
2ddfd9d42edc28d0284a,1636,age_limit,1609,development
2de2b353f5a6ba69d041,6738,reverted_card_payment?,6604,development
2de62d55c79886a2f1b6,5704,Refund_not_showing_up,5601,development
2de6f7d36c639a74e2ed,501,card_payment_wrong_exchange_rate,496,development
2dec45a157f3a06962b6,4247,topping_up_by_card,4170,development
2df95c641f78da607903,2905,supported_cards_and_currencies,2854,development
2dfd81247cb6f6956207,7112,beneficiary_not_allowed,6972,development
2e032dca5f250a9bf319,9288,activate_my_card,9109,development
2e0b5c32c6e3e443d1c7,8275,wrong_exchange_rate_for_cash_withdrawal,8112,development
2e1966c337c1c77fdbe7,3789,why_verify_identity,3723,development
2e2365370ed11da80d97,7511,failed_transfer,7367,development
2e29bc1c2a25d28e0013,8391,get_disposable_virtual_card,8226,development
2e438602b14b404c5874,2195,cancel_transfer,2156,development
2e43ddf79f67cf447d3c,5038,declined_cash_withdrawal,4947,development
2e45e7d290931b5f489a,6154,terminate_account,6038,development
2e4a6c42b1a1207928c1,2470,wrong_amount_of_cash_received,2425,development
2e535e6947e5e306ad77,3299,top_up_reverted,3239,development
2e6ad9e5abff194c2da2,2399,wrong_amount_of_cash_received,2354,development
2e6c181520471cc0cc8f,1490,lost_or_stolen_card,1470,development
2e6ca2080ecbbfdbd20e,3082,getting_virtual_card,2952,development
2e7574a41181c71ece89,1203,automatic_top_up,1187,development
2e75d8688b2afb07deb1,6756,reverted_card_payment?,6621,development
2e77dcd4bf26e61c540f,7354,receiving_money,7210,development
2e78ddb39ae18360f1ba,925,fiat_currency_support,913,development
2e8e41160070f9d6a199,4869,passcode_forgotten,4782,development
2e915a126c80a8d777e1,8156,order_physical_card,7995,development
2e94bf828e39154e810b,7328,transfer_fee_charged,7184,development
2e95fa0b50d1a6dc073c,6228,terminate_account,6111,development
2ea0dbca58138b6aa876,4917,passcode_forgotten,4828,development
2eaec5d3fbe003068c95,6770,reverted_card_payment?,6635,development
2ec26ac22a62cbfa549e,3767,edit_personal_details,3701,development
2ec5ae3d9a2aaf5d7023,2346,wrong_amount_of_cash_received,2301,development
2ed2149c92224f809035,2753,transfer_not_received_by_recipient,2704,development
2ed5b7d4bd11ba9127d7,3857,why_verify_identity,3791,development
2edbacb3d7db90be7e21,6833,reverted_card_payment?,6697,development
2ee40ca42bf80481615e,3664,edit_personal_details,3602,development
2ee488b119a83a435fd9,2799,transfer_not_received_by_recipient,2748,development
2ef03de3c5400e9a0f82,1920,top_up_by_bank_transfer_charge,1891,development
2ef9c010adddbdc5be0e,2767,transfer_not_received_by_recipient,2717,development
2f13f4f5d78b30a78e25,4373,disposable_card_limits,4295,development
2f273a0884537768a706,6214,terminate_account,6097,development
2f2bb81b17e73a9571a7,4709,direct_debit_payment_not_recognised,4625,development
2f2c01092a422638b2bc,3699,edit_personal_details,3636,development
2f2e7acd8b2b4f474104,7514,failed_transfer,7370,development
2f3135990f4f81fdaedb,6067,pending_transfer,5955,development
2f3c57d58ab8faaff27f,8846,cash_withdrawal_not_recognised,8672,development
2f3e545141d2f05fde58,8950,exchange_charge,8776,development
2f4fd648da80f267b17d,2597,card_payment_fee_charged,2551,development
2f550c220b79e856bef0,1433,exchange_via_app,1349,development
2f6035a712ac46039680,2673,card_payment_fee_charged,2625,development
2f60a79079a9137cbe05,4975,declined_cash_withdrawal,4885,development
2f64378550590f83a0ae,6460,transaction_charged_twice,6337,development
2f6b1bbca6c11862145d,4165,visa_or_mastercard,4096,development
2f6c0fcfce6090746b1b,3024,getting_virtual_card,2972,development
2f70e771b54799713deb,4694,direct_debit_payment_not_recognised,4610,development
2f77096517f361c841e7,3618,card_payment_not_recognised,3556,development
2f8787cceb4bfe63ee3d,1076,card_delivery_estimate,1061,development
2f91667b1b53417f162b,4645,direct_debit_payment_not_recognised,4561,development
2f9566396f31d64f2aa9,5452,request_refund,5353,development
2faa44ab0e5dbdaebe50,5310,lost_or_stolen_phone,5212,development
2faf943a519f7c7cd8ca,851,pending_cash_withdrawal,839,development
2fb00fdcd47e14f600fc,6660,transfer_timing,6530,development
2fb1d03aace0343ba5f2,5580,declined_transfer,5480,development
2fc339d933036f498da0,4496,compromised_card,4414,development
2fc8e090535e48f0e45e,8838,cash_withdrawal_not_recognised,8664,development
2fda408345ebc66fbe34,9865,verify_my_identity,9676,development
2fdb00e803dc125f821e,7452,failed_transfer,7308,development
2fdb88314dc65937556d,4032,get_physical_card,3965,development
2fe01c16f3b9d0534044,2892,supported_cards_and_currencies,2841,development
2fe4a2ec4604352d884e,1505,lost_or_stolen_card,1485,development
2fe640f41b0f8f65eab4,7635,transfer_into_account,7490,development
2ff2e2eb8a481aea18f9,1878,top_up_by_bank_transfer_charge,1850,development
2ff9ca01cf8db8063f53,5442,request_refund,5343,development
2fff7196478aaaca39d0,4703,direct_debit_payment_not_recognised,4619,development
30079d9a3d57efe93dc9,8798,cash_withdrawal_not_recognised,8624,development
30080c1bb025ddfd24e1,7816,getting_spare_card,7660,development
30096e016f9f23726602,2007,pending_top_up,1978,development
300a5aa48faec30c342b,435,card_payment_wrong_exchange_rate,430,development
300c769e46d655f2d0dd,7965,top_up_by_cash_or_cheque,7809,development
300e2bb8a5a746e6dc2f,22,card_arrival,22,development
30135acb0f92a282f08d,8818,cash_withdrawal_not_recognised,8644,development
3021a6085300562fa8d7,4471,compromised_card,4389,development
3024cfb0a9b087d3e6e2,3223,top_up_reverted,3164,development
3029c8bee3136fef9d36,36,card_arrival,36,development
302b462a427127adbfbf,5639,declined_transfer,5537,development
3036fbb111764c9dbffc,6072,pending_transfer,5960,development
30602c265ec2809f99e2,8130,order_physical_card,7971,development
3063c17961f8fed1d27b,4259,topping_up_by_card,4182,development
3075076de4aff8a9fc6b,1007,card_delivery_estimate,995,development
308d5e87d09abc795019,5262,lost_or_stolen_phone,5165,development
30933e13edaff02d95df,6499,verify_source_of_funds,6376,development
30a43eaa65632599ec31,539,card_payment_wrong_exchange_rate,533,development
30adee1189abf8833e4a,8296,wrong_exchange_rate_for_cash_withdrawal,8133,development
30b4e418c41f994667be,8907,cash_withdrawal_not_recognised,8733,development
30ba1437cac437e7d025,1516,lost_or_stolen_card,1495,development
30bbb703ee3df6e553db,1519,lost_or_stolen_card,1498,development
30bd6297d4da1b7f8fde,2320,top_up_limits,2275,development
30bd943ad0e4fbc1a486,9720,apple_pay_or_google_pay,9535,development
30e01d7233b6154df56c,667,extra_charge_on_statement,659,development
30e768a5abd8ef70ff7c,2377,wrong_amount_of_cash_received,2332,development
3115d1b8948bea1f269a,3125,card_acceptance,3071,development
31174e30a72ceff84c9a,7843,getting_spare_card,7687,development
311c96cf3fd20a40a7de,6262,card_swallowed,6144,development
311d3aea34397ab0cd5a,2707,transfer_not_received_by_recipient,2659,development
311d52d10b8dade0c0fc,5558,declined_transfer,5458,development
31240d8fe692e5c63da3,6792,reverted_card_payment?,6657,development
312674c1946e4c9be820,7246,transfer_fee_charged,7105,development
31281fb64a5eb104275a,1912,top_up_by_bank_transfer_charge,1883,development
312ace6dbb16928259ad,3349,balance_not_updated_after_cheque_or_cash_deposit,3289,development
312f896009b313c070bf,4266,topping_up_by_card,4189,development
31301648eea18efa90c4,6819,reverted_card_payment?,6683,development
31307b71dc487a2001a2,564,card_payment_wrong_exchange_rate,558,development
31311c4b31e45887f59d,8737,balance_not_updated_after_bank_transfer,8563,development
3138702c6f35449b4ec7,9360,cash_withdrawal_charge,9179,development
313b8ae22be7f0397f61,5760,Refund_not_showing_up,5657,development
31485d498cf42afb8d52,1809,contactless_not_working,1781,development
314f359ae71a9d9dedcb,9630,card_about_to_expire,9447,development
31575acc17f1a618fd09,3443,balance_not_updated_after_cheque_or_cash_deposit,3382,development
3165012e240b9e7555a2,8654,balance_not_updated_after_bank_transfer,8481,development
3166260ef6d48ae2b742,4591,atm_support,4508,development
31735c7ff250d411e855,2525,card_payment_fee_charged,2480,development
317388e959578e71f590,9582,card_about_to_expire,9399,development
3175bb1271b666b16624,7374,receiving_money,7230,development
3181bdbe704d78f0d5f7,4961,declined_cash_withdrawal,4871,development
318d695e3496fe558dff,4749,direct_debit_payment_not_recognised,4616,development
3191a671cf937f144238,2189,cancel_transfer,2150,development
3191df5ef878154d1bb6,8249,wrong_exchange_rate_for_cash_withdrawal,8087,development
31a592a7f5b645616f20,9480,cash_withdrawal_charge,9298,development
31bb0ccd2b2bded166e3,1610,age_limit,1584,development
31bba8439c5f49073497,8359,wrong_exchange_rate_for_cash_withdrawal,8194,development
31c7d7e594442d72d3a0,115,card_arrival,115,development
31d463fafbf9f9b18fea,6466,transaction_charged_twice,6343,development
31d4dd06d391c19952ee,6245,card_swallowed,6127,development
31d5804224eb0b984eb5,7294,transfer_fee_charged,7152,development
31e64e84ada423fd4f5e,5945,declined_card_payment,5838,development
31e8f391841a7ff6c327,8157,order_physical_card,7996,development
31f1e1dafa0766900cf8,5841,declined_card_payment,5736,development
31f3c1ec828b5c68eea9,7513,failed_transfer,7369,development
32006990f0ecc5b0512f,7704,verify_top_up,7559,development
32065be5bd59585d4bd4,4815,passcode_forgotten,4728,development
320d1bb15ec593a29d8b,4086,get_physical_card,4019,development
3211defefe0ab6a7d9ce,9291,activate_my_card,9112,development
3212e464998256b425dd,6259,card_swallowed,6141,development
321d58610a5e690457da,4544,compromised_card,4462,development
32212d58f99623c1ef19,9699,apple_pay_or_google_pay,9515,development
322780944d5d56eeeef1,2779,transfer_not_received_by_recipient,2729,development
32295ca6fc87571f1115,7074,beneficiary_not_allowed,6934,development
322b709b8c08a4c73a18,3787,why_verify_identity,3721,development
3233318cd5e6b6d0519b,573,extra_charge_on_statement,567,development
32394c20d63d714314ef,9435,cash_withdrawal_charge,9253,development
323b4cc21690cf1f6266,2549,card_payment_fee_charged,2504,development
32548f196f4c82be6fd6,7102,beneficiary_not_allowed,6962,development
32571a0f55042ce11a62,9337,activate_my_card,9156,development
32625415cf9ba0fb096e,4102,visa_or_mastercard,4034,development
3265a2d6ac0eb19b9d00,2988,supported_cards_and_currencies,2936,development
32672e37b93c43522129,5653,declined_transfer,5551,development
3270ec07c5859a163b52,7928,getting_spare_card,7772,development
32928ab57c2d71eb9464,1118,automatic_top_up,1103,development
3293a6eb3e531b39b93a,7868,getting_spare_card,7712,development
32952a6331003f363c0b,2129,cancel_transfer,2092,development
329c8b57f891900d9290,5703,Refund_not_showing_up,5600,development
329e42a786e1fb295eae,1766,pin_blocked,1738,development
32ac336076d9900317e0,2612,card_payment_fee_charged,2566,development
32b6f11479f0c87da387,9745,apple_pay_or_google_pay,9559,development
32bd591a1edbb3b9c45e,3762,edit_personal_details,3696,development
32c47bedddab9e9fdb70,4135,visa_or_mastercard,4066,development
32d5f19751c62c560130,7016,beneficiary_not_allowed,6877,development
32d614fb7ff5a1a26663,7734,verify_top_up,7588,development
32e24ddd69cd23fbe50e,302,exchange_rate,300,development
32e8641379aae05121d3,4439,disposable_card_limits,4359,development
32f0c069b8f732853196,6059,pending_transfer,5948,development
32f223acb70b4247c0bc,8356,wrong_exchange_rate_for_cash_withdrawal,8191,development
32f7e4a36a15386c2e5a,9772,verify_my_identity,9585,development
330253f65aa21d2b1c1e,9152,top_up_by_card_charge,8976,development
330a4a34430ec9cdb6d2,7601,transfer_into_account,7456,development
330d61d2721e852cc58d,2975,supported_cards_and_currencies,2923,development
331344602167326f88b3,9735,apple_pay_or_google_pay,9549,development
3332f26f1ed3bcfca1b7,6266,card_swallowed,6148,development
33445161e23c91cc589c,3205,top_up_reverted,3146,development
3345833ec1b4b72e6155,7144,beneficiary_not_allowed,7003,development
3352999cec4b1d88d860,3324,balance_not_updated_after_cheque_or_cash_deposit,3264,development
33553c15be6570d012aa,7191,transfer_fee_charged,7050,development
335dfd28a6eac421de37,9338,cash_withdrawal_charge,9157,development
336bc21c51215ffd5280,8237,wrong_exchange_rate_for_cash_withdrawal,8075,development
337096cb6be1442370bf,50,card_arrival,50,development
3375112a82cde7b39af8,4984,declined_cash_withdrawal,4894,development
3378ea0d2225480e95db,1190,automatic_top_up,1174,development
337d4f0423a4ad52e97b,2333,wrong_amount_of_cash_received,2288,development
33844f81c0403bb4c164,6602,transfer_timing,6472,development
338bcc8893e8bbc0b435,1630,age_limit,1603,development
3391dd35a3ca4deb9376,1283,card_not_working,1265,development
339dd0acb78eda5dd12e,1870,top_up_by_bank_transfer_charge,1842,development
339fa30339ec07a4cbc6,1666,age_limit,1639,development
33ad3f8f458f96383ff4,992,fiat_currency_support,980,development
33ad4c48bf326ac9f98d,3113,card_acceptance,3059,development
33bae2c7d5468238e911,4194,visa_or_mastercard,4122,development
33cafac90666eb1182ab,2435,wrong_amount_of_cash_received,2390,development
33d0d5a50d8cda4e6618,1840,top_up_by_bank_transfer_charge,1812,development
33d25821a9ede86aa31f,959,fiat_currency_support,947,development
33dcaa40120f2123b159,7033,beneficiary_not_allowed,6893,development
33ecf1b52608ff310a3e,6291,card_swallowed,6173,development
33f2cd0dc45e7fe2f80b,9397,cash_withdrawal_charge,9216,development
3412400b3e53bfafcd2d,5960,declined_card_payment,5853,development
3412c6f6850e9a0d97bd,2127,cancel_transfer,2090,development
3421c1b9f69f2199b77e,55,card_arrival,55,development
34231354289b150eda72,4012,get_physical_card,3945,development
342847a8987aa2c1f3c5,9729,apple_pay_or_google_pay,9544,development
34303f9b87e721e25791,9959,country_support,9769,development
34338983b50cf62a6ea4,7018,beneficiary_not_allowed,6879,development
343668962c3b3da97a43,600,extra_charge_on_statement,594,development
343a56c95df547cadfc0,5854,declined_card_payment,5749,development
344301ec7a5523987d69,1052,card_delivery_estimate,1039,development
34582dd576dc239e8503,2651,card_payment_fee_charged,2603,development
34637abfe343c2d80ae7,7367,receiving_money,7223,development
3465e9ea2360be7c864b,9869,verify_my_identity,9663,development
3477faf63be47b52cddf,2743,transfer_not_received_by_recipient,2694,development
3481ed567a79a2d3f188,5195,pending_card_payment,5100,development
349265b055d84a9bc289,5837,declined_card_payment,5732,development
3494c2ab3c2829442e6d,4184,visa_or_mastercard,4112,development
3499b071b9cbb870b63b,5825,Refund_not_showing_up,5720,development
34e09b1c332d7e31b3cd,84,card_arrival,84,development
34e305fca428c72d19cb,2517,card_payment_fee_charged,2472,development
34e63941b886fd5b6a5c,7664,transfer_into_account,7519,development
34ee34c31ac13adb2eb6,9390,cash_withdrawal_charge,9209,development
34efc436b9bad5212c7c,5362,lost_or_stolen_phone,5264,development
35003ea9ae2f3a3d1c04,1407,exchange_via_app,1388,development
3502b9bfb066bbbe8584,9855,verify_my_identity,9667,development
350e3c5d178d085ac5be,9345,cash_withdrawal_charge,9164,development
350e8291f0282d11b50f,223,card_linking,221,development
350ecc4175aae946db1a,7228,transfer_fee_charged,7087,development
35145d90e6e9861d51e3,9988,country_support,9797,development
3519e35a21967c4d7a4c,4638,direct_debit_payment_not_recognised,4554,development
3521892252ba04c20287,1355,card_not_working,1336,development
35238257252618dc3bc7,3155,top_up_reverted,3100,development
3528ce43076fa1976775,2433,wrong_amount_of_cash_received,2388,development
352c2a2f8bdef4cfa14a,7829,getting_spare_card,7673,development
3539841f3d9d8fbcc2f9,1056,card_delivery_estimate,1043,development
3541f183fee097a318d7,2583,card_payment_fee_charged,2537,development
3549a985fe0852347a9f,1160,automatic_top_up,1145,development
354d58ff715e091abb48,3874,why_verify_identity,3808,development
3554d792351179c54a68,856,pending_cash_withdrawal,844,development
3561fdcd8956c7b0da53,7706,verify_top_up,7561,development
356652ed89c77567fc62,6095,pending_transfer,5981,development
3566e3fcc45b663a2e65,125,card_arrival,124,development
356b6e0998fa63d8f8e8,2479,wrong_amount_of_cash_received,2434,development
3584aeaf8954f28d404a,740,pending_cash_withdrawal,730,development
3587a5c5d3c3e0938a4c,2190,cancel_transfer,2151,development
3588b912e7523e474ffb,7991,top_up_by_cash_or_cheque,7834,development
358995ba8048bd451b10,8909,cash_withdrawal_not_recognised,8735,development
358f10bd9e0ca48e4d86,3071,getting_virtual_card,3019,development
3593f5dbc6c74efdddd3,4989,declined_cash_withdrawal,4899,development
35947139bdca9f62b249,4360,disposable_card_limits,4282,development
359c98906b8df79c4ed8,7758,verify_top_up,7607,development
359d08a2075c50131929,4291,topping_up_by_card,4214,development
359eb02e9472d7893f3a,3682,edit_personal_details,3620,development
35a7a85089ba991c64d0,9461,cash_withdrawal_charge,9279,development
35a9eb01c207699b245e,3209,top_up_reverted,3150,development
35bfd63eb4823c72c0da,9746,apple_pay_or_google_pay,9560,development
35c8fd59862f06f98dc8,4289,topping_up_by_card,4212,development
35d1355d7540576e519b,7502,failed_transfer,7358,development
35d3c04e5bc62c8caec0,5154,pending_card_payment,5060,development
35d8de3100efc77d945d,3294,top_up_reverted,3234,development
35dc1c97b3dfc6093a3c,4052,get_physical_card,3985,development
35de5fc90ea6d0b73ee6,1410,exchange_via_app,1391,development
35e02ceeb2840c458de9,5229,pending_card_payment,5133,development
35e4ef1c33ed2f35b9f8,2804,transfer_not_received_by_recipient,2753,development
35ef300ddd846dda49d5,6857,reverted_card_payment?,6721,development
35f45150f55790baff4e,5190,pending_card_payment,5095,development
35ffc91d5f682c08d94d,1508,lost_or_stolen_card,1488,development
360311dbbb2f07dac362,3398,balance_not_updated_after_cheque_or_cash_deposit,3337,development
3608d44b53bc3b589a1d,6037,pending_transfer,5929,development
360e21cd3c0f5bee161f,5711,Refund_not_showing_up,5608,development
361306969b4e62364f87,3344,balance_not_updated_after_cheque_or_cash_deposit,3284,development
36137e517dabc455442a,522,card_payment_wrong_exchange_rate,517,development
36166b36a67623d4d296,7291,transfer_fee_charged,7149,development
3616ec6370f88b5e65ed,7051,beneficiary_not_allowed,6911,development
362fa9bb867608fa363e,6398,transaction_charged_twice,6279,development
3636ec91934089199376,9464,cash_withdrawal_charge,9282,development
3637ef77fd89b46c45cd,9117,top_up_by_card_charge,8942,development
36385068e4b01722ee49,9151,top_up_by_card_charge,8975,development
363aa011200ece72d8fb,553,card_payment_wrong_exchange_rate,547,development
364553ccec68be194686,1755,pin_blocked,1727,development
3649c8c5e378571d1a5e,6885,change_pin,6747,development
3650224af3ab526cca1a,3062,getting_virtual_card,3010,development
36540d1d4baafc3b4c55,2168,cancel_transfer,2130,development
36560a9bc84468cdcf59,739,pending_cash_withdrawal,729,development
3660cf00d9ff5fe54451,5938,declined_card_payment,5831,development
3673f44f9ab69645821c,1436,exchange_via_app,1416,development
3678a70983270214a764,9206,activate_my_card,9029,development
368650c9d25cee229c78,5114,pending_card_payment,5021,development
36889146f0f3d7b2e3e5,2370,wrong_amount_of_cash_received,2325,development
369290ee1e68c3890f17,3813,why_verify_identity,3747,development
36bc5a136ab89f5539e6,4849,passcode_forgotten,4762,development
36bf3620c0e3e3d49c34,6106,pending_transfer,5992,development
36c85ba696bff3a830d3,7386,receiving_money,7242,development
36cdbd36bd37810f1a49,107,card_arrival,107,development
36d0cb15503e58e79c59,2635,card_payment_fee_charged,2588,development
36d77145b5463b1ea933,6506,verify_source_of_funds,6383,development
36e0e9037b221efe3482,2618,card_payment_fee_charged,2572,development
36e0e9effa2bc313ef91,9724,apple_pay_or_google_pay,9539,development
36ed00a5725f1e6a4171,5880,declined_card_payment,5775,development
36f77d848d3d3c01d238,8744,balance_not_updated_after_bank_transfer,8570,development
36fc293deac6ff7aeed0,3777,why_verify_identity,3711,development
37018f1d24959f46c2b2,2811,transfer_not_received_by_recipient,2760,development
370f1e0e59d79f456a7b,2783,transfer_not_received_by_recipient,2732,development
3718c26d8704820c3db6,2825,transfer_not_received_by_recipient,2774,development
371bbda5b1f58d36271b,5846,declined_card_payment,5741,development
3727cf949e173bf5b0d2,946,fiat_currency_support,934,development
373e56c970fb832bd62c,798,pending_cash_withdrawal,788,development
3745cbb9fd02727de405,7792,verify_top_up,7607,development
374ac6278dbff1562879,5061,declined_cash_withdrawal,4970,development
374fa7a7d910a12c23af,8892,cash_withdrawal_not_recognised,8718,development
376c36ebe65ad63989ec,5725,Refund_not_showing_up,5622,development
3778220179dacad39a5c,1054,card_delivery_estimate,1041,development
377b68fd8456691b6fb8,2761,transfer_not_received_by_recipient,2712,development
377c2f9de6f8975c6e8a,8357,wrong_exchange_rate_for_cash_withdrawal,8192,development
377cdb7c94c4c15ec2b9,2613,card_payment_fee_charged,2567,development
37802f27410af3ab02d4,2734,transfer_not_received_by_recipient,2686,development
378512d8cd697afc5287,8033,top_up_by_cash_or_cheque,7867,development
378f527eadf54923fb2c,5740,Refund_not_showing_up,5637,development
37959c867bd31abcdf04,3426,balance_not_updated_after_cheque_or_cash_deposit,3365,development
3796d4e698e53adac342,3226,top_up_reverted,3167,development
379bb6fb2c9d3978bd03,5524,request_refund,5424,development
37a0badec0be4f618b1f,4785,direct_debit_payment_not_recognised,4699,development
37a56488b20a01ed98a5,6793,reverted_card_payment?,6658,development
37a59b0d0be1a855c703,5459,request_refund,5360,development
37af8502a97caeb2ed15,2170,cancel_transfer,2132,development
37bd925ba262558ed045,1873,top_up_by_bank_transfer_charge,1845,development
37c71e8baf04086dfbdd,1857,top_up_by_bank_transfer_charge,1829,development
37c89b9dadceb33fa087,5120,pending_card_payment,5027,development
37d8ce521c62dc19b4c4,8414,get_disposable_virtual_card,8248,development
37d8e8deb111095336b6,2416,wrong_amount_of_cash_received,2371,development
37da997a2864802ab7bb,772,pending_cash_withdrawal,762,development
37e790979bde5b01cc22,4901,passcode_forgotten,4813,development
37eb37d81e8842f81327,8608,top_up_failed,8435,development
37edaff57c745851528f,1441,exchange_via_app,1421,development
37f3ec8603b0bd884dd7,5068,declined_cash_withdrawal,4977,development
37f78a583d69c8aa8810,9518,card_about_to_expire,9336,development
37f868b36484c5dbd79c,9440,cash_withdrawal_charge,9258,development
37feaddc51c6717e73a3,6151,terminate_account,6035,development
38037f7e63300eb9160a,4495,compromised_card,4413,development
380595cda5155f10e1ff,2373,wrong_amount_of_cash_received,2328,development
380ffd04ac5050dc2748,542,card_payment_wrong_exchange_rate,536,development
381f55b67dbb870a7051,9038,exchange_charge,8864,development
381f5b60c3d398ee802c,918,fiat_currency_support,906,development
382a338683e2d742b64d,9319,activate_my_card,9138,development
38350dd60e1dd453bb0a,4331,topping_up_by_card,4254,development
383db7acbf670e4a12ec,2956,supported_cards_and_currencies,2905,development
383dd53e5640d3ed43d8,7090,beneficiary_not_allowed,6950,development
384047036213dd44d01d,610,extra_charge_on_statement,568,development
3844032585d08d8e5d6c,1014,card_delivery_estimate,1002,development
3848b1d34fcf5fa98759,3851,why_verify_identity,3785,development
385882154e249552aad0,5444,request_refund,5345,development
3876571692a22d5e07ec,2795,transfer_not_received_by_recipient,2744,development
387a0a0b60a6b32cafb5,685,extra_charge_on_statement,677,development
38817db3183587930d12,4639,direct_debit_payment_not_recognised,4555,development
388d55decf95c29dbc9e,7309,transfer_fee_charged,7167,development
3891528a106b1156535c,4118,visa_or_mastercard,4049,development
38a631a9fc6168c50bc6,3391,balance_not_updated_after_cheque_or_cash_deposit,3330,development
38aa5e8269e087623f40,4762,direct_debit_payment_not_recognised,4676,development
38b653e1476f92872d90,5843,declined_card_payment,5738,development
38bcd0a36a1b9705dee3,3910,unable_to_verify_identity,3844,development
38c6429a6066b000b629,9055,exchange_charge,8880,development
38c7b2ece869df6f2fcb,8733,balance_not_updated_after_bank_transfer,8559,development
38d58d6cb8c14a347318,9934,country_support,9744,development
38e749902cbe4b8f6224,6420,transaction_charged_twice,6300,development
38edfbc606f9cb387fcf,3581,card_payment_not_recognised,3519,development
38f73393dce1e8978008,5326,lost_or_stolen_phone,5228,development
38f9533d5b675e94c625,5316,lost_or_stolen_phone,5218,development
390023278ee97e9be5c4,7729,verify_top_up,7583,development
391111c6571ec0ff6e38,5871,declined_card_payment,5766,development
39144983d8ceca6ba0e0,4510,compromised_card,4428,development
39175fcea01d7575bd66,3482,card_payment_not_recognised,3420,development
391806c798197adaff59,1566,age_limit,1542,development
392236a89d886c787e43,7466,failed_transfer,7322,development
3923b6756eb4247aacfc,3716,edit_personal_details,3653,development
393b2e04f714daab37ff,4304,topping_up_by_card,4227,development
393b3403fe364276ef32,2511,card_payment_fee_charged,2466,development
394d160eca7bbd97f342,178,card_linking,177,development
395024318cf1b6104ee8,8287,wrong_exchange_rate_for_cash_withdrawal,8124,development
39526158f2bacbca9359,8781,balance_not_updated_after_bank_transfer,8607,development
395fb67d6aacaa19e8d0,7725,verify_top_up,7579,development
3971a3ea91462bce1709,2757,transfer_not_received_by_recipient,2708,development
39803b823b260d3e3704,8410,get_disposable_virtual_card,8244,development
3983b383f956f4275190,3704,edit_personal_details,3641,development
398b92673030a79aadb4,9912,country_support,9722,development
398bbd70eeb88b1f2c80,6128,pending_transfer,6013,development
398dfb5489c47c1f7473,3506,card_payment_not_recognised,3444,development
398e4e4c4d64c5a6899a,8191,virtual_card_not_working,8029,development
39974c6ad4be0efd00f3,6785,reverted_card_payment?,6650,development
399d8ba7a91589a8d1e4,6307,transaction_charged_twice,6189,development
39a2af32564cc0c3a451,5642,declined_transfer,5540,development
39ad329b2c5b10ff162c,3404,balance_not_updated_after_cheque_or_cash_deposit,3343,development
39bd4afc2d9edb93651d,4885,passcode_forgotten,4797,development
39befa4f87faddafa0e6,662,extra_charge_on_statement,654,development
39caaee3e06189693013,9918,country_support,9728,development
39ce427ac8340fda7bb6,3671,edit_personal_details,3609,development
39ceaa195f7cae713202,408,card_payment_wrong_exchange_rate,403,development
39d106da5cc01a66cb65,3260,top_up_reverted,3201,development
39dbf716416533a16b73,3227,top_up_reverted,3168,development
39dcd862a02a228bc9ba,4338,disposable_card_limits,4261,development
39e16e938a07f02432a6,6548,verify_source_of_funds,6420,development
39f5820e278ed54e736a,605,extra_charge_on_statement,599,development
39f844c87f2d687519a2,5124,pending_card_payment,5031,development
39facf378e65cc4a357d,2762,transfer_not_received_by_recipient,2713,development
3a0d7d95b82e40832414,3314,balance_not_updated_after_cheque_or_cash_deposit,3254,development
3a0e8387017c605f66be,5392,request_refund,5294,development
3a16e95e4083944cb346,4986,declined_cash_withdrawal,4896,development
3a2d5cf0d8ff88745509,7284,transfer_fee_charged,7142,development
3a322fda4866c53385a7,3602,card_payment_not_recognised,3540,development
3a3f13d73ee7449a959d,2429,wrong_amount_of_cash_received,2384,development
3a4491dcdddcfaa54b64,9478,cash_withdrawal_charge,9296,development
3a4ac49f1b4f1cf4f90c,7543,failed_transfer,7399,development
3a54d54298973ca282f1,5189,pending_card_payment,5094,development
3a694fe2f2927015f9c0,9076,top_up_by_card_charge,8901,development
3a71e2ce2275af89427d,1470,exchange_via_app,1450,development
3a788b5503fdaff88400,5889,declined_card_payment,5784,development
3a7aa3006869813a7711,5047,declined_cash_withdrawal,4956,development
3a7c9f6f4b8408618041,4204,visa_or_mastercard,4131,development
3a8b1969f5a59329123c,4659,direct_debit_payment_not_recognised,4575,development
3a8c9e3b4724b17f2eb6,8895,cash_withdrawal_not_recognised,8721,development
3a923bce89b6be2c13ab,5415,request_refund,5317,development
3a98e5a07c1a3bca7491,1274,card_not_working,1256,development
3a9b46c68e288501533d,8278,wrong_exchange_rate_for_cash_withdrawal,8115,development
3aa2243e2017d3f9a043,9225,activate_my_card,9048,development
3aa5585f4735a903e63d,8537,top_up_failed,8364,development
3aa6cd4518a9997accee,5110,pending_card_payment,5017,development
3ac5d79f18f9a23d2818,2666,card_payment_fee_charged,2618,development
3ad702b4389678bcf55d,379,exchange_rate,374,development
3ad782f25b379d811225,6702,transfer_timing,6569,development
3ad798d481f33bfe4bb9,8864,cash_withdrawal_not_recognised,8690,development
3adc93e1f0e085001cbc,8386,get_disposable_virtual_card,8221,development
3adeba1f12da5a684ee3,9976,country_support,9785,development
3ae4fd1885e15d85dd63,3992,unable_to_verify_identity,3925,development
3ae74c087f5fff28449a,4299,topping_up_by_card,4222,development
3ae9b437313f826f558a,7156,beneficiary_not_allowed,7015,development
3aed338ca2bfeedcf077,6647,transfer_timing,6517,development
3aee0b9afdf33d404210,5913,declined_card_payment,5807,development
3aef9ebe9335653a3710,5151,pending_card_payment,5057,development
3af6e055dba723f45db9,488,card_payment_wrong_exchange_rate,483,development
3af87eb0ab10338976cf,161,card_linking,160,development
3b0d945ee4f3d8374f18,9748,apple_pay_or_google_pay,9562,development
3b1045e0f394333dc48b,8689,balance_not_updated_after_bank_transfer,8515,development
3b13dc66fa354267f0b6,3348,balance_not_updated_after_cheque_or_cash_deposit,3288,development
3b1f75081abb583c1d65,6928,change_pin,6790,development
3b1f7f443ce7cd4a17df,3329,balance_not_updated_after_cheque_or_cash_deposit,3269,development
3b20ad895b40df1986d1,8830,cash_withdrawal_not_recognised,8656,development
3b22dfaac70355d068c6,4754,direct_debit_payment_not_recognised,4668,development
3b270696a8811b29e5a9,6969,change_pin,6830,development
3b285f0121a68aed4050,5111,pending_card_payment,5018,development
3b31ab1e9da00391a22a,2919,supported_cards_and_currencies,2868,development
3b51b630cc3dbf04d96c,7951,top_up_by_cash_or_cheque,7795,development
3b531da368045bef6bdc,1250,card_not_working,1232,development
3b5423d72568676bdc43,7268,transfer_fee_charged,7127,development
3b5592735c82452da0e0,9278,activate_my_card,9099,development
3b5bb503b9ab779ee600,7458,failed_transfer,7314,development
3b68dca881df90b0a32f,845,pending_cash_withdrawal,833,development
3b6c77a960f1fb4caebd,516,card_payment_wrong_exchange_rate,511,development
3b70d3580548aed1d663,2380,wrong_amount_of_cash_received,2335,development
3b754b457de38375f028,9904,country_support,9714,development
3b808c5cefa34af0a905,8192,virtual_card_not_working,8030,development
3b80a7f5e403701c0652,5331,lost_or_stolen_phone,5233,development
3b90dc2421a7d9bc5549,4855,passcode_forgotten,4768,development
3b9e601cd1d50dd0fa7c,8283,wrong_exchange_rate_for_cash_withdrawal,8120,development
3ba2e8e388a867fe4603,7199,transfer_fee_charged,7058,development
3bae13886ebdc698e7a8,286,card_linking,284,development
3bb45a09ccc43d86f4bf,6016,pending_transfer,5908,development
3bb828baf45503688a49,1727,pin_blocked,1699,development
3bc047a2fd1f86a189a7,9115,top_up_by_card_charge,8940,development
3bd01e20df37681e3bc0,4530,compromised_card,4448,development
3bd80c45bd96ce253d47,8803,cash_withdrawal_not_recognised,8629,development
3bdd812bed2e75266c9f,678,extra_charge_on_statement,670,development
3be5d7888b97e5bc37b2,3990,unable_to_verify_identity,3923,development
3bee23853187b3aa970a,822,pending_cash_withdrawal,812,development
3bf3242a02051e843278,7916,getting_spare_card,7760,development
3c001b373a24cf206f05,3546,card_payment_not_recognised,3484,development
3c06cb0cce18f6471caf,8269,wrong_exchange_rate_for_cash_withdrawal,8106,development
3c0864ab0f8abd0f5523,611,extra_charge_on_statement,604,development
3c1e628016bf6d687eee,1271,card_not_working,1253,development
3c21f72ecf1957b7a0ef,7161,transfer_fee_charged,7020,development
3c261e85f9b391cb36a4,8358,wrong_exchange_rate_for_cash_withdrawal,8193,development
3c2c067915ade92421a2,9343,cash_withdrawal_charge,9162,development
3c385cc6cadbb9006bfc,2859,transfer_not_received_by_recipient,2808,development
3c41db608feff6895639,4778,direct_debit_payment_not_recognised,4692,development
3c44d032c565c6222b63,9716,apple_pay_or_google_pay,9531,development
3c4c8305bd5bb793cf36,1314,card_not_working,1295,development
3c5d10d7890b79ad41d6,2146,cancel_transfer,2108,development
3c780e915ecbace51fac,9381,cash_withdrawal_charge,9200,development
3c7fc0821206e66c143d,6107,pending_transfer,5993,development
3c89dcba2599d7f234e6,2264,top_up_limits,2224,development
3c8fefc8ac6b9d6708c4,8730,balance_not_updated_after_bank_transfer,8556,development
3c966f37c0ea590033eb,5492,request_refund,5392,development
3c9fe12d9a5babd01344,4412,disposable_card_limits,4334,development
3cabfe590fe53a220845,7985,top_up_by_cash_or_cheque,7828,development
3cb84f80f10bd9aeb39c,4562,atm_support,4480,development
3cbc553daed8112a2908,8946,exchange_charge,8772,development
3cbfcae0b82a92f7bbef,7998,top_up_by_cash_or_cheque,7841,development
3cc4132c105d9a686e06,7440,failed_transfer,7296,development
3cc6f12d356fabbf75a6,1830,top_up_by_bank_transfer_charge,1802,development
3cd05e2e40cfa422eec5,3035,getting_virtual_card,2983,development
3cd3c971fd9e7d71f994,7248,transfer_fee_charged,7107,development
3cd4da38d086284f6b3f,8291,wrong_exchange_rate_for_cash_withdrawal,8128,development
3cd961f361c3ccb87614,3473,balance_not_updated_after_cheque_or_cash_deposit,3411,development
3cdf77e0b7785e2af777,6429,transaction_charged_twice,6307,development
3ce86ad985ad199dec1f,9611,card_about_to_expire,9428,development
3ce9db22e75b1627d2e0,3583,card_payment_not_recognised,3521,development
3cef8f0e9e5904f37f13,7439,failed_transfer,7295,development
3cf147db99b18a28f634,1222,automatic_top_up,1205,development
3cf6b6914dde655fd5e7,9736,apple_pay_or_google_pay,9550,development
3d094c3ec944050f0629,7419,receiving_money,7275,development
3d1db7946d6e1c381a06,3134,card_acceptance,3080,development
3d1eb4d634ebfeeef03d,5921,declined_card_payment,5815,development
3d396cf6016cf4e8ce01,52,card_arrival,52,development
3d4554ebe3b31ec77aa3,3598,card_payment_not_recognised,3536,development
3d45680fa2eac3b2fb1f,696,extra_charge_on_statement,611,development
3d48840cfcfab3680396,8232,wrong_exchange_rate_for_cash_withdrawal,8070,development
3d4aea98b725c71464d0,6308,transaction_charged_twice,6190,development
3d4cebed364444c57419,9682,apple_pay_or_google_pay,9499,development
3d67558385f248b115b7,9546,card_about_to_expire,9364,development
3d6a52d26402a2843548,7897,getting_spare_card,7741,development
3d7201653b5e2fbfe62c,6565,verify_source_of_funds,6436,development
3d75e0dd66d660345b08,8487,top_up_failed,8317,development
3d7674ee759638d7a83c,8551,top_up_failed,8378,development
3d76e1f0ee2b3bf4be8e,863,pending_cash_withdrawal,851,development
3d79486e531818200e1d,7909,getting_spare_card,7753,development
3d8e23ffc243976b3ab3,1205,automatic_top_up,1189,development
3d8eb3141d06e3980a20,4049,get_physical_card,3982,development
3db4d05d5d909290a937,8180,virtual_card_not_working,8019,development
3db9f8b3a1faa8216264,9954,country_support,9764,development
3dbe41e22ddc2b1322c4,5543,declined_transfer,5443,development
3dc5dfe8c2ce2fb86d80,8353,wrong_exchange_rate_for_cash_withdrawal,8188,development
3dc9bc15cf9229f41674,355,exchange_rate,352,development
3dd2df9e89ccbd6a4e0d,478,card_payment_wrong_exchange_rate,473,development
3dd527285a003c9bbf41,7038,beneficiary_not_allowed,6898,development
3dd92f10b1d8d2d25253,2103,cancel_transfer,2066,development
3de12de30ff5ee41611d,8992,exchange_charge,8818,development
3de1d4535596540fa02e,8808,cash_withdrawal_not_recognised,8634,development
3df7152779927e35c494,7410,receiving_money,7266,development
3dff14f9036af7272fe4,5828,Refund_not_showing_up,5723,development
3e05caa711943199ae4e,5722,Refund_not_showing_up,5619,development
3e07ca9a602ae0066b8f,2677,card_payment_fee_charged,2629,development
3e091a7fe818b63d6aea,7269,transfer_fee_charged,7128,development
3e145d2d273f9352d5ee,383,exchange_rate,378,development
3e2a180a627c6e272a5a,2625,card_payment_fee_charged,2579,development
3e2bcbd31d863e9ba70e,4943,declined_cash_withdrawal,4854,development
3e2f96cd75d5f65c0c0a,6637,transfer_timing,6507,development
3e326543935edaa2e0f0,7427,receiving_money,7283,development
3e32e4da608170f1b02a,128,card_arrival,127,development
3e3b221f090bc587f409,4371,disposable_card_limits,4293,development
3e4064ecc05fd71d44c3,1362,exchange_via_app,1343,development
3e4aa5d7f04681646706,3604,card_payment_not_recognised,3542,development
3e4ac0f62198acc06a44,954,fiat_currency_support,942,development
3e4b5c01b0379c86fa12,9778,verify_my_identity,9591,development
3e4bf287df64f6b20c0b,5380,request_refund,5282,development
3e4d22836617790ffb75,1573,age_limit,1549,development
3e793b956079895684e9,6823,reverted_card_payment?,6687,development
3e86d55ae23e0ff1ea6c,6066,pending_transfer,5954,development
3e883ba61ef3b386b1cf,9358,cash_withdrawal_charge,9177,development
3e90d94cb9bf10ed1f0c,648,extra_charge_on_statement,640,development
3e9abf54dc6031636bdd,4037,get_physical_card,3970,development
3e9e765480511723f176,5235,pending_card_payment,5133,development
3e9f7df5c115fc4dfbbd,2973,supported_cards_and_currencies,2921,development
3eab1e323643ae415ec0,9146,top_up_by_card_charge,8970,development
3eb5c207f382704196e2,7923,getting_spare_card,7767,development
3eb8d8197c8be6ed7af6,9683,apple_pay_or_google_pay,9500,development
3ec01702ef455dc9905b,3673,edit_personal_details,3611,development
3ed493b4a0aaa86fdd74,4020,get_physical_card,3953,development
3ed96a38e0bb9fe901a1,1625,age_limit,1598,development
3edecd5e062db5e95633,5654,declined_transfer,5552,development
3edf8461a8a3c7f61bf5,5491,request_refund,5391,development
3ee0309fd95fc1afb1b5,5290,lost_or_stolen_phone,5192,development
3ee25cd2869b6b192101,2295,top_up_limits,2252,development
3ee5b6ad819e441d8d66,6168,terminate_account,6052,development
3ee8273a7e400435ced5,7743,verify_top_up,7595,development
3ee83289921bfc35f326,9007,exchange_charge,8833,development
3ee8b427c5eff094dcce,8710,balance_not_updated_after_bank_transfer,8536,development
3eeb3ee3f6bac36d2f3b,9819,verify_my_identity,9632,development
3eeb511a1f6425b3823d,9107,top_up_by_card_charge,8932,development
3eefd2564e36d769c7d5,5598,declined_transfer,5498,development
3efb8849e7de367f0bcb,7421,receiving_money,7277,development
3efcb776705363c181f9,641,extra_charge_on_statement,633,development
3f0451a1aff746b5765e,3695,edit_personal_details,3632,development
3f05a878488bf9148018,6526,verify_source_of_funds,6401,development
3f0c2cf60257291df754,781,pending_cash_withdrawal,771,development
3f0ed1ffd1d614c854d0,9112,top_up_by_card_charge,8937,development
3f11cd0f0f59bba4ee97,7420,receiving_money,7276,development
3f182036d15153f76e9d,4368,disposable_card_limits,4290,development
3f41c61705f74ad8f873,4284,topping_up_by_card,4207,development
3f50661474e86d16f835,8894,cash_withdrawal_not_recognised,8720,development
3f554206ebf39c8b312b,7098,beneficiary_not_allowed,6958,development
3f555b8799db9f739701,74,card_arrival,74,development
3f5fac1be6343be48a86,8485,top_up_failed,8315,development
3f8008f06ea0eedb9bb2,6476,transaction_charged_twice,6353,development
3f859caf35875ce7bf3c,3653,edit_personal_details,3591,development
3f85ace6b136cb2a1d26,7894,getting_spare_card,7738,development
3f8eb5c18b59d36eec05,9061,exchange_charge,8886,development
3f907ccc0ee442adce3c,2043,pending_top_up,2008,development
3f92e4c95142195e7f54,4747,direct_debit_payment_not_recognised,4662,development
3f98857f5b7d6a411ea1,7391,receiving_money,7247,development
3fb7525686954fc84104,4148,visa_or_mastercard,4079,development
3fbf433c34f85b6e79dc,6130,pending_transfer,6015,development
3fdcea84707490e18a61,258,card_linking,256,development
3fe78d8237fe7d386560,4393,disposable_card_limits,4315,development
3fe809a65828eac51b78,5836,declined_card_payment,5731,development
3feb2ba933d392661cb6,8298,wrong_exchange_rate_for_cash_withdrawal,8135,development
3feb6d25ee751ca939e4,8351,wrong_exchange_rate_for_cash_withdrawal,8186,development
3ff1c1c784391f20f04f,3284,top_up_reverted,3224,development
400f309c67e1177dcbf6,2927,supported_cards_and_currencies,2876,development
4012302153bc7f387dd1,9990,country_support,9799,development
401da6195a6e43d573f4,2256,top_up_limits,2217,development
402d720035a7f434f3f3,8637,balance_not_updated_after_bank_transfer,8464,development
402dd79601d267882e4e,4580,atm_support,4497,development
40305a6e5852c3076b14,8216,wrong_exchange_rate_for_cash_withdrawal,8054,development
403481dc3733762f2492,7589,transfer_into_account,7444,development
4039adf01073e003f9e6,3956,unable_to_verify_identity,3890,development
4044b9a2b8a85925af82,2299,top_up_limits,2256,development
4048c9b543757bf1b697,5664,declined_transfer,5562,development
404dbaebbb7af5324263,7409,receiving_money,7265,development
405117ce5b84839906f9,771,pending_cash_withdrawal,761,development
405c8840ed7e95f998b0,61,card_arrival,61,development
406a592a8c0bdf146266,7000,change_pin,6861,development
407494d0f4a5f4142d92,7880,getting_spare_card,7724,development
408ea93488bc8e960faf,7403,receiving_money,7259,development
40929c606511b77713fa,1343,card_not_working,1324,development
4095e8b59c84d650d463,4537,compromised_card,4455,development
40a020b6790ad05701d1,8731,balance_not_updated_after_bank_transfer,8557,development
40a37c79690aec7983df,251,card_linking,249,development
40a3e746d4ffee8dc337,2477,wrong_amount_of_cash_received,2432,development
40b97ca10e67651d58e3,3794,why_verify_identity,3728,development
40be78136e39ebf2fd11,8488,top_up_failed,8318,development
40bf315568a111afaab0,4842,passcode_forgotten,4755,development
40ca961e403b7b06613f,5876,declined_card_payment,5771,development
40d33fda11d88e5057b4,2341,wrong_amount_of_cash_received,2296,development
40d9f6aeda47debd52fb,1189,automatic_top_up,1173,development
40dd4669a8cde9e56438,3690,edit_personal_details,3596,development
40ffa834ce629d40896a,3577,card_payment_not_recognised,3515,development
4109d03c137095c3338d,3383,balance_not_updated_after_cheque_or_cash_deposit,3322,development
410ad66aba385d2029e6,6661,transfer_timing,6531,development
411216cce75e5dc8c345,674,extra_charge_on_statement,666,development
411728ad912fb6033058,319,exchange_rate,317,development
411d60da23538223229c,7472,failed_transfer,7328,development
412023ab7a360e4a1f38,2585,card_payment_fee_charged,2539,development
41203f0c4e8e78460a88,491,card_payment_wrong_exchange_rate,486,development
412abd758f107241a374,8401,get_disposable_virtual_card,8235,development
412faa5e34ecd2714955,2998,getting_virtual_card,2946,development
413e2558798b53f2d99f,1521,lost_or_stolen_card,1500,development
4149d890ce7d3242a9a9,2801,transfer_not_received_by_recipient,2750,development
414d7cc68000bc516c48,5678,Refund_not_showing_up,5575,development
415d0eafee7d3132350a,1957,pending_top_up,1928,development
416fdc970b4524ec2e66,896,fiat_currency_support,884,development
418de2e7918184e786e1,8467,get_disposable_virtual_card,8264,development
4192c58d516ff5c40ccc,3417,balance_not_updated_after_cheque_or_cash_deposit,3356,development
4192dee0d6f1972b5670,5623,declined_transfer,5522,development
41a8072958ec30e47c16,5859,declined_card_payment,5754,development
41ae7b52a4e7e1a60dd1,29,card_arrival,29,development
41b09a1be16ca243e659,7193,transfer_fee_charged,7052,development
41b177e917f5f771fc04,1713,pin_blocked,1686,development
41c8c283caa5ad1c6b6b,5425,request_refund,5326,development
41cb9449144fc28fa195,4864,passcode_forgotten,4777,development
41cbaa810d8d211dfaf7,9298,activate_my_card,9117,development
41cc1728b55dc3fbf7e3,8557,top_up_failed,8384,development
41ce1c600729211d3c23,9929,country_support,9739,development
41cfa450e558d4f4f56d,778,pending_cash_withdrawal,768,development
41dfaaf5f7a1b8c450a4,4325,topping_up_by_card,4248,development
41eab7a1efcfa111c946,6284,card_swallowed,6166,development
41eb24b37529e97f7478,2482,wrong_amount_of_cash_received,2437,development
41ec52b1ec4b16808380,6914,change_pin,6776,development
41f3a8741ebd0224f8e4,376,exchange_rate,372,development
41f5467990fa60a716d2,5084,declined_cash_withdrawal,4991,development
41fd48cc488f822413e3,5773,Refund_not_showing_up,5670,development
41fd5a969c47063d2ec8,8167,virtual_card_not_working,8006,development
4224d0d93d39b16871fd,3707,edit_personal_details,3644,development
42272996672f2cea3599,943,fiat_currency_support,931,development
4234fcf10a6651761920,3409,balance_not_updated_after_cheque_or_cash_deposit,3348,development
423ecef05e375df59e51,7288,transfer_fee_charged,7146,development
426471067a4dbc873d4b,2012,pending_top_up,1981,development
4266eeb2671dcb0c3770,9628,card_about_to_expire,9445,development
426873ef2453820d9119,2250,top_up_limits,2211,development
426abf32529d8ff45a03,7057,beneficiary_not_allowed,6917,development
427d1dd4fe795c73c52f,1580,age_limit,1556,development
427fdde2d26d8c0b9d7b,4038,get_physical_card,3971,development
428bb050029fb12593c9,3243,top_up_reverted,3184,development
4298adb772cf42275b12,9102,top_up_by_card_charge,8927,development
42a517bc1cb480ada8f7,5034,declined_cash_withdrawal,4943,development
42b9e375506f3b6504ae,1213,automatic_top_up,1196,development
42bf936bbff100d45458,5873,declined_card_payment,5768,development
42cc0c8435a283202f89,4973,declined_cash_withdrawal,4883,development
42d7bc79fa4c66671274,5003,declined_cash_withdrawal,4913,development
42dcb373c184c7c2b017,8876,cash_withdrawal_not_recognised,8702,development
42e41dae2bde1cb2af03,5285,lost_or_stolen_phone,5187,development
42e4940c6819a09bc3c3,9508,cash_withdrawal_charge,9326,development
42e702a28d0fac588fda,3948,unable_to_verify_identity,3882,development
42f729edc9ff70dab36f,1198,automatic_top_up,1182,development
42fcf4296041f023e3e9,612,extra_charge_on_statement,605,development
4308527dca45a3d79e8c,4502,compromised_card,4420,development
431911e78cecb75a78ea,8706,balance_not_updated_after_bank_transfer,8532,development
431e13021798865037a8,6696,transfer_timing,6564,development
432c1ad451f9df144a80,6225,terminate_account,6108,development
432f7aa5a77330c7e804,1643,age_limit,1616,development
433f9747dd68b292d8ea,5352,lost_or_stolen_phone,5254,development
4341f688d0f7c9a29335,2489,wrong_amount_of_cash_received,2444,development
434205aad9c32789a951,8227,wrong_exchange_rate_for_cash_withdrawal,8065,development
4343fc6dc8737438a7d1,1802,contactless_not_working,1774,development
4347f6de465b4d4fa0da,4493,compromised_card,4411,development
434f8a47fd4a6b72aab3,8863,cash_withdrawal_not_recognised,8689,development
43530f965da3e289ccef,6784,reverted_card_payment?,6649,development
43560fa67bd32b5a16f0,8669,balance_not_updated_after_bank_transfer,8495,development
4357404ed8739bdbd025,7785,verify_top_up,7631,development
435fcab2ff31ecdd62eb,6605,transfer_timing,6475,development
4360ead8a0d4c09e6866,8247,wrong_exchange_rate_for_cash_withdrawal,8085,development
4362bff282710abbebf6,5665,declined_transfer,5563,development
4364226e742c99d2a383,1178,automatic_top_up,1162,development
4366c9c9c026a424ee21,8049,order_physical_card,7891,development
43670e489eb02ff2ee51,1229,automatic_top_up,1212,development
436c696b18c8d2863847,410,card_payment_wrong_exchange_rate,405,development
4388d42649483c45b737,175,card_linking,174,development
4389c448e46bf1f3af8d,974,fiat_currency_support,962,development
4395ee8ae5d80abaffd1,6904,change_pin,6766,development
43a6c829bfb9eb435c6a,6753,reverted_card_payment?,6618,development
43a888813e5bdb720db8,7164,transfer_fee_charged,7023,development
43bb84fcf0f52126e60b,6279,card_swallowed,6161,development
43cb4179ca98b5ffa09f,31,card_arrival,31,development
43d4b9dab8f9c6c5d802,4068,get_physical_card,4001,development
43d9bf11c0b8854869d4,4402,disposable_card_limits,4324,development
43dbf3b6309f7358ab6c,3108,card_acceptance,3054,development
43f6531a92bc488f25f5,3157,top_up_reverted,3102,development
43f9a88d9c1b65e61a5e,592,extra_charge_on_statement,586,development
4405d7829f9d482c635e,3089,getting_virtual_card,3035,development
440d4ea5824856f16443,3868,why_verify_identity,3802,development
440fc8baac57181e55fb,8334,wrong_exchange_rate_for_cash_withdrawal,8169,development
444766485e4e8a8342df,6672,transfer_timing,6542,development
4466281a292c47ec0a41,3307,balance_not_updated_after_cheque_or_cash_deposit,3247,development
44672b1c7f2e041b61b6,7573,transfer_into_account,7428,development
446fcc553398974ad10d,5621,declined_transfer,5520,development
447123e0edc46c1dd268,4880,passcode_forgotten,4792,development
4478b970b81742952fa6,2636,card_payment_fee_charged,2589,development
447901d688845db52c98,773,pending_cash_withdrawal,763,development
4487f9a333a4f7c7f181,5238,pending_card_payment,5141,development
448af854b53605bb1e09,6731,reverted_card_payment?,6597,development
448bb1b1516239f837c6,9432,cash_withdrawal_charge,9250,development
448cd27204d5f82ad310,7866,getting_spare_card,7710,development
448dabe966a39ebd2f41,717,extra_charge_on_statement,708,development
448db1485ce274084743,9413,cash_withdrawal_charge,9231,development
44a4b1a9f3980534e8ef,3647,card_payment_not_recognised,3585,development
44ac52664726d9a754b6,689,extra_charge_on_statement,681,development
44b7a025c94bd44bb9a9,3435,balance_not_updated_after_cheque_or_cash_deposit,3374,development
44bca8a6bb432ab4a1af,4742,direct_debit_payment_not_recognised,4657,development
44c9b4066445e363c3cc,3494,card_payment_not_recognised,3432,development
44cbcd59060f13371f3e,2962,supported_cards_and_currencies,2911,development
44cf366890eff01fca28,1676,pin_blocked,1649,development
44d234dfe03b5f44edce,8040,top_up_by_cash_or_cheque,7882,development
44d499f0e9f7e63eef36,8883,cash_withdrawal_not_recognised,8709,development
44dd11de10262873e077,5978,declined_card_payment,5871,development
44e53e58298056a3ae31,8345,wrong_exchange_rate_for_cash_withdrawal,8180,development
44eb2866a31a1e63f95c,8586,top_up_failed,8413,development
44eccd0e8cf72b9f07fd,8506,top_up_failed,8335,development
45165e59c9b7813ff2f5,7890,getting_spare_card,7734,development
45219673bd5d64adf5fb,1085,card_delivery_estimate,1070,development
4529c5912be2389c270f,144,card_arrival,143,development
452de28537345d9c395c,9837,verify_my_identity,9650,development
4540ddf537bf5ba2e093,1164,automatic_top_up,1148,development
45430ed020a784993a34,7684,verify_top_up,7539,development
4553584bd8dad20900e8,6386,transaction_charged_twice,6267,development
455379a093238f064e45,7957,top_up_by_cash_or_cheque,7801,development
45570b7d6656febdbea9,9656,apple_pay_or_google_pay,9473,development
4558778ecb114c471703,1318,card_not_working,1299,development
4558d6c46c27de9279a2,5095,pending_card_payment,5002,development
45597cf079f9fe610256,9098,top_up_by_card_charge,8923,development
455aa2226659e397f5a7,632,extra_charge_on_statement,624,development
45648ee2a89deb3c491a,2253,top_up_limits,2214,development
4567dac5ed63a1b55c6b,9601,card_about_to_expire,9418,development
4569752edb450003c24a,5630,declined_transfer,5529,development
45724528c2a765883a47,7612,transfer_into_account,7467,development
457db59df26fb34975c0,724,extra_charge_on_statement,715,development
45873d112b809111b2ec,6575,verify_source_of_funds,6446,development
4588300029829ca4638e,4483,compromised_card,4401,development
458a19109d65bddb55f0,9808,verify_my_identity,9621,development
4590a1fe3cd7b10c8203,2609,card_payment_fee_charged,2563,development
45983e19f97d7a8be8fc,5629,declined_transfer,5528,development
459973ca090d47279180,1570,age_limit,1546,development
459a5d8864038d5c6cb0,2994,supported_cards_and_currencies,2942,development
45a9161e26104a6ab98d,9859,verify_my_identity,9671,development
45ace1dfcd3f77502753,9562,card_about_to_expire,9379,development
45b6940544eb58aa9c54,8726,balance_not_updated_after_bank_transfer,8552,development
45b855aedf1936b76570,5823,Refund_not_showing_up,5718,development
45c20366a52f5891947a,7943,top_up_by_cash_or_cheque,7787,development
45c8d465fcdb53919258,545,card_payment_wrong_exchange_rate,539,development
45cb007d2cb0e943bbbd,8625,balance_not_updated_after_bank_transfer,8452,development
45cbc996b6745328ab4a,8481,top_up_failed,8311,development
45dddd9bbde0d104a90d,3681,edit_personal_details,3619,development
45e0ca251f3804d6fd4b,407,card_payment_wrong_exchange_rate,402,development
45e5214de26928ff652c,1238,automatic_top_up,1220,development
45efda423a8b8333bda3,9743,apple_pay_or_google_pay,9557,development
45f2c925249b72ec48e7,2104,cancel_transfer,2067,development
45fe591f30a34d61271e,5976,declined_card_payment,5869,development
45ff4bb549e91577c652,819,pending_cash_withdrawal,809,development
460421548ce75b13e9ae,758,pending_cash_withdrawal,748,development
46068fb954472d1bfa3d,4399,disposable_card_limits,4321,development
46076b167941d1b8a1bc,4736,direct_debit_payment_not_recognised,4651,development
4610a4e1872b3b730ef8,9930,country_support,9740,development
463d924905557c363663,7675,transfer_into_account,7530,development
4640dbbd548972a2a1c5,7642,transfer_into_account,7497,development
4646b32f4f7e331c6cb5,5378,request_refund,5280,development
465659d4b7384dc87a0e,6929,change_pin,6791,development
4662a8d89a2a42967e5a,5766,Refund_not_showing_up,5663,development
46741f9cf7d6ed280ad8,7781,verify_top_up,7627,development
46798b814e481192a7e8,7212,transfer_fee_charged,7071,development
467b408a787ff4e020bb,1791,contactless_not_working,1763,development
4680e55a9f1d30a529be,971,fiat_currency_support,959,development
4681383bb0ffd86b7fe8,2379,wrong_amount_of_cash_received,2334,development
4681b7fa83cbed8d507d,8110,order_physical_card,7952,development
4683c7025c348a30b210,2886,supported_cards_and_currencies,2835,development
4687c2387165c4f8e040,4328,topping_up_by_card,4251,development
46a6d8faf351672fff6f,7402,receiving_money,7258,development
46b2a0a8c50645576dac,9939,country_support,9749,development
46b384aebb20e618f36a,1348,card_not_working,1329,development
46c6ee7d8e9f3b44456f,3259,top_up_reverted,3200,development
46cb82587bd9ede0c042,108,card_arrival,108,development
46f3dad35492d44a0df6,3336,balance_not_updated_after_cheque_or_cash_deposit,3276,development
46f426889bbe9418babc,5485,request_refund,5385,development
46f7331031f62184dcd3,2006,pending_top_up,1977,development
46f77ad8654357d6b40c,5985,declined_card_payment,5786,development
46fc2ccad2610df97269,6619,transfer_timing,6489,development
47000e0661fa31c46eb3,5658,declined_transfer,5556,development
471242e965b9f9a625c7,5355,lost_or_stolen_phone,5257,development
4724d76c4160394386ff,3374,balance_not_updated_after_cheque_or_cash_deposit,3313,development
4729cdcd21dc8388ce59,894,fiat_currency_support,882,development
472c6f174b1c9b3aad5e,9503,cash_withdrawal_charge,9321,development
472fa15f32ec44c30b75,7935,top_up_by_cash_or_cheque,7779,development
473269561883c09b5ee2,4920,declined_cash_withdrawal,4831,development
473aa7d220dfe8e7efdd,8954,exchange_charge,8780,development
4740758088a3eb11e091,9132,top_up_by_card_charge,8957,development
474edc38a69d46bfa810,8828,cash_withdrawal_not_recognised,8654,development
474f68c864bc82730532,8264,wrong_exchange_rate_for_cash_withdrawal,8101,development
4751dfbb025df63763cd,9804,verify_my_identity,9617,development
4752f5cd6c9773d41c26,8295,wrong_exchange_rate_for_cash_withdrawal,8132,development
4755f5a8b5cf94cf5000,7395,receiving_money,7251,development
475610c4ab0b823fb7de,3413,balance_not_updated_after_cheque_or_cash_deposit,3352,development
475b16aabaa0d2cd3ab4,4426,disposable_card_limits,4347,development
4769ac2cd6dcaa71cb78,7368,receiving_money,7224,development
47762c609c45aa543ea3,5730,Refund_not_showing_up,5627,development
477a6d9951824eb26c69,3296,top_up_reverted,3236,development
47811a153893e3755861,4041,get_physical_card,3974,development
4781e9c6be3b583f5d3c,3991,unable_to_verify_identity,3924,development
478404027cfde212f629,5698,Refund_not_showing_up,5595,development
47882f078e6dd2816d42,6900,change_pin,6762,development
47883859b32c18d0a14f,6703,transfer_timing,6570,development
478eb763fa3db6715095,6489,verify_source_of_funds,6366,development
47914744a6e5a1770888,9861,verify_my_identity,9673,development
4792af3345a88db9cdfd,2947,supported_cards_and_currencies,2896,development
4794375445b6243eec58,5324,lost_or_stolen_phone,5226,development
47a1e717744d63c27f8f,2227,cancel_transfer,2188,development
47b2ca9915e11621b1cc,7523,failed_transfer,7379,development
47bae99cff8bc0ed4351,9740,apple_pay_or_google_pay,9554,development
47cd367b910049c66a59,5675,Refund_not_showing_up,5572,development
47d15e4bc96d52847e75,3099,card_acceptance,3045,development
47d6304e27a677288772,9885,country_support,9695,development
47da8bd8505e38a191d5,8115,order_physical_card,7957,development
47dd3c51c21afc4c0e0c,6357,transaction_charged_twice,6239,development
47ecc893fae558cbbfeb,6522,verify_source_of_funds,6397,development
47f2a4da3d7500d8fd3e,9449,cash_withdrawal_charge,9267,development
47f54369a1d443149ac1,4610,atm_support,4526,development
47fc11f69da82e1bd9a0,5450,request_refund,5351,development
480688cb71f1bff110c9,4581,atm_support,4498,development
48182495f4a95277b008,2338,wrong_amount_of_cash_received,2293,development
481a11ebc1c2e47338b5,4256,topping_up_by_card,4179,development
481ce58baaa5ecb4cbb8,6199,terminate_account,6083,development
482308da4c2667ea6439,6388,transaction_charged_twice,6269,development
4825aec2b41a48b5f82a,7872,getting_spare_card,7716,development
482dcc58064b4cb96ebd,9110,top_up_by_card_charge,8935,development
483652d0cc6d161b64b6,8307,wrong_exchange_rate_for_cash_withdrawal,8124,development
483ee0ba2756ae43a898,2710,transfer_not_received_by_recipient,2662,development
484825f2d042f70d5f37,8009,top_up_by_cash_or_cheque,7852,development
484ee998c006afdc2366,3572,card_payment_not_recognised,3510,development
4853e8e3fb457b27f690,7644,transfer_into_account,7499,development
486b4244bc5f75159ff5,1781,pin_blocked,1753,development
4874faec898e35e006d9,9917,country_support,9727,development
4876fb304592bc2aa814,2405,wrong_amount_of_cash_received,2360,development
48779ee095ad94b07b03,7389,receiving_money,7245,development
4878d68aa8314447901d,2042,pending_top_up,2007,development
487df37269d8e879087d,463,card_payment_wrong_exchange_rate,458,development
48816368f64b19459e65,9303,activate_my_card,9122,development
488cd0116abdc24f5b1b,1361,exchange_via_app,1342,development
48943a7507055b8a0760,1031,card_delivery_estimate,1019,development
489794ac4c3ea9a47f60,6717,transfer_timing,6584,development
48a76c9e225edca63ac9,4332,topping_up_by_card,4255,development
48aae183bc110b716026,7817,getting_spare_card,7661,development
48abfd84cf4582e1df9a,9067,top_up_by_card_charge,8892,development
48c7eac866dc0e1ec89f,7689,verify_top_up,7544,development
48cc8982978e6b7539b8,3224,top_up_reverted,3165,development
48ccd13dce30675d15c0,9541,card_about_to_expire,9359,development
48d9ad54f14b74e63da9,4302,topping_up_by_card,4225,development
48dd7fe88b0feaee03ee,7515,failed_transfer,7371,development
48e31cf2914a7dbcdb87,3370,balance_not_updated_after_cheque_or_cash_deposit,3309,development
48e7715f5be24357b7b6,4620,atm_support,4536,development
48eed6e65155ef8bd575,6585,verify_source_of_funds,6455,development
48f28f0f9b71c02b8721,9590,card_about_to_expire,9407,development
48f9bb009d17292ced2a,2574,card_payment_fee_charged,2528,development
4902c609b74eb3579110,909,fiat_currency_support,897,development
490b865c9e8a0e8c7dc8,5533,request_refund,5433,development
490e0d566d95f2bbfef3,8204,virtual_card_not_working,8042,development
490e2f8d61a6e6400ba4,3407,balance_not_updated_after_cheque_or_cash_deposit,3346,development
4912c0d3a10c30c13439,433,card_payment_wrong_exchange_rate,428,development
49170cf153139a96d3f3,1223,automatic_top_up,1206,development
492a0a43958424ffafd9,5263,lost_or_stolen_phone,5166,development
492c7fdf352ad4942f19,972,fiat_currency_support,960,development
492d9ce65677dd33d078,8660,balance_not_updated_after_bank_transfer,8487,development
492fd7cbb1ed0f9a87f3,931,fiat_currency_support,919,development
49316bc9d3ccd3aec279,691,extra_charge_on_statement,683,development
493597def750200d3a66,9004,exchange_charge,8830,development
493cffa9c9e9542496c0,655,extra_charge_on_statement,647,development
493e5a822eb417958545,2952,supported_cards_and_currencies,2901,development
495b0c5fba2c86ceab21,8878,cash_withdrawal_not_recognised,8704,development
496b8f5bd1c7f5ac7634,3989,unable_to_verify_identity,3922,development
496ba3511f006475e618,5606,declined_transfer,5505,development
4979e709bf298238fdd5,230,card_linking,228,development
497f103563d0f6cc4797,8769,balance_not_updated_after_bank_transfer,8595,development
498c08f8e1977d2dd60f,3984,unable_to_verify_identity,3917,development
498d0487b563b1d0348b,5589,declined_transfer,5489,development
4991fc8b97ba574caa5f,4600,atm_support,4516,development
49a5f9937d85193e0bdb,2893,supported_cards_and_currencies,2842,development
49a6421699e41b443569,211,card_linking,209,development
49b9cf80eedb23cf0fe4,5157,pending_card_payment,5063,development
49c9312adf49a0a323cd,5011,declined_cash_withdrawal,4921,development
49cadd44c2dc12e18a8f,4997,declined_cash_withdrawal,4907,development
49cb6143df2cdba05046,6369,transaction_charged_twice,6250,development
49cd12ab86b2ff527049,4467,compromised_card,4385,development
49cda490f9a81d7dc74a,9436,cash_withdrawal_charge,9254,development
49e59e60178b36940f8b,2458,wrong_amount_of_cash_received,2413,development
49f2a19b659a29e86c0b,6482,verify_source_of_funds,6359,development
49fb901c8d37b2255014,4700,direct_debit_payment_not_recognised,4616,development
4a0136a61f1902103bab,8498,top_up_failed,8328,development
4a0240359d30f83105b5,7820,getting_spare_card,7664,development
4a0c349bf982f98286f3,1185,automatic_top_up,1169,development
4a0cc78d0e7969f6f5b9,808,pending_cash_withdrawal,798,development
4a145e3f840779772d92,5064,declined_cash_withdrawal,4973,development
4a23ab0512e2526a8c10,4447,disposable_card_limits,4352,development
4a4835774a6123bcea5a,8667,balance_not_updated_after_bank_transfer,8493,development
4a4ba161dd92730140b2,8444,get_disposable_virtual_card,8278,development
4a6c51efa779051cdd1e,585,extra_charge_on_statement,579,development
4a714e34a6200f7d1dfb,904,fiat_currency_support,892,development
4a76df5f1bc6b09d8c50,700,extra_charge_on_statement,691,development
4a7f6af0387dd88c5f7b,3760,edit_personal_details,3694,development
4a817b923f24a6641f11,448,card_payment_wrong_exchange_rate,443,development
4a84de074588619b69c3,1125,automatic_top_up,1110,development
4a8ee6c26f8114338bbd,9533,card_about_to_expire,9351,development
4a9361a9c01bb9b91330,6184,terminate_account,6068,development
4a938d9787743932af71,3780,why_verify_identity,3714,development
4a9791260344f7f63122,4070,get_physical_card,4003,development
4a9894abd47d0d0ac6f1,4221,visa_or_mastercard,4145,development
4a98ee5dbd1ee99aa60e,7329,transfer_fee_charged,7185,development
4a995eb9110d497196b2,523,card_payment_wrong_exchange_rate,518,development
4aa2d561f5bf3b6639da,9028,exchange_charge,8854,development
4aa33f596ac51dded6ef,7955,top_up_by_cash_or_cheque,7799,development
4aadc1b0fcbb7ccc62ae,2943,supported_cards_and_currencies,2892,development
4ab73fd4f7a6be4223a4,6387,transaction_charged_twice,6268,development
4ab8920b27d26959ae2c,5416,request_refund,5318,development
4abe8bd8ff100de0e338,1272,card_not_working,1254,development
4ac07ad722a172b20f89,1648,age_limit,1621,development
4ac153c9226b7ef5fea2,91,card_arrival,91,development
4ac37661c018e9973692,6806,reverted_card_payment?,6671,development
4ad061e6d657b33debb0,4217,visa_or_mastercard,4141,development
4adace1afbb021d2f17d,6975,change_pin,6836,development
4ae1443b3d1819bc3aff,5363,lost_or_stolen_phone,5265,development
4ae884d1ab5ebf3a9425,4475,compromised_card,4393,development
4ae9c1fa31452887363d,9180,activate_my_card,9004,development
4aedb081ed437377a9bc,8978,exchange_charge,8804,development
4aee94a56e9eb65e8244,5312,lost_or_stolen_phone,5214,development
4af1a9e67ad80e9a3471,742,pending_cash_withdrawal,732,development
4af9a9d5d54d876b0346,3004,getting_virtual_card,2952,development
4b03b36ab6c666c2c712,6316,transaction_charged_twice,6198,development
4b085de84fcee221ca0c,4188,visa_or_mastercard,4116,development
4b224b9ffe2c5252d3d3,8741,balance_not_updated_after_bank_transfer,8567,development
4b2c46ee8e9a0b1f416b,6449,transaction_charged_twice,6327,development
4b328b1e1b5d12230508,492,card_payment_wrong_exchange_rate,487,development
4b35c0fe2668f085875c,7542,failed_transfer,7398,development
4b499be76632301fd31b,4269,topping_up_by_card,4192,development
4b4cbddfe22106a566d9,5361,lost_or_stolen_phone,5263,development
4b53681b09ec96b14e04,6452,transaction_charged_twice,6330,development
4b585c52109056563838,8538,top_up_failed,8365,development
4b5f71455189604dec5c,303,exchange_rate,301,development
4b60f8710ca931019f62,624,extra_charge_on_statement,617,development
4b6f47674716bc74f5f4,8610,top_up_failed,8437,development
4b7d26148609c0e4ea06,2638,card_payment_fee_charged,2591,development
4b94d069e22f4bcc14cc,4080,get_physical_card,4013,development
4b9809ccba34b18db042,6464,transaction_charged_twice,6341,development
4b9d27e5cd567d830e6c,4145,visa_or_mastercard,4076,development
4ba028aee4c91b37e4f8,1680,pin_blocked,1653,development
4ba3c3f399d160ce3f87,8314,wrong_exchange_rate_for_cash_withdrawal,8150,development
4ba7754db4dff6e55eaa,4792,direct_debit_payment_not_recognised,4706,development
4baf9096966287863c7c,9430,cash_withdrawal_charge,9248,development
4bb24199301a91d89c62,9407,cash_withdrawal_charge,9226,development
4bd048fbec112fdabdd8,7865,getting_spare_card,7709,development
4bd9cc45d5c30f95eb63,844,pending_cash_withdrawal,832,development
4beb93e9530331c6ef15,9973,country_support,9782,development
4bebdd05564a0885991b,1235,automatic_top_up,1217,development
4becd7599efe710a085e,8253,wrong_exchange_rate_for_cash_withdrawal,8091,development
4bf6e978d562f1c7699d,4370,disposable_card_limits,4292,development
4bf87835f5b9ada8054d,8672,balance_not_updated_after_bank_transfer,8498,development
4c07bd4cc80b832d3122,1058,card_delivery_estimate,1045,development
4c0cdb56d3af810cca86,9713,apple_pay_or_google_pay,9528,development
4c1260517b1ada321a6f,5060,declined_cash_withdrawal,4969,development
4c2035813b17a11f738d,471,card_payment_wrong_exchange_rate,466,development
4c2483aae80084efffdd,9841,verify_my_identity,9654,development
4c28ec3b6e4d3033af77,6436,transaction_charged_twice,6314,development
4c329d05ce14dc46c9f5,4517,compromised_card,4435,development
4c35229e57d40c7cbffd,566,card_payment_wrong_exchange_rate,560,development
4c3b3af05cd831e46a12,3624,card_payment_not_recognised,3562,development
4c42318bef94ea76d295,7263,transfer_fee_charged,7122,development
4c42bd34511833b2d2b2,4378,disposable_card_limits,4300,development
4c53a30c8087310c9da9,4197,visa_or_mastercard,4125,development
4c543afa0603d667a32a,8447,get_disposable_virtual_card,8281,development
4c578d63aa7bd4ee99dc,6676,transfer_timing,6488,development
4c73aad4f24c11237d9f,9177,top_up_by_card_charge,9001,development
4c771561324f041d1907,3634,card_payment_not_recognised,3572,development
4c77f202028cd8ca763f,9086,top_up_by_card_charge,8911,development
4c8a01548504494750b6,8078,order_physical_card,7920,development
4c8e6b9a5f142e3f522c,2848,transfer_not_received_by_recipient,2797,development
4c9e991e4893fe452c44,7435,failed_transfer,7291,development
4ca4a032a51d67e0ae9b,3678,edit_personal_details,3616,development
4cb0b3268237a0c51442,2830,transfer_not_received_by_recipient,2779,development
4cba8a12c0c01a0d4097,7750,verify_top_up,7601,development
4cc04bb40d0401d28545,9768,apple_pay_or_google_pay,9581,development
4cc7f06cf665d3a4bb4f,3107,card_acceptance,3053,development
4ccf28f9bcd0f4bdf31c,7137,beneficiary_not_allowed,6996,development
4cd3dd864f4c9b66951f,7682,verify_top_up,7537,development
4cd75cb77bb1dc4fa367,8382,get_disposable_virtual_card,8217,development
4cdfcd746e1736702353,5925,declined_card_payment,5819,development
4ce9ffa4fd8e8cc5ab2e,6826,reverted_card_payment?,6690,development
4cefce0bcb5014940044,561,card_payment_wrong_exchange_rate,555,development
4cf70fdb46e3d01085c8,6497,verify_source_of_funds,6374,development
4cf97fc7a0f371f96b4d,6933,change_pin,6795,development
4d0180e1a64de4626c2c,5080,declined_cash_withdrawal,4987,development
4d0ade96f66549b73431,7002,change_pin,6863,development
4d0de16a97ebe4bf32cc,2407,wrong_amount_of_cash_received,2362,development
4d2b48ae9461986c54d6,2969,supported_cards_and_currencies,2918,development
4d2f0654bd3682b37d30,2290,top_up_limits,2248,development
4d304bf28bc002056152,4251,topping_up_by_card,4174,development
4d31672dc45d4ba3f5ef,5396,request_refund,5298,development
4d47a5de8711d2f1ffb6,5518,request_refund,5418,development
4d7a300f36c5506f5e9b,1730,pin_blocked,1702,development
4d8db38b296031a83597,8705,balance_not_updated_after_bank_transfer,8531,development
4d95aec344779e330e1b,2858,transfer_not_received_by_recipient,2807,development
4d95ef07a6249422ec9d,9292,activate_my_card,9091,development
4d9dfaca5d94d7be3650,4841,passcode_forgotten,4754,development
4da95a83ad3e760b7056,1969,pending_top_up,1940,development
4dc12321597b0cd4aaa9,8736,balance_not_updated_after_bank_transfer,8562,development
4dc47a9724234929a249,1606,age_limit,1580,development
4dd18ea2556fabd0c3db,6109,pending_transfer,5995,development
4dd9c21298bcf8aa87f8,7296,transfer_fee_charged,7154,development
4dddfdcd0121cf1639d7,2732,transfer_not_received_by_recipient,2684,development
4de3b59b90d59f0ba9c2,569,card_payment_wrong_exchange_rate,563,development
4df4a0626b3f7a023d82,8920,cash_withdrawal_not_recognised,8746,development
4df536f240e4dbbedf72,5412,request_refund,5314,development
4e07489259272c55ebc1,3495,card_payment_not_recognised,3433,development
4e0d99237f0ce829d7ae,5795,Refund_not_showing_up,5691,development
4e2b2aee623fee0e0235,8480,top_up_failed,8310,development
4e34e989503a513a3f95,3919,unable_to_verify_identity,3853,development
4e46c7773acb1451b2cf,150,card_arrival,149,development
4e48bb004cee1b70c411,5435,request_refund,5336,development
4e49484c1e62840d3211,6745,reverted_card_payment?,6611,development
4e4c8787a1b9b29442b1,1447,exchange_via_app,1427,development
4e5d8482bd6db8ae7a6c,8148,order_physical_card,7987,development
4e6618006c4777426af6,1974,pending_top_up,1945,development
4e69e1f3ae82259dda98,310,exchange_rate,308,development
4e6b8e5eabeafc03d137,8089,order_physical_card,7931,development
4e6d2052597d35b86418,5020,declined_cash_withdrawal,4930,development
4e713084009f67d4d55d,7550,failed_transfer,7406,development
4e7a5571a06864c5e515,239,card_linking,237,development
4e7dd943b6d19513330a,2995,supported_cards_and_currencies,2943,development
4e802d0c1d51252e678a,2118,cancel_transfer,2081,development
4e8036a938435c454b7e,2582,card_payment_fee_charged,2536,development
4e8551bed9d0f5cca477,882,fiat_currency_support,870,development
4e8e5ebd3d25fcb0df2b,2026,pending_top_up,1992,development
4e92419d923c8514061b,3788,why_verify_identity,3722,development
4e93303f876f2ef508a2,6477,transaction_charged_twice,6354,development
4ebe630c491a17afed26,4808,direct_debit_payment_not_recognised,4721,development
4ebfec442176df766027,6693,transfer_timing,6561,development
4ec1b8caf98c6c545da9,2486,wrong_amount_of_cash_received,2441,development
4ec6d8d1c805e01e3182,4946,declined_cash_withdrawal,4857,development
4edcaf3fb6239271b8b7,1167,automatic_top_up,1151,development
4ee85c2859e2de325483,4711,direct_debit_payment_not_recognised,4627,development
4ef00720b9e3b1f367d9,5292,lost_or_stolen_phone,5194,development
4ef75607bb624c20f0be,5490,request_refund,5390,development
4f02051e15e7458d8067,9467,cash_withdrawal_charge,9285,development
4f02c419d54765fc67b4,6330,transaction_charged_twice,6212,development
4f09d85c886a32667bee,9933,country_support,9743,development
4f1035271c190870719e,2242,top_up_limits,2203,development
4f10eab9c97d8c2f0f4f,723,extra_charge_on_statement,714,development
4f213186356b43c71487,5950,declined_card_payment,5843,development
4f2e3aeb1008aaf0360d,7796,verify_top_up,7641,development
4f31acd5c33a6432ae41,3505,card_payment_not_recognised,3443,development
4f3aa8be2b2f486b2dd4,3068,getting_virtual_card,3016,development
4f3c470f1d1202fe0f33,1247,card_not_working,1229,development
4f4ef918510bb199043e,8333,wrong_exchange_rate_for_cash_withdrawal,8168,development
4f56dd2da1280483d3bb,1398,exchange_via_app,1379,development
4f595cfa93c9fb1cf8bb,5141,pending_card_payment,5048,development
4f6828973e6b38bca65d,6899,change_pin,6761,development
4f7c0ac680102badc9b2,1813,contactless_not_working,1785,development
4f89479dc7a0c489c387,9462,cash_withdrawal_charge,9280,development
4f8bb6184bd6a0c0a3b8,6775,reverted_card_payment?,6640,development
4f8f6cffcb83770224e4,8281,wrong_exchange_rate_for_cash_withdrawal,8118,development
4f923fc65b90c19d34fd,3460,balance_not_updated_after_cheque_or_cash_deposit,3398,development
4f944138aadf6261cb9a,5431,request_refund,5332,development
4f9a2edb5d5cf2d4facd,9477,cash_withdrawal_charge,9295,development
4f9cac680b569c324c8c,2414,wrong_amount_of_cash_received,2369,development
4fa6974f0c9798158099,1126,automatic_top_up,1111,development
4fba157c65edf152f848,1996,pending_top_up,1967,development
4fbb17961e37198ec9b8,6094,pending_transfer,5948,development
4fc760e9775a6d47dc60,1812,contactless_not_working,1784,development
4fc9725c35f133cbcac5,7649,transfer_into_account,7504,development
4fcc227be55dfca550b2,4185,visa_or_mastercard,4113,development
4fce98fbeab355fcee70,1500,lost_or_stolen_card,1480,development
4fe273f3e668c1ea3298,5240,pending_card_payment,5143,development
4feda34cb095deed68f1,2569,card_payment_fee_charged,2523,development
4ff66316220151313ec6,6955,change_pin,6817,development
502363ef72ac1e6a254a,2381,wrong_amount_of_cash_received,2336,development
5028c3cf79732195b7c2,5537,request_refund,5437,development
5030d6c01ba0600c810d,765,pending_cash_withdrawal,755,development
5031fc40a86d0fb24219,9763,apple_pay_or_google_pay,9576,development
5036111af878837219d0,9451,cash_withdrawal_charge,9269,development
5042560d6c4e97479392,7168,transfer_fee_charged,7027,development
504294bdc9227b7770b1,1745,pin_blocked,1717,development
505693d386796497d77d,2909,supported_cards_and_currencies,2858,development
50611fcf790bd8d51df6,5004,declined_cash_withdrawal,4914,development
5061ebec46f551f51bcb,1414,exchange_via_app,1395,development
50634e3c4e13470f3634,1931,pending_top_up,1902,development
506d2c011b75bd364203,6305,card_swallowed,6187,development
5075755a54698555d390,4125,visa_or_mastercard,4056,development
5076efcaf8b1b490d693,4649,direct_debit_payment_not_recognised,4565,development
507a13d9d0034ba298b7,8770,balance_not_updated_after_bank_transfer,8596,development
507bc99722912a85887a,4172,visa_or_mastercard,4102,development
507c897a9e81254b2f93,811,pending_cash_withdrawal,801,development
508646c15f945bd5dbfe,3616,card_payment_not_recognised,3554,development
5086686299db22cab217,6391,transaction_charged_twice,6272,development
50936b3a2f146feda89c,9438,cash_withdrawal_charge,9256,development
50a05953db6ed1995cd1,10001,country_support,9810,development
50a859dee11019c1b8d6,4497,compromised_card,4415,development
50b36dda7ea5ce73e751,7218,transfer_fee_charged,7077,development
50b6025145a405503c38,4893,passcode_forgotten,4805,development
50ce4f2321a2fb9978ac,2902,supported_cards_and_currencies,2851,development
50d0fe9be0a4f4320abc,5962,declined_card_payment,5855,development
50d1c24a40193f39e1a5,777,pending_cash_withdrawal,767,development
50d3a674c657fc17130d,7480,failed_transfer,7336,development
50dc046604531b7d3eb3,9410,cash_withdrawal_charge,9228,development
50df528183fe5cf62838,9524,card_about_to_expire,9342,development
50eaf9022c7d3cb7d715,2096,cancel_transfer,2059,development
50f9ccdd0569f9587fde,7390,receiving_money,7246,development
5112fc29595d6ea169bd,2978,supported_cards_and_currencies,2926,development
512145ff42876a1f7e5e,4922,declined_cash_withdrawal,4833,development
51228b3a62563b4f5f45,6633,transfer_timing,6503,development
512e740abce433f8414d,6197,terminate_account,6081,development
51357e3711685c6af31d,9079,top_up_by_card_charge,8904,development
51431468662a706a9477,3312,balance_not_updated_after_cheque_or_cash_deposit,3252,development
5144f9de023cadc557a8,5341,lost_or_stolen_phone,5243,development
5145cf02bce9b727a85f,9914,country_support,9724,development
5147b4e77663db36afa5,132,card_arrival,131,development
5160ba85e09adef014eb,6178,terminate_account,6062,development
5161960f2ce6df25a2a9,5640,declined_transfer,5538,development
5165b5ab183548193f05,5771,Refund_not_showing_up,5668,development
5168c5af55a104e496f4,3860,why_verify_identity,3794,development
5170b73a500165859942,3781,why_verify_identity,3715,development
5176c67c64e91eb87521,6549,verify_source_of_funds,6421,development
517a610b60c9bfc0d356,3593,card_payment_not_recognised,3531,development
517bc019397156fa769f,975,fiat_currency_support,963,development
518e561b06fdc0c18304,4756,direct_debit_payment_not_recognised,4670,development
519db6ace63fbc5a5284,9304,activate_my_card,9123,development
51b53077ae6c130d73aa,5369,lost_or_stolen_phone,5271,development
51bd62b4ab4e8f6b0acf,164,card_linking,163,development
51c19130df83199bfa69,8090,order_physical_card,7932,development
51c52c2d2f18103b5332,3903,unable_to_verify_identity,3837,development
51cfd3059f8a24fcfa5f,7557,failed_transfer,7413,development
51d1989c3c6aebfce2e7,1488,lost_or_stolen_card,1468,development
51da53dfbdd047612c67,3483,card_payment_not_recognised,3421,development
51e0188e6c945165dcf2,8395,get_disposable_virtual_card,8229,development
51f31fda33eaef84dab5,2769,transfer_not_received_by_recipient,2719,development
51f919e915ca5d1e5040,9890,country_support,9700,development
520f96e620788a7e435c,9121,top_up_by_card_charge,8946,development
521908ba12061bd46b9c,9960,country_support,9770,development
52193f1206f42d5574ea,6298,card_swallowed,6180,development
521dd3414861953a4bcc,4914,passcode_forgotten,4826,development
5229dda6ab85baefe92c,716,extra_charge_on_statement,707,development
522a403fdb56476d5973,2505,wrong_amount_of_cash_received,2460,development
522f1272783879467e22,5321,lost_or_stolen_phone,5223,development
5232d20583f0f23fb2b3,3935,unable_to_verify_identity,3869,development
5234950c7adc904bf677,6246,card_swallowed,6128,development
524357d51b12f9f526bc,2628,card_payment_fee_charged,2582,development
52452b7c133bde98104e,2275,top_up_limits,2235,development
524af2daf0d6c62e8af1,3033,getting_virtual_card,2981,development
525054ad281a51ffa92c,8086,order_physical_card,7928,development
525ec3bd6ed22e5396a8,4318,topping_up_by_card,4241,development
525f57bfffcb90d0c6e9,7619,transfer_into_account,7474,development
5261a111aef1a53b6b54,1634,age_limit,1607,development
5268627ee7294b9a2f58,8807,cash_withdrawal_not_recognised,8633,development
526c39061a728dbad037,6710,transfer_timing,6577,development
526e0c09f1869e5b5364,8714,balance_not_updated_after_bank_transfer,8540,development
527060c52502fc8f52ad,2105,cancel_transfer,2068,development
52711ec7c9d653800ba7,7192,transfer_fee_charged,7051,development
52751b97637dea315f29,6695,transfer_timing,6563,development
527a0b8f75e0e7db4370,7500,failed_transfer,7356,development
5280633c03f5534ed9a1,4524,compromised_card,4442,development
52826b9f12992ef0216c,7631,transfer_into_account,7486,development
528518d384e321accc52,4107,visa_or_mastercard,4039,development
5287ab4489507d5c1e18,3032,getting_virtual_card,2980,development
52955dbb51a6284d5301,7158,beneficiary_not_allowed,7017,development
529b5d354d6ceccebb57,2427,wrong_amount_of_cash_received,2382,development
52a4b5acf2dd7ca9cad8,9872,verify_my_identity,9682,development
52ad6a163393a475dc1c,4183,visa_or_mastercard,4111,development
52bc629380b3a94a47f8,6847,reverted_card_payment?,6711,development
52cb07489264b3167351,7993,top_up_by_cash_or_cheque,7836,development
52cbe9c13499811c8900,3230,top_up_reverted,3171,development
52cd31850576455380b6,2680,card_payment_fee_charged,2632,development
52ce38573d79bf6f61ca,3940,unable_to_verify_identity,3874,development
52dfe2a7f7addf2b1e5c,903,fiat_currency_support,891,development
52e3b69fe4dd31530523,2535,card_payment_fee_charged,2490,development
52e5126139016e605c7c,8921,cash_withdrawal_not_recognised,8747,development
52f0812d53f7f3f65833,6808,reverted_card_payment?,6673,development
52f110625cd1bee1acea,7262,transfer_fee_charged,7121,development
52f6f4ea2a15adffbe2b,2069,pending_top_up,2033,development
5306b011a22739378ea3,3985,unable_to_verify_identity,3918,development
5309db375aa91e2f5947,8553,top_up_failed,8380,development
531a30483610274d2eaa,1179,automatic_top_up,1163,development
53200abd429896435b84,5769,Refund_not_showing_up,5666,development
5320390a422dbf3b2aae,5486,request_refund,5386,development
53240519b9fff94605cb,5267,lost_or_stolen_phone,5170,development
53519a9b226051622848,7609,transfer_into_account,7464,development
535acd1fce8a8cf2c5ee,4076,get_physical_card,4009,development
536a586fcc341d1e84bb,3827,why_verify_identity,3761,development
536e6798237d757d9ebf,2715,transfer_not_received_by_recipient,2667,development
5372bc9dc4081bfec4dc,6839,reverted_card_payment?,6703,development
5374f6165e85a9746133,5428,request_refund,5329,development
537f5e2198627f55bac4,2057,pending_top_up,2022,development
537fc7ccb6b356950e0e,5709,Refund_not_showing_up,5606,development
53818312eaa4208894da,947,fiat_currency_support,935,development
538294bbc618cbcdf90e,3072,getting_virtual_card,3020,development
53994b95e7327f1e2ff5,6550,verify_source_of_funds,6422,development
53995c20da3eedca2d3b,9219,activate_my_card,9042,development
53a11bc437608a7e52b7,8285,wrong_exchange_rate_for_cash_withdrawal,8122,development
53a345e0940181aaccd2,4398,disposable_card_limits,4320,development
53abfe90625b88b31692,2352,wrong_amount_of_cash_received,2307,development
53adfa6d71414571192e,6007,pending_transfer,5899,development
53b5f514e47229d1da03,1742,pin_blocked,1714,development
53c2117dd2da6ebb0748,607,extra_charge_on_statement,601,development
53cb67a6bd1e993dac4f,4688,direct_debit_payment_not_recognised,4604,development
53d3661d7d3da6f65532,9725,apple_pay_or_google_pay,9540,development
53d60e713975b346c20e,4733,direct_debit_payment_not_recognised,4648,development
53da7ff71438ed861dcc,3901,unable_to_verify_identity,3835,development
53e3b0d3ab974970fa83,2819,transfer_not_received_by_recipient,2768,development
53e629805dbbdc1ed06c,2500,wrong_amount_of_cash_received,2455,development
53f1774b52612062acc8,1292,card_not_working,1273,development
53f8d3fdee29aa057027,8768,balance_not_updated_after_bank_transfer,8594,development
53ff53d7889d909cec32,8901,cash_withdrawal_not_recognised,8727,development
540a44c3f5503cb9303b,4516,compromised_card,4434,development
54100c9c7ea77ad5cbad,5246,pending_card_payment,5149,development
5423c6e5840493e9e8c5,2954,supported_cards_and_currencies,2903,development
542b98f94ae1833d9767,9568,card_about_to_expire,9385,development
542d69fb5a22a9f4673c,5066,declined_cash_withdrawal,4975,development
542fa9937c2f95ec2dfd,5395,request_refund,5297,development
54309a66385333394c1a,3317,balance_not_updated_after_cheque_or_cash_deposit,3257,development
543a8dc7d01c3dbfe879,5847,declined_card_payment,5742,development
543c14c2de105861c5b4,3923,unable_to_verify_identity,3857,development
543ed909bbaab54f1f58,8601,top_up_failed,8428,development
544ad7eb34ce8769da27,6043,pending_transfer,5935,development
5459622c9ba912eb35ab,7475,failed_transfer,7331,development
5474f15843078776fd95,499,card_payment_wrong_exchange_rate,494,development
548187ae5c1c8c09fe7c,4647,direct_debit_payment_not_recognised,4563,development
5485a8b48c6293ba2d06,1048,card_delivery_estimate,1035,development
548d0499a2c6060b7861,9895,country_support,9705,development
549976d11c69470bb679,4128,visa_or_mastercard,4059,development
549de2dd93bb7bb69753,5571,declined_transfer,5471,development
549ea1815968909ef6ff,5576,declined_transfer,5476,development
54a6eb31f90170acb222,6627,transfer_timing,6497,development
54a7023a9cc643324523,131,card_arrival,130,development
54ad5de99185b654897f,5250,pending_card_payment,5153,development
54bc8db368a878b5bd04,6412,transaction_charged_twice,6293,development
54be92897058dc45a599,4634,direct_debit_payment_not_recognised,4550,development
54bea8c3cf6d53d5750d,5511,request_refund,5411,development
54c36bf23068bae04559,2347,wrong_amount_of_cash_received,2302,development
54c501958776ff254df2,556,card_payment_wrong_exchange_rate,550,development
54d802cd69db69cdd945,9456,cash_withdrawal_charge,9274,development
54da9a254705c942111f,3957,unable_to_verify_identity,3891,development
54db5c9a103ebc365d28,1746,pin_blocked,1718,development
54e7441a018d0cb67a99,2778,transfer_not_received_by_recipient,2728,development
54f509e9e5b123354848,7369,receiving_money,7225,development
54f616113f8948f03d38,2854,transfer_not_received_by_recipient,2803,development
54f9949c09ea6e57b03b,7714,verify_top_up,7568,development
54fbca566488b0958b6d,2490,wrong_amount_of_cash_received,2445,development
55250e21e120f1af003d,1115,card_delivery_estimate,1100,development
55251ae94cf2d80bea5a,1464,exchange_via_app,1444,development
5530768fd1aa711547f3,49,card_arrival,49,development
553cfb9d2f2487cc49df,8821,cash_withdrawal_not_recognised,8647,development
5543d9855c80d92deedc,7416,receiving_money,7272,development
5548937e4e6d94f818ac,8424,get_disposable_virtual_card,8258,development
554db693f3cd60062a8c,2374,wrong_amount_of_cash_received,2329,development
5554f19a324eab58eb45,9989,country_support,9798,development
555916f181fc594fdf90,1379,exchange_via_app,1360,development
5562702cfe969070a213,6500,verify_source_of_funds,6377,development
5563dd7d09570927c5ed,7479,failed_transfer,7335,development
556af77bac4288b58d74,5465,request_refund,5365,development
556e2fe5500bf573e146,9215,activate_my_card,9038,development
557bff179016c19d82a4,4416,disposable_card_limits,4338,development
557fd7265f4e344ece63,9138,top_up_by_card_charge,8962,development
558a0d00174e6c43f8a3,8146,order_physical_card,7985,development
558d3b15bae4893b6db4,2580,card_payment_fee_charged,2534,development
5592e1dedee9fe9c0aec,392,exchange_rate,387,development
559ad18d236966630002,1061,card_delivery_estimate,1016,development
559ba5d6fba4ae96dee9,8496,top_up_failed,8326,development
55af437e9d6c7ed3e757,3090,getting_virtual_card,3036,development
55b90ca2c7cb048be140,4169,visa_or_mastercard,4039,development
55b91616eab42f28c407,9073,top_up_by_card_charge,8898,development
55b9b2648c2938e52d30,5523,request_refund,5423,development
55c27f43bc1adcb846e0,1576,age_limit,1552,development
55c9bbdec3bb622fdceb,5616,declined_transfer,5515,development
55d0d9bca3fd356da92e,6038,pending_transfer,5930,development
55d88d92617cc7584d40,2599,card_payment_fee_charged,2553,development
55da1463e36e87e93e70,2418,wrong_amount_of_cash_received,2373,development
55daf4d50099a5372365,5966,declined_card_payment,5859,development
55e4bab56444aa1e3f37,427,card_payment_wrong_exchange_rate,422,development
55e92b9719a9233c7efc,7590,transfer_into_account,7445,development
55f1b601f6a94a6ea627,7097,beneficiary_not_allowed,6957,development
55f5f4f152913361d46b,8702,balance_not_updated_after_bank_transfer,8528,development
55f6704658fae808724c,4031,get_physical_card,3964,development
55f71aecdaf538e4a0d3,3999,get_physical_card,3932,development
55f8531970e64bb1a085,6260,card_swallowed,6142,development
5603227008ccc3c35980,1372,exchange_via_app,1353,development
5605dee7e2b7d6c594b9,6390,transaction_charged_twice,6271,development
5611e2de95b9f9620cff,8256,wrong_exchange_rate_for_cash_withdrawal,8094,development
5613cce80494773789d0,726,extra_charge_on_statement,717,development
5614c5748751f769d587,6303,card_swallowed,6185,development
5621d6ed05fdf620d8df,4250,topping_up_by_card,4173,development
562669fc04de1e384a6e,695,extra_charge_on_statement,687,development
562699792b3e2c7c8c2a,2598,card_payment_fee_charged,2552,development
56294f77e2f126c2393a,6638,transfer_timing,6508,development
562b52f8f87dede79d68,5927,declined_card_payment,5821,development
5631a2c4315e016ce589,1762,pin_blocked,1734,development
564094e7f481c20914b3,3977,unable_to_verify_identity,3910,development
5648aecadbe98cf5573c,2570,card_payment_fee_charged,2524,development
5648e392bf691edb604a,1613,age_limit,1587,development
564e0de4e75ea1c2a473,3397,balance_not_updated_after_cheque_or_cash_deposit,3336,development
5652da30b65d7ba985c4,8102,order_physical_card,7944,development
56576b138bfb5773802a,3459,balance_not_updated_after_cheque_or_cash_deposit,3397,development
566b72d23e0b85400ca9,2835,transfer_not_received_by_recipient,2784,development
5695d6cf86236bcd5c81,5840,declined_card_payment,5735,development
569b288851072bd552ca,4631,atm_support,4547,development
56a16314c7f07ea63878,6981,change_pin,6842,development
56b84e81f652dbc14cbd,8471,top_up_failed,8301,development
56ba23b84e06e781be18,8840,cash_withdrawal_not_recognised,8666,development
56bbbea472d12fc15d6b,8692,balance_not_updated_after_bank_transfer,8518,development
56d883136ff9b65d4552,3810,why_verify_identity,3744,development
56d92fa0fb264b955f6b,7651,transfer_into_account,7506,development
56dfcf6680a908b1206b,7539,failed_transfer,7395,development
56e14564b7ddb20d2738,9532,card_about_to_expire,9350,development
56e5b23723df959defc9,5572,declined_transfer,5472,development
56f845479516fc4288fb,1083,card_delivery_estimate,1068,development
56fa0732fcad4bbbfe93,9057,exchange_charge,8882,development
56fd8fd9bfdcd678304c,288,card_linking,286,development
5701531b0e7fdb302e76,5973,declined_card_payment,5866,development
5704297670e88a43a847,1561,age_limit,1537,development
5706f69358b33271f305,9125,top_up_by_card_charge,8950,development
571361db9444e45b2078,6752,reverted_card_payment?,6617,development
5715a6e9a197b18fd27f,3458,balance_not_updated_after_cheque_or_cash_deposit,3396,development
57187967c28e82f5b3d3,1240,automatic_top_up,1222,development
57338794724d595b26cb,1380,exchange_via_app,1361,development
5737cad15ade6b58f7a8,9548,card_about_to_expire,9366,development
573c9a9ea8970f5d9bf7,4035,get_physical_card,3968,development
576f38dcbadd15e7513e,5135,pending_card_payment,5042,development
577e40020acaef2d62ab,5184,pending_card_payment,5089,development
577e52e8c73d49126215,2523,card_payment_fee_charged,2478,development
578684cecbf550589421,4565,atm_support,4483,development
578870da7c42a5b60e05,3864,why_verify_identity,3798,development
578a3b83fffc5dc2b3c6,725,extra_charge_on_statement,716,development
578e855c9a7c12277636,1427,exchange_via_app,1408,development
5791b5166a173085a140,8517,top_up_failed,8346,development
57927e4c4a9221f2cb6b,9629,card_about_to_expire,9446,development
5795f44d86372fbe9fd0,676,extra_charge_on_statement,668,development
579ed3172cf7d266f14e,5273,lost_or_stolen_phone,5176,development
57a0d3d9be12a08c96a5,1182,automatic_top_up,1166,development
57a34f3f45a2e8c3684a,1390,exchange_via_app,1371,development
57a3a635f3d1625dcaa9,4741,direct_debit_payment_not_recognised,4656,development
57b366843a5f5f7de0b3,5021,declined_cash_withdrawal,4931,development
57b4c9647cd49f4b04f3,5683,Refund_not_showing_up,5580,development
57b58763163b4f9c6e1a,8371,get_disposable_virtual_card,8206,development
57c134a0b623267b1cf0,470,card_payment_wrong_exchange_rate,465,development
57cf6c94cb72ef917b9a,6684,transfer_timing,6553,development
57d2846d943532db939d,7093,beneficiary_not_allowed,6953,development
57d392bb817da860d3e7,442,card_payment_wrong_exchange_rate,437,development
57d9c2fcdfc241a3b08d,6742,reverted_card_payment?,6608,development
57df485f33826e79cbd5,5403,request_refund,5305,development
57e07c4098c9b3323dc5,6414,transaction_charged_twice,6295,development
57e1f746596652fa28f3,5067,declined_cash_withdrawal,4976,development
57e47e2f87807be446c9,8986,exchange_charge,8812,development
57e5a9259fa460f6eddc,9625,card_about_to_expire,9442,development
57e8e7520cf18431935b,7617,transfer_into_account,7472,development
57faff52528f6109f484,5288,lost_or_stolen_phone,5190,development
5802546faaf383084be6,1438,exchange_via_app,1418,development
5803a4e8bce0d22a27bc,1316,card_not_working,1297,development
580a4ad01318d9ff04b8,6778,reverted_card_payment?,6643,development
581a79abb4c853a4c0cc,8758,balance_not_updated_after_bank_transfer,8584,development
581e605a4cd67eaf541d,7221,transfer_fee_charged,7080,development
582ddc3eb36fd5581927,6129,pending_transfer,6014,development
582e287acb724833f550,1848,top_up_by_bank_transfer_charge,1820,development
583783f6439e7cd9a04d,4174,visa_or_mastercard,4104,development
5846c219f3ba730bd9dd,1551,lost_or_stolen_card,1527,development
58510842b7f8a4b34dd7,9011,exchange_charge,8837,development
585cc89bd8a9ac68c7c8,9005,exchange_charge,8831,development
5870d5f5a7bd20f6e7ee,8711,balance_not_updated_after_bank_transfer,8537,development
5881ea122ca2a853b286,8114,order_physical_card,7956,development
5889448731c9947026e5,6866,reverted_card_payment?,6729,development
588e089eb8fe848af855,6471,transaction_charged_twice,6348,development
5890fcfeeed65717da2c,6675,transfer_timing,6545,development
589f6253d6ccac75528f,5059,declined_cash_withdrawal,4968,development
58a0b3da13f79ed1db38,9157,top_up_by_card_charge,8981,development
58a59fbb54646951f703,3562,card_payment_not_recognised,3500,development
58a78f3b289758c5e0e7,6531,verify_source_of_funds,6405,development
58abba6d46d10e48d9ff,6595,transfer_timing,6465,development
58ada3acfdbd43d07e0f,7679,verify_top_up,7534,development
58b69fb66a1eab045cf3,3123,card_acceptance,3069,development
58bdde5ceb4771ffcf87,4279,topping_up_by_card,4202,development
58ce43e44b56742b993f,3601,card_payment_not_recognised,3539,development
58d4dbf8c10221d94d95,130,card_arrival,129,development
58e39a77b61e47e40616,8085,order_physical_card,7927,development
58ea2d9b5ac6153d4024,5497,request_refund,5397,development
58ecfa18dd8dfe7532b5,2238,top_up_limits,2199,development
590220558714918cec8e,2926,supported_cards_and_currencies,2875,development
5902b2acb39137d3b7af,9525,card_about_to_expire,9343,development
59070bdde19d1b59f72e,8352,wrong_exchange_rate_for_cash_withdrawal,8187,development
5907e3b3356ace0b6f54,9982,country_support,9791,development
590ccd08eac558c45cf7,7565,transfer_into_account,7420,development
590f80ff60e9acbd3ec4,9188,activate_my_card,9012,development
5911a4f40d502b731858,9674,apple_pay_or_google_pay,9491,development
591cbfe5971aa761c885,1120,automatic_top_up,1105,development
59203a24c8e34de26c3a,7956,top_up_by_cash_or_cheque,7800,development
5923c112133c3c609d44,416,card_payment_wrong_exchange_rate,411,development
592971c5ce1c9fb61d33,2790,transfer_not_received_by_recipient,2739,development
592ff3547add10f5c857,3706,edit_personal_details,3643,development
5943c1fc46d77bd974f2,720,extra_charge_on_statement,711,development
594518cd0ae4294edb14,3028,getting_virtual_card,2976,development
594632c3b40806da1a7f,9493,cash_withdrawal_charge,9311,development
594b795beda91afe5832,4417,disposable_card_limits,4339,development
594e3904a465957e08a3,3163,top_up_reverted,3107,development
595c888c97c70d51ac60,4479,compromised_card,4397,development
5964ef4ae34de159fbc6,3744,edit_personal_details,3679,development
596b2ff80bf92a68fd6e,4149,visa_or_mastercard,4080,development
596ce0f3ac2028c7b7c3,2300,top_up_limits,2257,development
5977957c1675cc41a3e9,8320,wrong_exchange_rate_for_cash_withdrawal,8156,development
597c43018c289db5c912,3615,card_payment_not_recognised,3553,development
598474bea44b39dd8c93,9214,activate_my_card,9037,development
5988b481703c2a140acb,941,fiat_currency_support,929,development
5988b7651d3cd2f6358e,6220,terminate_account,6103,development
598e40d4dd4799b15145,2045,pending_top_up,2010,development
599473c6b9c9cc8e8ace,4980,declined_cash_withdrawal,4890,development
599dfbe4a68f6ab071a0,4278,topping_up_by_card,4201,development
59a908de8e717add6bab,987,fiat_currency_support,975,development
59ab359ebe462ed4fc6d,4297,topping_up_by_card,4220,development
59b4852c4ad25472dd61,1358,exchange_via_app,1339,development
59ba5d1ee9ff85f06311,6322,transaction_charged_twice,6204,development
59c62322fa9fa128fe1c,4489,compromised_card,4407,development
59cadeaa40e30150d496,5209,pending_card_payment,5114,development
59cbe8697d2c1b6fc7b7,4300,topping_up_by_card,4223,development
59e443a7b78f6891a7ac,2853,transfer_not_received_by_recipient,2802,development
59e84649ef7dfac236bf,8420,get_disposable_virtual_card,8254,development
59e9f2e3f114c7a8333c,1554,lost_or_stolen_card,1530,development
59f134d517609f4f5e78,6570,verify_source_of_funds,6441,development
59f8a24d6c69b4d6a555,4962,declined_cash_withdrawal,4872,development
59fc11a1a1e36ba2adb2,7806,getting_spare_card,7650,development
5a0dba89bc624acee3d5,7473,failed_transfer,7329,development
5a133374f0aef18d792a,8411,get_disposable_virtual_card,8245,development
5a201b1d5ccab49b6920,472,card_payment_wrong_exchange_rate,467,development
5a34ad86b4d486e92430,2013,pending_top_up,1982,development
5a36c1f4a35f0a796da6,4214,visa_or_mastercard,4117,development
5a4a607aca6cfeea06db,1221,automatic_top_up,1204,development
5a500c31a45365f8b0a2,7678,verify_top_up,7533,development
5a5e2edc3c73d09dc1c2,7934,top_up_by_cash_or_cheque,7778,development
5a6500cdde1cbb0472bd,3474,balance_not_updated_after_cheque_or_cash_deposit,3412,development
5a6ec4a34262322d248f,3270,top_up_reverted,3211,development
5a7165c6a97f4a19222a,2800,transfer_not_received_by_recipient,2749,development
5a75542fbaa75985bc3a,1298,card_not_working,1279,development
5a78244c616cdea3baad,3938,unable_to_verify_identity,3872,development
5a8546a11c284cf952a1,9237,activate_my_card,9060,development
5a86b719c689ccd37120,6533,verify_source_of_funds,6407,development
5a925cd0c2c2a1149153,9520,card_about_to_expire,9338,development
5a9375ec5c9dda6883be,2735,transfer_not_received_by_recipient,2687,development
5aa3c4a362aa444230a6,1153,automatic_top_up,1138,development
5aa5c4f0b85ee5a9b8bd,7267,transfer_fee_charged,7126,development
5aac4641eaffed9acb7c,1020,card_delivery_estimate,1008,development
5aacc539d3d13b7f558c,3521,card_payment_not_recognised,3459,development
5ab78b22d5f3171be757,5970,declined_card_payment,5863,development
5ab9e54a9dee6fca3c5a,3419,balance_not_updated_after_cheque_or_cash_deposit,3358,development
5aba52918cd25ecebf2d,5767,Refund_not_showing_up,5664,development
5abd76f3cacd9d51657b,3636,card_payment_not_recognised,3574,development
5ac1860eb760f4c6e7da,6359,transaction_charged_twice,6241,development
5ac39be7ea3ded50d388,3216,top_up_reverted,3157,development
5ac5ab9ee560f05e2bb7,9926,country_support,9736,development
5acd13bd90b0f72bd6d1,1977,pending_top_up,1948,development
5ad9359300979fa41f00,4072,get_physical_card,4005,development
5aeb6726c25777a7e861,9002,exchange_charge,8828,development
5aeef3dd0abb57cbb1bc,6834,reverted_card_payment?,6698,development
5aef8f78a4090ca384f3,4983,declined_cash_withdrawal,4893,development
5af03d47c0190d01a680,8327,wrong_exchange_rate_for_cash_withdrawal,8162,development
5af7d4e30333f86a5bb9,6776,reverted_card_payment?,6641,development
5afe771cc9195745ad9b,5212,pending_card_payment,5004,development
5afea3027afe883e8cbd,6512,verify_source_of_funds,6389,development
5afeee5261f20a9da9b7,4388,disposable_card_limits,4310,development
5b0022613e1f77f08704,9906,country_support,9716,development
5b01378c90f5b8d91e3c,3877,why_verify_identity,3811,development
5b03145bf033140fd7e3,8644,balance_not_updated_after_bank_transfer,8471,development
5b0491dd2bd7d4f862e4,7029,beneficiary_not_allowed,6889,development
5b07dfe265a2c29ec7f3,1992,pending_top_up,1963,development
5b0ae10598e5cab44c0c,7674,transfer_into_account,7529,development
5b1135387cbc0ff69637,4389,disposable_card_limits,4311,development
5b16aed5fca9ed110604,6580,verify_source_of_funds,6450,development
5b17a0bd3e99e1521df3,5078,declined_cash_withdrawal,4925,development
5b2ed3398d35f8adafb9,6888,change_pin,6750,development
5b2f785b933a08989760,796,pending_cash_withdrawal,786,development
5b31f8b88ef909e52f83,5069,declined_cash_withdrawal,4978,development
5b3feb2d2562d46823e2,6349,transaction_charged_twice,6231,development
5b427973269b0c544e69,1837,top_up_by_bank_transfer_charge,1809,development
5b4573b3661c41adf0bb,1453,exchange_via_app,1433,development
5b56321df542e91f5882,2632,card_payment_fee_charged,2585,development
5b77d88d6dde42de7fbd,8774,balance_not_updated_after_bank_transfer,8600,development
5b8021e59df488bedb17,5661,declined_transfer,5559,development
5b896c1f576174badc7a,7009,beneficiary_not_allowed,6870,development
5b97aad79d44935363a1,634,extra_charge_on_statement,626,development
5b9c65d511497b58e67c,7921,getting_spare_card,7765,development
5b9f81c6d06f5a68882a,6378,transaction_charged_twice,6259,development
5ba1600435d8497dd2a6,425,card_payment_wrong_exchange_rate,420,development
5ba50878e68f50e861c1,9542,card_about_to_expire,9360,development
5bb2e3232efe43400dd5,6474,transaction_charged_twice,6351,development
5bb8e8f982ff2f76609d,5891,declined_card_payment,5786,development
5bb9432245c2ce94e1d9,6744,reverted_card_payment?,6610,development
5bc0c5afd1af8131c2ce,8865,cash_withdrawal_not_recognised,8691,development
5bc245b725a40c0ac44c,920,fiat_currency_support,908,development
5bcea6c7c17ac93a328e,8984,exchange_charge,8810,development
5bd0c0a046f0ef1f4f27,1396,exchange_via_app,1377,development
5bd494b87ae012022f3a,8267,wrong_exchange_rate_for_cash_withdrawal,8104,development
5bd92db33b76d3d6bd68,2665,card_payment_fee_charged,2617,development
5bdf3a63c15bd5769780,6121,pending_transfer,6007,development
5bee2c9abc5bc215bed6,358,exchange_rate,355,development
5bfd3f0b6bb5499d2da6,9662,apple_pay_or_google_pay,9479,development
5bfd5624cc2eb2f55b54,1621,age_limit,1595,development
5bffae7a37fb552ff744,4654,direct_debit_payment_not_recognised,4570,development
5c020fd04be7470fe924,1712,pin_blocked,1685,development
5c0770a60c7e5aaabb31,87,card_arrival,87,development
5c0c25f809c20bb4032b,2493,wrong_amount_of_cash_received,2448,development
5c135683f1ff8aef6885,7118,beneficiary_not_allowed,6977,development
5c34bc33434c5e038252,751,pending_cash_withdrawal,741,development
5c36d5f766c6109e2d94,9971,country_support,9780,development
5c3b44ca48fa5268d813,7668,transfer_into_account,7523,development
5c4ac0bdd37da70bdea0,8668,balance_not_updated_after_bank_transfer,8494,development
5c5d984bca182d6f4046,9311,activate_my_card,9130,development
5c5e4c868053ed65b067,1501,lost_or_stolen_card,1481,development
5c62cdd905cb633ca541,6241,terminate_account,6123,development
5c6485becb7b4b6d2303,5129,pending_card_payment,5036,development
5c77dfe07444b63473b6,3416,balance_not_updated_after_cheque_or_cash_deposit,3355,development
5c7df681eb5c5bc925f9,881,fiat_currency_support,869,development
5c906257650fd6c170e0,1601,age_limit,1575,development
5c933b39c10516af710c,1831,top_up_by_bank_transfer_charge,1803,development
5c933cfabca35931da7d,3814,why_verify_identity,3748,development
5c93b8d824770c91cb5a,8144,order_physical_card,7983,development
5c984a781a2120513baf,3162,top_up_reverted,3106,development
5c9b5d2caa94e8413fea,1903,top_up_by_bank_transfer_charge,1874,development
5ca37a08c0d8235b8ffb,9856,verify_my_identity,9668,development
5cb2eb75e915c4467d50,6679,transfer_timing,6548,development
5cb57c9790e25d49b8f1,6343,transaction_charged_twice,6225,development
5cb901e579ba24f5acba,3741,edit_personal_details,3677,development
5cbcb44de5c0c6213661,559,card_payment_wrong_exchange_rate,553,development
5cbe37fa3fbb6115d974,6704,transfer_timing,6571,development
5cc10458f8733b54e077,4116,visa_or_mastercard,4047,development
5cd589a5a0731d7f2129,7375,receiving_money,7231,development
5cedc9b54521abfd8d0c,1392,exchange_via_app,1373,development
5cf30e4cef92feed7461,4689,direct_debit_payment_not_recognised,4605,development
5cfb052883f4676c340b,3029,getting_virtual_card,2977,development
5d007070c99141fcff69,6368,transaction_charged_twice,6249,development
5d00a21f4999010b5b2f,4959,declined_cash_withdrawal,4869,development
5d0255f3e52c6e00de7f,2852,transfer_not_received_by_recipient,2801,development
5d0bf9de8c73dd802358,7130,beneficiary_not_allowed,6989,development
5d18f312b6184e3415fe,373,exchange_rate,369,development
5d2119fcb2c235fa151b,6559,verify_source_of_funds,6431,development
5d2eaec5000417c1fece,1334,card_not_working,1315,development
5d37a60bcf8e9d03e2ff,9299,activate_my_card,9118,development
5d3951e46340e1919d61,8800,cash_withdrawal_not_recognised,8626,development
5d4bfe515a3e4acee682,1564,age_limit,1540,development
5d516560be9e005fca3c,418,card_payment_wrong_exchange_rate,413,development
5d705e5c343a45b5759b,868,pending_cash_withdrawal,856,development
5d74fca795be6042aa55,9858,verify_my_identity,9670,development
5d83a9a7150f0ec76ce3,9871,verify_my_identity,9681,development
5d9895f971c9f696e1b6,4827,passcode_forgotten,4740,development
5dab8558ba6e589450f1,7307,transfer_fee_charged,7165,development
5dada7f4db4c681d4a36,1922,top_up_by_bank_transfer_charge,1893,development
5db6a58e04daa92ba7ba,4119,visa_or_mastercard,4050,development
5dbcf3e180124b37b4f0,7598,transfer_into_account,7453,development
5dcb0061c91f25329fc8,9116,top_up_by_card_charge,8941,development
5dcf00397cd70a55cad2,9277,activate_my_card,9098,development
5dda890f3c7a6419d192,4199,visa_or_mastercard,4127,development
5ddafe92d2bd5c7794fd,3986,unable_to_verify_identity,3919,development
5de504c2cfae710d226b,1239,automatic_top_up,1221,development
5de5dc3f1859ac82e1e4,9780,verify_my_identity,9593,development
5dece6930dbf130a9ee7,9018,exchange_charge,8844,development
5dede44befc1c7333690,2782,transfer_not_received_by_recipient,2731,development
5deec502931cf99c9cd9,4019,get_physical_card,3952,development
5e03b1b85024dee96a3f,1482,lost_or_stolen_card,1462,development
5e175af385c1a194da19,5587,declined_transfer,5487,development
5e21dd51dd20f47941cb,323,exchange_rate,321,development
5e23ea4c33f27d13a818,7740,verify_top_up,7594,development
5e2995390f0197f87cfe,399,exchange_rate,394,development
5e37b09608b9c891bccd,3345,balance_not_updated_after_cheque_or_cash_deposit,3285,development
5e38f60041d182d373d6,533,card_payment_wrong_exchange_rate,527,development
5e3fb7a457ddadb8f296,9205,activate_my_card,9028,development
5e4503bea4b0998f302e,9334,activate_my_card,9153,development
5e5b286bd5427d389602,1520,lost_or_stolen_card,1499,development
5e5c135fd6ae5603df30,3517,card_payment_not_recognised,3455,development
5e613ac312544e923201,8966,exchange_charge,8792,development
5e670d1bf16a37b2fde2,7784,verify_top_up,7630,development
5e6fa306ac6ed6dda358,9588,card_about_to_expire,9405,development
5e70ebf27ea3596683bb,2453,wrong_amount_of_cash_received,2408,development
5e74ee439a95ecdb6669,1590,age_limit,1565,development
5e7f809310f61970e0e0,3701,edit_personal_details,3638,development
5e8348ae2946c81dd374,3064,getting_virtual_card,3012,development
5e83de186dafe056520f,5563,declined_transfer,5463,development
5e9718d3c3702344da54,1133,automatic_top_up,1118,development
5e9d979139a368646824,759,pending_cash_withdrawal,749,development
5e9f42af6b2a84e8a824,7183,transfer_fee_charged,7042,development
5ea9f4d81e91f5f0a805,4308,topping_up_by_card,4231,development
5eac8ab30aff0efcb38e,7255,transfer_fee_charged,7114,development
5ead41ec22267a29f327,1906,top_up_by_bank_transfer_charge,1877,development
5ec117518c80a9e19f2c,1418,exchange_via_app,1399,development
5ed48fc5ad7fb400690b,8219,wrong_exchange_rate_for_cash_withdrawal,8057,development
5eda2ef259b25a0d9f3f,9236,activate_my_card,9059,development
5edccf13abb9aa9ebd6b,6691,transfer_timing,6488,development
5ee96d339064a3a0b8ef,764,pending_cash_withdrawal,754,development
5ef107ec01a43b83ad32,9362,cash_withdrawal_charge,9181,development
5ef7b5e01110acf43323,9497,cash_withdrawal_charge,9315,development
5efbe457779cece10bef,7869,getting_spare_card,7713,development
5f0f039b2f29ea1fcb35,7983,top_up_by_cash_or_cheque,7826,development
5f0fa7796febf22eee2c,2808,transfer_not_received_by_recipient,2757,development
5f36a5ecc987e3454459,5620,declined_transfer,5519,development
5f3b5e31c9c0484d13bd,706,extra_charge_on_statement,697,development
5f403aaf843097d8f604,6195,terminate_account,6079,development
5f48fc49c4e5f571f47d,953,fiat_currency_support,941,development
5f4bda43848e01c7e9fc,8409,get_disposable_virtual_card,8243,development
5f5a04cf4712bdb92b5b,3351,balance_not_updated_after_cheque_or_cash_deposit,3291,development
5f6d550e3c7a56977bf1,3354,balance_not_updated_after_cheque_or_cash_deposit,3293,development
5f7b8a8ea51b603dba16,5542,declined_transfer,5442,development
5f8f0ae739708323dc6a,2807,transfer_not_received_by_recipient,2756,development
5f98e0f9246d0570dc08,637,extra_charge_on_statement,629,development
5fa4045ea62021cf9645,5536,request_refund,5436,development
5fa8f07f9f85ed7c77a6,8587,top_up_failed,8414,development
5fadee9edaae1c4e946f,2979,supported_cards_and_currencies,2927,development
5fb178bac4cb103ae1ee,5516,request_refund,5416,development
5fb4c86ec1e88c5cd5d8,5496,request_refund,5396,development
5fc0717165705706bd05,1021,card_delivery_estimate,1009,development
5fc0ec3c9716dd45d9d3,2656,card_payment_fee_charged,2608,development
5fc753d4b56176c2740e,2685,card_payment_fee_charged,2637,development
5fc7e9a46cfdbee3b197,3214,top_up_reverted,3155,development
5fca62cca5a7eab9e24f,2335,wrong_amount_of_cash_received,2290,development
5fccd47cdcac13af8d2d,8202,virtual_card_not_working,8040,development
5fd31e72f1a625f759b4,8713,balance_not_updated_after_bank_transfer,8539,development
5fd5d99461315163389c,3967,unable_to_verify_identity,3901,development
5fda31151c20261d2fe6,2828,transfer_not_received_by_recipient,2777,development
5fdbacf98b2301c739ec,9414,cash_withdrawal_charge,9232,development
5fdedf728efefef6173e,9465,cash_withdrawal_charge,9283,development
5feacf7e868b71d0deec,7342,receiving_money,7198,development
5ff45c7cec28e3021c8e,1142,automatic_top_up,1127,development
5ff51e7233197091197d,6327,transaction_charged_twice,6209,development
5ff7e591a5a510a26c9e,4706,direct_debit_payment_not_recognised,4622,development
6008f5f091a8339b6ea3,1114,card_delivery_estimate,1099,development
600b621e9725435a65f5,1331,card_not_working,1312,development
602163b45f210635a619,7406,receiving_money,7262,development
602b95e8892f2218413c,2292,top_up_limits,2249,development
602e43b4241bc151cef5,6511,verify_source_of_funds,6388,development
604820fec912bc7ca6a9,9695,apple_pay_or_google_pay,9511,development
60573a82e1acdce645b6,710,extra_charge_on_statement,701,development
6059be10dac0f0802bad,1845,top_up_by_bank_transfer_charge,1817,development
606619f26677379ea80e,1377,exchange_via_app,1358,development
60666e419be3e0350fbc,40,card_arrival,40,development
606781c6c75f223d214a,3528,card_payment_not_recognised,3466,development
607688d78ab6507ef91a,8014,top_up_by_cash_or_cheque,7857,development
60904811e7c2ce57b082,2255,top_up_limits,2216,development
6093e0b367fd653fdc41,5343,lost_or_stolen_phone,5245,development
6095082f276ac1602080,8037,top_up_by_cash_or_cheque,7879,development
60968f07d516d489ad72,5013,declined_cash_withdrawal,4923,development
609a6a195e9940df370d,4438,disposable_card_limits,4358,development
60b18802558e0bbd5d66,1646,age_limit,1619,development
60b315bc24624c054640,6427,transaction_charged_twice,6306,development
60b48b4d7c533f93be28,8760,balance_not_updated_after_bank_transfer,8586,development
60c729996028c3ab11d1,445,card_payment_wrong_exchange_rate,440,development
60cd7706ab012f13f155,9380,cash_withdrawal_charge,9199,development
60dda09190a19c4c011d,5844,declined_card_payment,5739,development
60e440b7a6886643a5d4,3656,edit_personal_details,3594,development
60e7f2045e1e82ceb726,4932,declined_cash_withdrawal,4843,development
60e8d918e8b524f75f1e,6030,pending_transfer,5922,development
60ebb26bd3cc27796e51,9051,exchange_charge,8876,development
60f298764271ee7307dd,734,extra_charge_on_statement,725,development
60f4f0d528891e583951,6135,pending_transfer,5971,development
60f88e54b885e470a1c0,8143,order_physical_card,7982,development
6106203d71ef803a82cb,1116,card_delivery_estimate,1101,development
6108a79811b55ad0ece3,7658,transfer_into_account,7513,development
610bb71ac551adf85f2f,3411,balance_not_updated_after_cheque_or_cash_deposit,3350,development
610d7e126210665689aa,2318,top_up_limits,2273,development
610dab152ab2e33b98a4,4275,topping_up_by_card,4198,development
61114d4632ae4c02c344,2087,cancel_transfer,2050,development
6111f9148a605f8b429d,500,card_payment_wrong_exchange_rate,495,development
61452126692af735dafb,9692,apple_pay_or_google_pay,9508,development
6145c1100c1bef84c235,8970,exchange_charge,8796,development
6149ff64c12a6fa93593,7115,beneficiary_not_allowed,6974,development
614ade9b62d890198644,5647,declined_transfer,5545,development
614ccc0f78c850be4e5d,609,extra_charge_on_statement,603,development
61603ec65a161714545e,3151,card_acceptance,3096,development
6169dfb5576949ca3aff,8044,top_up_by_cash_or_cheque,7886,development
6172a37648f63580a627,6582,verify_source_of_funds,6452,development
6188751bf37a008a2aba,3605,card_payment_not_recognised,3543,development
6193c79cad42ccfe48ad,8181,virtual_card_not_working,8006,development
61951e195b0e54d7721a,2291,top_up_limits,2238,development
61af411de6d8b49cf618,5197,pending_card_payment,5102,development
61b1e877b0229346b607,1540,lost_or_stolen_card,1518,development
61d9d49f0f8b7fffd1ff,6180,terminate_account,6064,development
61e05b12b575efe97b51,1151,automatic_top_up,1136,development
61e355f31dc6a902259f,3142,card_acceptance,3086,development
61e91f9b1bae59516d9d,5130,pending_card_payment,5037,development
61f928b92d2447375844,415,card_payment_wrong_exchange_rate,410,development
61f93705e579f5c1dee6,3039,getting_virtual_card,2987,development
61fc670f133288f31f40,2339,wrong_amount_of_cash_received,2294,development
61ff0e08fd0876d20e7b,4947,declined_cash_withdrawal,4858,development
6208ef7245824fdb1022,9065,top_up_by_card_charge,8890,development
6212b6cf5b3739ddc3a8,7116,beneficiary_not_allowed,6975,development
6219762f73c1109bee95,1012,card_delivery_estimate,1000,development
621ba58bc4ebf7cbeb0d,263,card_linking,261,development
62296aa23451406cd94b,9444,cash_withdrawal_charge,9262,development
622db602b222bcaae465,1811,contactless_not_working,1783,development
6243b607c86f7bbc4ca6,2556,card_payment_fee_charged,2511,development
624bc80204308a0f5f4a,2100,cancel_transfer,2063,development
624ef828e8f87ced927e,4420,disposable_card_limits,4315,development
62677c29e672c9fd1721,4690,direct_debit_payment_not_recognised,4606,development
6267ca6d9c6f64f7b284,7669,transfer_into_account,7524,development
626d62bc0a66bfd010b3,8233,wrong_exchange_rate_for_cash_withdrawal,8071,development
62800d3406fc931066f7,4309,topping_up_by_card,4232,development
62879665456f3e6ddda6,1622,age_limit,1536,development
628aa43824127d30c13d,4310,topping_up_by_card,4233,development
628e2ae5361bf09b21f3,860,pending_cash_withdrawal,848,development
6290e5bc571be9acf541,1805,contactless_not_working,1777,development
62950fdebef761d73540,8605,top_up_failed,8432,development
62a36f128d73dd2ae0ee,7444,failed_transfer,7300,development
62a513c317fc3d232e92,4879,passcode_forgotten,4791,development
62ab31a0c3c13e67dd4e,4532,compromised_card,4450,development
62ce9c05302cfe1ae2c9,1127,automatic_top_up,1112,development
62daca4175159f42cba2,7613,transfer_into_account,7468,development
62e56361a72c230ee25e,9788,verify_my_identity,9601,development
62eb07e8f948abb77b1c,8596,top_up_failed,8423,development
62f7447fd7a042bd6a80,9661,apple_pay_or_google_pay,9478,development
63020b59357eb081ada6,4816,passcode_forgotten,4729,development
63042dd93e2e4bbcbe1e,462,card_payment_wrong_exchange_rate,457,development
6304b95865589a2ba655,4670,direct_debit_payment_not_recognised,4586,development
630e4f761e9b258c705c,7902,getting_spare_card,7746,development
631280de23017a7c4c61,1942,pending_top_up,1913,development
6314c0a8a2bd011be590,7184,transfer_fee_charged,7043,development
6319fdb41f4044dcc400,916,fiat_currency_support,904,development
63254d8c1c7f7bffd352,5566,declined_transfer,5466,development
6326232cc493ef6a96be,1159,automatic_top_up,1144,development
632a578972535365d583,9679,apple_pay_or_google_pay,9496,development
63314bf3e191616c4658,7287,transfer_fee_charged,7145,development
6336747b6c01a03882bf,879,pending_cash_withdrawal,867,development
634ebe0a53e5fb99a4e1,5757,Refund_not_showing_up,5654,development
63529bdb77e244806064,3680,edit_personal_details,3618,development
635b8051e79ac157a06b,7301,transfer_fee_charged,7159,development
6364e914fa8202914313,7815,getting_spare_card,7659,development
6367ce6bb68adad12cc3,9025,exchange_charge,8851,development
6369f1587dbb35e77a6a,5155,pending_card_payment,5061,development
637009a353509823747d,1718,pin_blocked,1691,development
6371fdd847636f001ef2,4672,direct_debit_payment_not_recognised,4588,development
637f04e6b05daf6a8aca,8373,get_disposable_virtual_card,8208,development
637f89902a65547b5d55,7046,beneficiary_not_allowed,6906,development
637fab3d2315f5857250,3202,top_up_reverted,3109,development
6385601d3e37a6600624,753,pending_cash_withdrawal,743,development
638f31f0566cd3c29a8c,1604,age_limit,1578,development
63973bcdded55c5a6551,7605,transfer_into_account,7460,development
63a58a4c5068b2f3d5a7,7495,failed_transfer,7351,development
63acf4a731be33890daa,3498,card_payment_not_recognised,3436,development
63b52bd61d8ba95837df,1064,card_delivery_estimate,1050,development
63b783760b30a35124ca,3290,top_up_reverted,3230,development
63c65a9550876e83a3cf,1471,exchange_via_app,1451,development
63c821680b86e7d1683c,1253,card_not_working,1235,development
63c9c61b78d87370dcfa,4054,get_physical_card,3987,development
63c9ca20cb584e52fac4,6868,reverted_card_payment?,6731,development
63cb32d87e2e694cddab,4663,direct_debit_payment_not_recognised,4579,development
63cfe4a70324dd11e702,6598,transfer_timing,6468,development
63dc8630abc0729013bd,4613,atm_support,4529,development
63e7ea75081d956985e2,1255,card_not_working,1237,development
63edbf859986e5074735,2750,transfer_not_received_by_recipient,2701,development
63efd06b020bdf4ced20,5822,Refund_not_showing_up,5717,development
6434cce0024d74c936ee,4987,declined_cash_withdrawal,4897,development
643ef6ad4aa14d171790,7201,transfer_fee_charged,7060,development
643f69221b03770911c8,9069,top_up_by_card_charge,8894,development
644990bcbaf35e7ed65d,6218,terminate_account,6101,development
6457b15067631318a6ff,2393,wrong_amount_of_cash_received,2348,development
645b47f6edfa06885820,4784,direct_debit_payment_not_recognised,4698,development
645ee5756a83d9144d4b,5041,declined_cash_withdrawal,4950,development
6470d76f80d8369e5137,8924,cash_withdrawal_not_recognised,8750,development
6476a7036305fb172417,2765,transfer_not_received_by_recipient,2716,development
64848129615fca78adba,578,extra_charge_on_statement,572,development
648d99116376c0ca1df9,6945,change_pin,6807,development
64915f46387ec979f319,7910,getting_spare_card,7754,development
64ab6ff83e0ff7f5c860,7139,beneficiary_not_allowed,6998,development
64c03ae9fe7134d3dec7,2305,top_up_limits,2261,development
64cabc7da5dcd4f3198a,1288,card_not_working,1270,development
64dcea713c716c09570a,3238,top_up_reverted,3179,development
64e2f9075b9353f6b45a,3133,card_acceptance,3079,development
64e8b7afc0f7f63534cb,993,fiat_currency_support,981,development
64e94341e0c686ae636b,5372,request_refund,5274,development
64eb9917dc0422618224,4257,topping_up_by_card,4180,development
64efabd3c32c9bc65ba7,9246,activate_my_card,9069,development
64f7e70ae871277e0778,5350,lost_or_stolen_phone,5252,development
650212db4dcfce28c38e,3100,card_acceptance,3046,development
65036b2f68592018068b,3866,why_verify_identity,3800,development
652359b916e63779e7e9,1507,lost_or_stolen_card,1487,development
652a9256173dbc4a593f,3220,top_up_reverted,3161,development
6532a63d21b4f26cfc3b,8549,top_up_failed,8376,development
65340267b96e60ab46a7,3488,card_payment_not_recognised,3426,development
6546886a49033f7f9167,6384,transaction_charged_twice,6265,development
654b679136949bd4877d,7922,getting_spare_card,7766,development
654e0cb9d16bed3919fb,3161,top_up_reverted,3105,development
6557043bc52408380b96,9344,cash_withdrawal_charge,9163,development
6569ee65ee8f7fc99a86,4944,declined_cash_withdrawal,4855,development
656cee3864313b73f908,7650,transfer_into_account,7505,development
656da3213d4edbab67fc,1644,age_limit,1617,development
65898fbef7ec1eb54112,6143,terminate_account,6027,development
6593492d9a8eeb24d743,5724,Refund_not_showing_up,5621,development
659fa4eb062b8567c001,3726,edit_personal_details,3663,development
65a0774fc63c417d61e5,279,card_linking,277,development
65a0b1c21a7cf027f9cf,3725,edit_personal_details,3662,development
65a1259dc7d94f3eb25e,1546,lost_or_stolen_card,1522,development
65a1aa6140eff46b35b5,402,exchange_rate,397,development
65a86b49cd1320ee8f91,6090,pending_transfer,5977,development
65adc066572ff3d248e7,8007,top_up_by_cash_or_cheque,7850,development
65b5c09a6cedb30c55ce,7256,transfer_fee_charged,7115,development
65c10374adf34907da9f,4357,disposable_card_limits,4279,development
65c59a1b626e04f872e5,7707,verify_top_up,7562,development
65cb5e0b190fe8d77e50,2175,cancel_transfer,2137,development
65cc4dabab59210c8c6e,3022,getting_virtual_card,2970,development
65d2ba8a54ca3c07bc7d,9160,top_up_by_card_charge,8984,development
65d34bb8e2e47c89bfb9,9335,activate_my_card,9154,development
65d5eb3675a9406a48e9,1751,pin_blocked,1723,development
65db00d63830e5ab8feb,2061,pending_top_up,2026,development
65dd727a2014f67417fa,4603,atm_support,4519,development
65e919ba90a4fbe8e26c,6163,terminate_account,6047,development
65e9ca002aa549d655e5,4179,visa_or_mastercard,4107,development
65ee3d9f5e870e42611a,4480,compromised_card,4398,development
65f38cb775eab662f92a,4553,atm_support,4471,development
65f3ad7fbba61151e448,8309,wrong_exchange_rate_for_cash_withdrawal,8145,development
65f5861d5cc47cb9a8d7,3691,edit_personal_details,3628,development
65ff122b0b95dfcfeb65,6455,transaction_charged_twice,6332,development
66040db7544b73fb008c,5690,Refund_not_showing_up,5587,development
660aedabdb6db36fa19a,2744,transfer_not_received_by_recipient,2695,development
6612fe7cd1a4e81725e7,2354,wrong_amount_of_cash_received,2309,development
6619b3c81d9c9c4a8178,3576,card_payment_not_recognised,3514,development
661b20697945015f726c,5070,declined_cash_withdrawal,4979,development
66265d5c0f13b8157e6d,5063,declined_cash_withdrawal,4972,development
6637f0deb29e4767f55a,1497,lost_or_stolen_card,1477,development
66396f71a4bb031f9d97,7945,top_up_by_cash_or_cheque,7789,development
6639a541661d2d17fc6e,6286,card_swallowed,6168,development
663ba66aa62000a0a497,5249,pending_card_payment,5152,development
663ff2825bb84b7563bc,9643,card_about_to_expire,9460,development
66404e80003950038828,2544,card_payment_fee_charged,2499,development
664705d3aa1a44acec47,9820,verify_my_identity,9633,development
664e2ae4936f13a6c10b,5422,request_refund,5323,development
66501a5fddf3f917be23,9633,card_about_to_expire,9450,development
66530d2f7c079b155412,3848,why_verify_identity,3782,development
66549131ea0eed1e71c7,7292,transfer_fee_charged,7150,development
66571b7a992e91d13afc,4801,direct_debit_payment_not_recognised,4714,development
6662398efc3fd94f9ffa,827,pending_cash_withdrawal,773,development
667375b2ca3b54cafee4,5185,pending_card_payment,5090,development
66761dd3687bcbd5e3af,7537,failed_transfer,7393,development
667da9359a0a4a70d6d6,3545,card_payment_not_recognised,3483,development
669a75b0af4d617d1ec3,6873,reverted_card_payment?,6736,development
66a0991092ecf19e8fde,6002,pending_transfer,5894,development
66a65a6418d6b8066260,4326,topping_up_by_card,4249,development
66ab7548e021233a4f95,2130,cancel_transfer,2093,development
66ae77dbf3eec86d4659,3913,unable_to_verify_identity,3847,development
66b6cd12828af0dda873,1819,top_up_by_bank_transfer_charge,1791,development
66b7b3e90e6508420e87,1006,card_delivery_estimate,994,development
66c6935e3a4647a594f6,8432,get_disposable_virtual_card,8266,development
66c75c11376904692f41,305,exchange_rate,303,development
66d37b7f6580371bab2b,292,exchange_rate,290,development
66e0261ca6ad0333609b,5044,declined_cash_withdrawal,4953,development
66e8a3a3eacf3b22c9d5,2508,wrong_amount_of_cash_received,2463,development
66e94886d2060092c6de,9167,top_up_by_card_charge,8991,development
66e985152289f56e02ca,6036,pending_transfer,5928,development
66f95f2e973344423b01,5888,declined_card_payment,5783,development
66fd745d188355d282c6,283,card_linking,281,development
66fdaaddda023491966a,1419,exchange_via_app,1400,development
672f1ea82ca4d418a2fa,6604,transfer_timing,6474,development
67395403c165bc5264ef,7580,transfer_into_account,7435,development
6757df171168f3021aaa,8942,cash_withdrawal_not_recognised,8768,development
676ae6735389d88cd13f,2455,wrong_amount_of_cash_received,2410,development
6776ce09a6de612ac4c2,824,pending_cash_withdrawal,814,development
6777afc596f435fa6cbb,8297,wrong_exchange_rate_for_cash_withdrawal,8134,development
678604b11a15aa33b7f0,4991,declined_cash_withdrawal,4901,development
678b7d1568111bb91d77,5735,Refund_not_showing_up,5632,development
6790753fb6cf20d2e1b5,9783,verify_my_identity,9596,development
679aea86366fb8125c1d,7408,receiving_money,7264,development
67a3d34959f11feabec0,5660,declined_transfer,5558,development
67a92fe1dd4919feae73,3905,unable_to_verify_identity,3839,development
67ad91bab6c95da871b3,3444,balance_not_updated_after_cheque_or_cash_deposit,3383,development
67ae8e0562e1716eab5b,4253,topping_up_by_card,4176,development
67af4ae5109f37e480d1,4347,disposable_card_limits,4270,development
67b00e2d71abd7acec25,8286,wrong_exchange_rate_for_cash_withdrawal,8123,development
67b8812efbee0c3a5e35,2876,supported_cards_and_currencies,2825,development
67b9228c9fddb82042b5,3353,balance_not_updated_after_cheque_or_cash_deposit,3292,development
67c491ebab4dc1c5cd06,468,card_payment_wrong_exchange_rate,463,development
67c7139474d39944f842,3709,edit_personal_details,3646,development
67cbd50202897e5a5d96,1839,top_up_by_bank_transfer_charge,1811,development
67d6ceadd156ecbc3ad7,5177,pending_card_payment,5082,development
67ebbc10ee9f1975a798,8062,order_physical_card,7904,development
67f4fb0e985d7bb646ca,3341,balance_not_updated_after_cheque_or_cash_deposit,3281,development
67f90fb9ccb619bb529f,1426,exchange_via_app,1407,development
681706f6d5a58a61c809,3906,unable_to_verify_identity,3840,development
683d2d435a7735ac74fa,4139,visa_or_mastercard,4070,development
683f67ed9e147ce4533b,8175,virtual_card_not_working,8014,development
684224ec42758e930954,4677,direct_debit_payment_not_recognised,4593,development
684b20866f07b5d65f00,7011,beneficiary_not_allowed,6872,development
6850d041677e488ea59a,923,fiat_currency_support,911,development
6852588091d0b7fe14b4,7754,verify_top_up,7605,development
685309147d247f4418cd,3594,card_payment_not_recognised,3532,development
685df77d429fa39ccb75,5232,pending_card_payment,5136,development
68622e635d47fa8f57eb,7061,beneficiary_not_allowed,6921,development
686750ff704fddfc7caf,3297,top_up_reverted,3237,development
686e9d951af8434521e7,301,exchange_rate,299,development
687398dfea48f6731b8f,8653,balance_not_updated_after_bank_transfer,8480,development
6875fa84b4ba1b2b483a,8794,cash_withdrawal_not_recognised,8620,development
688bd37c70960396a2dd,6564,verify_source_of_funds,6380,development
689ece293d3e84455023,7247,transfer_fee_charged,7106,development
68a028421bfeb06bf591,4913,passcode_forgotten,4825,development
68a15179c3ec1f56de52,9681,apple_pay_or_google_pay,9498,development
68a3c878cba5e1debc6e,3375,balance_not_updated_after_cheque_or_cash_deposit,3314,development
68a499af09d332a30b86,4261,topping_up_by_card,4184,development
68a5d60b52e295828143,3106,card_acceptance,3052,development
68afaa058b7d430dfc0c,3211,top_up_reverted,3152,development
68b59a33cba396fc1ce5,6942,change_pin,6804,development
68c0dcf22bee17055ce9,1243,automatic_top_up,1225,development
68c32cbb9f5b9fa22cbb,5928,declined_card_payment,5822,development
68cc5c192cf800128488,6104,pending_transfer,5990,development
68ccc095275a6db2f990,3492,card_payment_not_recognised,3430,development
68d0b522009973b0c7c1,2216,cancel_transfer,2177,development
68d25e66e16fc9692e71,6877,reverted_card_payment?,6740,development
68d2c331f830e777836a,8766,balance_not_updated_after_bank_transfer,8592,development
68d4ea54578be5b86885,388,exchange_rate,383,development
68ea2ee17f8abdd6d3b0,68,card_arrival,68,development
68eb4cb97c23223927b1,4572,atm_support,4490,development
68f1117be8e8f1ee0c32,8252,wrong_exchange_rate_for_cash_withdrawal,8090,development
68f5b733ff676b3f6dca,4776,direct_debit_payment_not_recognised,4690,development
68ffc71b999e93a1d3c0,3930,unable_to_verify_identity,3864,development
68ffca0ba96e8bab7b6d,5507,request_refund,5407,development
690326f2f8293e7c22ed,4298,topping_up_by_card,4221,development
69059a8c271d8bc19d44,2567,card_payment_fee_charged,2521,development
691f0ef04157ec749c08,3785,why_verify_identity,3719,development
69202a82433d7c27f9db,9052,exchange_charge,8877,development
694031d8b69b5e182b8e,9486,cash_withdrawal_charge,9304,development
69461bebbc7ee4e7f5c6,8855,cash_withdrawal_not_recognised,8681,development
695660e33a80381cb864,6010,pending_transfer,5902,development
695f791c1c4ccf5698b3,2148,cancel_transfer,2110,development
6966785f8d3450043941,5106,pending_card_payment,5013,development
696d65de48fbd84b0329,2359,wrong_amount_of_cash_received,2314,development
697e8bb52ae7570abfd5,2867,transfer_not_received_by_recipient,2816,development
698f5c25c81ebb83db9a,3888,why_verify_identity,3822,development
69916e62b80e19d02b89,4671,direct_debit_payment_not_recognised,4587,development
69a6cee13d18f240293e,933,fiat_currency_support,921,development
69ab793e1893faa1ac47,7975,top_up_by_cash_or_cheque,7818,development
69b284f7b9264fccfeed,5410,request_refund,5312,development
69b2fafe77e2993271aa,9704,apple_pay_or_google_pay,9520,development
69cded52c12aada82b41,9956,country_support,9766,development
69ce9a08a819cdd0920f,3468,balance_not_updated_after_cheque_or_cash_deposit,3406,development
69e1e802fb164728a336,7174,transfer_fee_charged,7033,development
69e59b24a0293b48adf7,5368,lost_or_stolen_phone,5270,development
69e5f6d71aaaefbb1d21,79,card_arrival,79,development
69eafc31419b440e2c88,1244,automatic_top_up,1226,development
6a023ff68be3eb1b78e7,7114,beneficiary_not_allowed,6973,development
6a03091749a291fccfc3,9184,activate_my_card,9008,development
6a094615cd4ab7043fb1,2910,supported_cards_and_currencies,2859,development
6a0d95b71d8f4deaba33,9087,top_up_by_card_charge,8912,development
6a1141c5da53c6c59257,3658,edit_personal_details,3596,development
6a15a8d24b2b2ba28e0d,6373,transaction_charged_twice,6254,development
6a2d638e8e66b0d48426,8723,balance_not_updated_after_bank_transfer,8549,development
6a3e59c321ec8b29e296,6152,terminate_account,6036,development
6a486dd72e92b34ad5a9,7541,failed_transfer,7397,development
6a4c3bac039e4782a621,8952,exchange_charge,8778,development
6a68bf0a71b6ce045166,8120,order_physical_card,7961,development
6a6fbcbd0c920ba17c80,7382,receiving_money,7238,development
6a7774af796b91824f8a,849,pending_cash_withdrawal,837,development
6a786e00f611983255bc,2154,cancel_transfer,2116,development
6a7a6ef6d3874d3b5022,586,extra_charge_on_statement,580,development
6a7c3833657d4273fdca,2647,card_payment_fee_charged,2599,development
6a7c8c66d34cc1661031,6687,transfer_timing,6556,development
6a85a803d3accad1eeb9,6729,reverted_card_payment?,6595,development
6a97ce328f1cf7817265,7924,getting_spare_card,7768,development
6aa496edc547bc1451e9,1963,pending_top_up,1934,development
6aaf9b4a51fa17554b07,6670,transfer_timing,6540,development
6ab47756601332be109a,7005,beneficiary_not_allowed,6866,development
6abd4450ab917ff20ce2,5495,request_refund,5395,development
6ac754c73d971f08a2e4,7346,receiving_money,7202,development
6adcb9061eac94d3a337,8361,wrong_exchange_rate_for_cash_withdrawal,8196,development
6ae5330e51d7aa68a3db,8203,virtual_card_not_working,8041,development
6ae7e36b84d470711b19,9279,activate_my_card,9100,development
6aec7248e121856c3018,3277,top_up_reverted,3217,development
6af6d80f54b9bfacfe9f,8058,order_physical_card,7900,development
6afb845745eabb10e49f,6187,terminate_account,6071,development
6b001925a43539ba9bf6,4409,disposable_card_limits,4331,development
6b06aedd54ba0a55cff1,785,pending_cash_withdrawal,775,development
6b077c5213968efd5b66,307,exchange_rate,305,development
6b0a6bb420508c41a0d4,997,fiat_currency_support,985,development
6b11abb2a5bc2c032000,7587,transfer_into_account,7442,development
6b146a70cd0ed0116e44,1852,top_up_by_bank_transfer_charge,1824,development
6b30da44f6e07bf6c447,7349,receiving_money,7205,development
6b3681f444c98e28f1db,1062,card_delivery_estimate,1048,development
6b3de6a15488ac5d4c01,4400,disposable_card_limits,4322,development
6b3e6dd95f8001711fbf,4612,atm_support,4528,development
6b442ca7dc27f90f15d6,3176,top_up_reverted,3119,development
6b46397093340f83a5f9,5935,declined_card_payment,5828,development
6b4a16e271fd982e7b98,459,card_payment_wrong_exchange_rate,454,development
6b6eba3188f00e77fddc,7086,beneficiary_not_allowed,6946,development
6b7c394982c858d3958b,2257,top_up_limits,2218,development
6b7dcebe13f548a44cc2,205,card_linking,203,development
6b81d4156592f83a47ac,5079,declined_cash_withdrawal,4986,development
6b890c90eb27635a56b1,4337,topping_up_by_card,4260,development
6b8936fafde4e61f2c0d,8272,wrong_exchange_rate_for_cash_withdrawal,8109,development
6b96e77cc631941fac24,3932,unable_to_verify_identity,3866,development
6b9c81ff9eddc2b7a615,6728,reverted_card_payment?,6594,development
6b9d99cc1afa2bd453bc,8116,order_physical_card,7958,development
6b9e330e7778ac4a62fe,908,fiat_currency_support,896,development
6b9fb1bf9cff39dfb23f,4623,atm_support,4539,development
6ba08af4215409a1441f,8077,order_physical_card,7919,development
6ba9e1298ba4ec1eba6c,8251,wrong_exchange_rate_for_cash_withdrawal,8089,development
6bb3ea70566cb88cf033,5022,declined_cash_withdrawal,4932,development
6bbfff9c5e4d5ec0502f,4586,atm_support,4503,development
6bc867fe2484060c82ed,378,exchange_rate,326,development
6bca86c4f40097d86fc6,8012,top_up_by_cash_or_cheque,7855,development
6bcb85d7c47ad5d76cd9,7334,receiving_money,7190,development
6bd0603e5b1d6a140af2,2406,wrong_amount_of_cash_received,2361,development
6bd3cddc2eb1a219e9e6,430,card_payment_wrong_exchange_rate,425,development
6bd99ab616ca89188815,9998,country_support,9807,development
6bde5987a0f2b94760ff,5027,declined_cash_withdrawal,4936,development
6bdee8c06b73f74f6f6c,2515,card_payment_fee_charged,2470,development
6bf64974a9c22039a41c,9809,verify_my_identity,9622,development
6bffa2a32ae547547df0,9574,card_about_to_expire,9391,development
6c01cea56062d97532f9,1917,top_up_by_bank_transfer_charge,1888,development
6c07e9ead2543fa36baa,6101,pending_transfer,5987,development
6c0a434d4b6e0f2d677e,1499,lost_or_stolen_card,1479,development
6c0b9e6546f9e8442f32,6824,reverted_card_payment?,6688,development
6c12ec68f00130cd77c1,7906,getting_spare_card,7750,development
6c1a6a8066595cc2d468,2840,transfer_not_received_by_recipient,2789,development
6c2478871ab6f35ae836,2630,card_payment_fee_charged,2583,development
6c2da627d20cc4d42daa,8759,balance_not_updated_after_bank_transfer,8585,development
6c335dac21c7c48923dd,1959,pending_top_up,1930,development
6c34a4b2a9f779c31ab9,4100,visa_or_mastercard,4032,development
6c389f72de2ea67c4602,3820,why_verify_identity,3754,development
6c3aea557c019bb50673,3381,balance_not_updated_after_cheque_or_cash_deposit,3320,development
6c3c4c935cccf3648c4e,3026,getting_virtual_card,2974,development
6c3cadea29ad56c1bfdb,6365,transaction_charged_twice,6246,development
6c475f6abe13bcc66fe7,994,fiat_currency_support,982,development
6c48a556ae5325609df7,6893,change_pin,6755,development
6c53885469f5b146b3ae,1089,card_delivery_estimate,1074,development
6c5bf2bce65a9d284394,4837,passcode_forgotten,4750,development
6c5e3f1d273479dcc3ca,5936,declined_card_payment,5829,development
6c866dd94ff3f90a8ce1,4242,topping_up_by_card,4165,development
6c8a2458b8bf2c8bb116,9282,activate_my_card,9103,development
6c9a7ba83ecf738e670d,8940,cash_withdrawal_not_recognised,8766,development
6c9b45bb0245f3863d86,2634,card_payment_fee_charged,2587,development
6ca7d2eed08607e163e6,9371,cash_withdrawal_charge,9190,development
6cb1bfa10284b3207b3e,5505,request_refund,5405,development
6cb3cfc81c4671ea761f,9792,verify_my_identity,9605,development
6cb7128c6d11a2f0d646,1339,card_not_working,1320,development
6cc74801f60a3889b229,6623,transfer_timing,6493,development
6ccbd3e7f8952d7b7cc9,1555,lost_or_stolen_card,1531,development
6cd526772ef0daa5cebd,7810,getting_spare_card,7654,development
6cda871eb574fe6d2720,6664,transfer_timing,6534,development
6ce839808aff60ced57e,398,exchange_rate,393,development
6cf16d47253a6ce4ff90,998,fiat_currency_support,986,development
6cf8def36d65a964989b,5215,pending_card_payment,5119,development
6cfd436af34703f757ed,9556,card_about_to_expire,9374,development
6d112c03543cfa8baf85,9569,card_about_to_expire,9386,development
6d14e83d70277e2e4d11,6467,transaction_charged_twice,6344,development
6d276c7a921e4f225d82,7277,transfer_fee_charged,7136,development
6d30955a8c8bb09bcdd8,4127,visa_or_mastercard,4058,development
6d31a3a412eabf895b08,2197,cancel_transfer,2158,development
6d341097cda950193aa4,7946,top_up_by_cash_or_cheque,7790,development
6d34d6b8c249eb26148b,9821,verify_my_identity,9634,development
6d39ed57517a93206546,5085,declined_cash_withdrawal,4992,development
6d3ddea019604654fa2c,8299,wrong_exchange_rate_for_cash_withdrawal,8136,development
6d43d157f1ed4a5037cd,94,card_arrival,94,development
6d4518a7cacde4b8eced,7220,transfer_fee_charged,7079,development
6d4d490adde40e480419,3332,balance_not_updated_after_cheque_or_cash_deposit,3272,development
6d4dde1ef4895ad66ab0,5622,declined_transfer,5521,development
6d51fba89b30c3ff4e78,6697,transfer_timing,6565,development
6d57b5b848e6d953a963,5204,pending_card_payment,5109,development
6d59891b48e52d667433,1982,pending_top_up,1953,development
6d5de56f795414bd5f38,8795,cash_withdrawal_not_recognised,8621,development
6d67249df36696bad82a,4769,direct_debit_payment_not_recognised,4683,development
6d7ff185879303c269c4,3115,card_acceptance,3061,development
6d929d6cab90c795eb3c,6798,reverted_card_payment?,6663,development
6d962242dc8379ddfeaa,9786,verify_my_identity,9599,development
6d98b591c6af170be6a6,9428,cash_withdrawal_charge,9246,development
6d9d25e014e6eb0b100a,1136,automatic_top_up,1121,development
6da70919378b8e8c95b4,348,exchange_rate,345,development
6db9327fa92f8e0d8d55,7397,receiving_money,7253,development
6dc455f769d68110a8c3,179,card_linking,178,development
6dc53d4e3ef564e32dd3,2541,card_payment_fee_charged,2496,development
6dcfb609650030e42940,4786,direct_debit_payment_not_recognised,4700,development
6dd031b146380a63b388,9496,cash_withdrawal_charge,9314,development
6e10636f130fe0a3ecdb,1301,card_not_working,1282,development
6e1e821d7d48ad39bc94,2787,transfer_not_received_by_recipient,2736,development
6e2b3c41730e7458aaf2,339,exchange_rate,337,development
6e34dd6291758f122de6,3819,why_verify_identity,3753,development
6e4c288d5cafb897fcee,2251,top_up_limits,2212,development
6e4dc3c0cfcdb328edf9,3045,getting_virtual_card,2993,development
6e527dce9a9e018f9622,7961,top_up_by_cash_or_cheque,7805,development
6e578b4eeaf240ae8642,4903,passcode_forgotten,4815,development
6e5b37afaaefc48b8d9c,5744,Refund_not_showing_up,5641,development
6e5c78d673fc84b59a6b,6688,transfer_timing,6557,development
6e6002a521a58f41b134,4717,direct_debit_payment_not_recognised,4633,development
6e66efec291fbadb3097,3753,edit_personal_details,3688,development
6e69c4b383b82f0141a8,217,card_linking,215,development
6e6ce638930fd272c21a,6669,transfer_timing,6539,development
6e6f945272ee8fc9f3a4,4146,visa_or_mastercard,4077,development
6e877620f5f3526502fe,8816,cash_withdrawal_not_recognised,8642,development
6e9188cabcfc52b7aad2,3338,balance_not_updated_after_cheque_or_cash_deposit,3278,development
6e943ac23641ca6ab99f,2888,supported_cards_and_currencies,2837,development
6ea0c368b607b8c27af9,6901,change_pin,6763,development
6eaa1bea99fae5ee7a15,487,card_payment_wrong_exchange_rate,482,development
6eadab5a0e559fccf613,8122,order_physical_card,7963,development
6eb5d7b75464d01902e1,6299,card_swallowed,6181,development
6ebafca2d6f3df623b58,6651,transfer_timing,6521,development
6ebbe5cf02bfc13b4ed7,2781,transfer_not_received_by_recipient,2667,development
6ec09ecf27a2b031ddb6,3079,getting_virtual_card,3001,development
6ec9aeb2102be889d56e,103,card_arrival,103,development
6ece8c064a9a2da76588,9441,cash_withdrawal_charge,9259,development
6ee6ff35907232cf4bde,2611,card_payment_fee_charged,2565,development
6ee81be41258ac9a57b4,8533,top_up_failed,8361,development
6ef02cea93be6935a896,1997,pending_top_up,1968,development
6ef1ee2f11830da9e135,7320,transfer_fee_charged,7177,development
6ef60d9141e31c8bb1d8,9595,card_about_to_expire,9412,development
6f050b58b1d7b6f08232,4329,topping_up_by_card,4252,development
6f0c02bd83b8bcca5277,8620,balance_not_updated_after_bank_transfer,8447,development
6f0d6cc5d9218e2ff5dc,5858,declined_card_payment,5753,development
6f0e6c1f07b221789de0,3697,edit_personal_details,3634,development
6f1aba0c5af243dd7d90,328,exchange_rate,326,development
6f2220eeb7b1b03443e0,3308,balance_not_updated_after_cheque_or_cash_deposit,3248,development
6f23e4f51cdf5afd801e,786,pending_cash_withdrawal,776,development
6f347ba234c155417539,5979,declined_card_payment,5872,development
6f3c2b172ebd37445c2e,3044,getting_virtual_card,2992,development
6f44441ba14b1ff64cf0,2329,top_up_limits,2284,development
6f5a14da4d1970fdfb70,5287,lost_or_stolen_phone,5189,development
6f6ccf1f78910e9ee103,5787,Refund_not_showing_up,5683,development
6f6f2bdf01e11a879366,9250,activate_my_card,9072,development
6f716e97cb95fa522787,9119,top_up_by_card_charge,8944,development
6f7bd1c2728c1117d3f4,3733,edit_personal_details,3670,development
6f7e2572c42efa2ef21a,5210,pending_card_payment,5115,development
6f7e2beb2d9ccfd1002b,9064,exchange_charge,8889,development
6f82300d18707403d773,5786,Refund_not_showing_up,5682,development
6f8409687d7a87232e21,8599,top_up_failed,8426,development
6f849cc1debecbf9115b,1586,age_limit,1561,development
6f8af96481f6f5ce6389,2545,card_payment_fee_charged,2500,development
6f9823e1a214172cfb26,9527,card_about_to_expire,9345,development
6f9a719860a72f8413af,3241,top_up_reverted,3182,development
6f9f40c9a417fd2ff4c4,4350,disposable_card_limits,4273,development
6fa773ab815fe33e6658,3269,top_up_reverted,3210,development
6fba6f26643ac0ade65b,6737,reverted_card_payment?,6603,development
6fc659af231a5db45a40,580,extra_charge_on_statement,574,development
6fd2b6ea7f61403278b7,1699,pin_blocked,1672,development
6fe181d06bec8f7f15cb,493,card_payment_wrong_exchange_rate,488,development
6fe8848359f2ab199a64,124,card_arrival,123,development
6feb20d2810907cf5211,5272,lost_or_stolen_phone,5175,development
6fed0108ba930baace06,1820,top_up_by_bank_transfer_charge,1792,development
6ff55074fc14af914b6b,562,card_payment_wrong_exchange_rate,556,development
701dc74f5b582380f5ab,2751,transfer_not_received_by_recipient,2702,development
70218714127ee832c288,5903,declined_card_payment,5797,development
703335705663854dcdc6,8657,balance_not_updated_after_bank_transfer,8484,development
703c00e23813d4c28c88,8678,balance_not_updated_after_bank_transfer,8504,development
703ec998d6ad9cc8c4f9,3748,edit_personal_details,3683,development
704f7fa8850378550417,170,card_linking,169,development
7050b90c0ab9480b2e79,3253,top_up_reverted,3194,development
7061eda1f48515cf064a,3331,balance_not_updated_after_cheque_or_cash_deposit,3271,development
70649fa9232c5eb9909a,9325,activate_my_card,9144,development
7076bb4b9d4766d2e126,3917,unable_to_verify_identity,3851,development
707d6a4012f4a04da4d6,1770,pin_blocked,1742,development
707fcfb04276679cf310,2749,transfer_not_received_by_recipient,2700,development
70855040176b60ddb2b5,1192,automatic_top_up,1176,development
7090b09f915fa1acb6f8,7505,failed_transfer,7361,development
709136203315d819b623,5121,pending_card_payment,5028,development
70933b6cce4dea992369,5832,Refund_not_showing_up,5727,development
709ad6c2d613c2cd10b1,342,exchange_rate,340,development
70b7eb5a419d9b9dddc9,6532,verify_source_of_funds,6406,development
70c1999ae7956abd1d79,8259,wrong_exchange_rate_for_cash_withdrawal,8097,development
70c2fd464b7a23e8a3f8,4809,direct_debit_payment_not_recognised,4722,development
70d5f95f61a5a9ac9203,1607,age_limit,1581,development
70e167db40a17d9318ca,6869,reverted_card_payment?,6732,development
70e3618b3ae6609284ae,7882,getting_spare_card,7726,development
70f3ef2f238518fa58e5,7231,transfer_fee_charged,7090,development
70fa3344e161e5814743,9447,cash_withdrawal_charge,9265,development
710f37f5be8ff1258057,4488,compromised_card,4406,development
7117c43187f02945d6b5,7165,transfer_fee_charged,7024,development
7120e80f2a01c95f1f2b,7014,beneficiary_not_allowed,6875,development
71212b9fb409e1ace073,8400,get_disposable_virtual_card,8234,development
712d24d37ada68e1bfab,5812,Refund_not_showing_up,5707,development
7136ddc59675f991f528,8302,wrong_exchange_rate_for_cash_withdrawal,8139,development
7137edf79ebb640b73b0,4751,direct_debit_payment_not_recognised,4665,development
713c52611368c4506ebf,6707,transfer_timing,6574,development
714a4ce43d1b5aff9888,5439,request_refund,5340,development
71567ecda3698006dfcd,1434,exchange_via_app,1414,development
7158389eb4d2ec4bc402,5053,declined_cash_withdrawal,4962,development
7160555af78036630666,8584,top_up_failed,8411,development
7160cd7de7961495d1b3,6718,transfer_timing,6505,development
7160fae3a10e48bb27f6,5447,request_refund,5348,development
71794a85450d47605faf,3221,top_up_reverted,3162,development
717c01ffd6b5f861b91d,7564,failed_transfer,7419,development
7188b928abf8e5fffb2b,4526,compromised_card,4444,development
718d0732c4944db82bcd,5851,declined_card_payment,5746,development
718e1d95a5d67958cd63,6782,reverted_card_payment?,6647,development
7190168ab692d79573cc,6947,change_pin,6809,development
719d5f41f6319e9954f8,8512,top_up_failed,8341,development
71a0f9c8ab579c6a3296,8717,balance_not_updated_after_bank_transfer,8543,development
71b677d74614145ba4a1,3431,balance_not_updated_after_cheque_or_cash_deposit,3370,development
71beb0588856b2878c71,3736,edit_personal_details,3673,development
71c03e83eba183e4136e,5892,declined_card_payment,5787,development
71c16da75fc43e666926,5648,declined_transfer,5546,development
71c30e2fc9b1960bb6b6,7195,transfer_fee_charged,7054,development
71c48591fb05dffaec15,1284,card_not_working,1266,development
71c517456e0aa3781276,8999,exchange_charge,8825,development
71d82302162edfdfd342,5334,lost_or_stolen_phone,5236,development
71e5d0c7f98345366484,1700,pin_blocked,1673,development
71e951c7a414d412294e,5776,Refund_not_showing_up,5673,development
71eabb2b8f588ca824b6,2760,transfer_not_received_by_recipient,2711,development
71ed4ff5810ecc4e7b78,4994,declined_cash_withdrawal,4904,development
7209a72358200c0089ac,8438,get_disposable_virtual_card,8272,development
7221f1e97866ff14b0b1,5996,pending_transfer,5888,development
7223dee48c876ec99581,6004,pending_transfer,5896,development
722565127a8bada7c2a7,9609,card_about_to_expire,9426,development
7226ed60e0cf501414a0,9010,exchange_charge,8836,development
7227571aa63ac0e5dc88,664,extra_charge_on_statement,656,development
7229a7672f1c585f4d2c,2668,card_payment_fee_charged,2620,development
7232dc368cf18ca75775,8355,wrong_exchange_rate_for_cash_withdrawal,8190,development
7233dcb75a6345b14bce,8743,balance_not_updated_after_bank_transfer,8569,development
7239dea83e5f4394e9d4,6244,terminate_account,6126,development
7249b60cc6851be30c58,2907,supported_cards_and_currencies,2856,development
724b356c2eb51d5ceae7,2849,transfer_not_received_by_recipient,2798,development
7251d44d2e8d11083374,5144,pending_card_payment,5051,development
7263ff580b0fb2efcd5a,4535,compromised_card,4453,development
726b8fc0641106b65ab5,1335,card_not_working,1316,development
7273963fcd39acb0f3e4,2494,wrong_amount_of_cash_received,2449,development
7273b57b526666a0ac24,4432,disposable_card_limits,4352,development
7275ede5445e5280d62f,1001,fiat_currency_support,989,development
727da058b2fe28564267,9645,apple_pay_or_google_pay,9462,development
7281c9d363ea6528ff67,9256,activate_my_card,9078,development
728508561e1ee31f5a9e,2834,transfer_not_received_by_recipient,2783,development
7297bab1492953abd02a,7736,verify_top_up,7590,development
72a0430a9ae2e2580cd0,2961,supported_cards_and_currencies,2910,development
72aac60db9b2e22cd033,2117,cancel_transfer,2080,development
72abb1471055785f5709,581,extra_charge_on_statement,575,development
72bdce1ea5a23ec15825,1302,card_not_working,1283,development
72bedcd35a1f4595a88f,6930,change_pin,6792,development
72ccaa6e60f0ffa52d8e,1862,top_up_by_bank_transfer_charge,1834,development
72cde4dbba8dffb0c4a6,7080,beneficiary_not_allowed,6940,development
72d3902a526a4e6f94ae,8021,top_up_by_cash_or_cheque,7864,development
72d7a16a0ee485b16d60,9709,apple_pay_or_google_pay,9525,development
72da11503247bde1785e,4018,get_physical_card,3951,development
72db2b01fc4fec922cda,8213,wrong_exchange_rate_for_cash_withdrawal,8051,development
72e07d6c6e3f93ca7e9d,7405,receiving_money,7261,development
7302f7489dc88897bf96,5411,request_refund,5313,development
731134f41e8beefdeacb,7845,getting_spare_card,7689,development
731a24c83d423e7fa980,2655,card_payment_fee_charged,2607,development
731cf10ad857dd38bfd6,8585,top_up_failed,8412,development
731fd28686580bbcfae7,8490,top_up_failed,8320,development
73291110f83c507760f8,7493,failed_transfer,7349,development
733a2414b9186b9bd54a,6608,transfer_timing,6478,development
735d1fb97d9def8f6d01,4163,visa_or_mastercard,4094,development
735ecf90d8d44264538f,1440,exchange_via_app,1420,development
73713e7e6cff8331db67,5872,declined_card_payment,5767,development
7377a080157a0dd9eb46,237,card_linking,235,development
737df6617f7c1a15ef0f,5015,declined_cash_withdrawal,4925,development
737e476aaa21db02a5c1,7273,transfer_fee_charged,7132,development
73894df481842ffa0bb0,521,card_payment_wrong_exchange_rate,516,development
73902cdcaa32f4b6da04,938,fiat_currency_support,926,development
73909fd7706ad2dc1c74,4763,direct_debit_payment_not_recognised,4677,development
73a854a8b0c4b469674e,8546,top_up_failed,8373,development
73aef319b5bd68a363c4,2093,cancel_transfer,2056,development
73ca2a878185767a7898,6611,transfer_timing,6481,development
73ca75c56f2c1b23d2ca,7584,transfer_into_account,7439,development
73cf9b614caf1c27b36f,3179,top_up_reverted,3122,development
73f7145c0ffdb974bf51,6657,transfer_timing,6527,development
73f7a1a8740280b80379,4607,atm_support,4523,development
73feb6183e71563ac8ca,4514,compromised_card,4432,development
740117be6aa452448e2c,1938,pending_top_up,1909,development
74081401921121698711,6951,change_pin,6813,development
740b632fb151c8879f92,5456,request_refund,5357,development
740bf09773bc52dc87e3,8268,wrong_exchange_rate_for_cash_withdrawal,8105,development
740e78a32bcf5ab041ab,6223,terminate_account,6106,development
741a8739cc61657e60bd,121,card_arrival,120,development
741cca1989dc33e68007,1956,pending_top_up,1927,development
742b6a73a8d3359337b4,1111,card_delivery_estimate,1096,development
742eb32135b205978a39,359,exchange_rate,356,development
7435aa8b76579e30780b,3831,why_verify_identity,3765,development
743883535891b20e2ee6,1359,exchange_via_app,1340,development
743edebbbd7dba0353ef,5153,pending_card_payment,5059,development
74446360c5bdb4230026,5103,pending_card_payment,5010,development
74513693642b74af13a2,4652,direct_debit_payment_not_recognised,4568,development
74534f61d815d660659f,3168,top_up_reverted,3112,development
7456d6dc674bdb5c622b,9322,activate_my_card,9141,development
745921cb3ed637cf6c96,5394,request_refund,5296,development
745ae62b54b616f9cc97,7426,receiving_money,7282,development
745d77c20a9357adc3f5,8590,top_up_failed,8417,development
7460daff2ce0a5641036,6631,transfer_timing,6501,development
746c562b844c44bb6802,1462,exchange_via_app,1442,development
7470e43f62c5adf1437f,4152,visa_or_mastercard,4083,development
7472d7f7c932d386e8ae,1303,card_not_working,1284,development
747a01e3d9f22277bd3c,4867,passcode_forgotten,4780,development
748ac0fb6ce73710f5bf,9351,cash_withdrawal_charge,9170,development
7494f6ee7d572bc2749b,7020,beneficiary_not_allowed,6880,development
749b56c65a47c7f23abd,7519,failed_transfer,7375,development
74b0b7bb5948166027fe,8234,wrong_exchange_rate_for_cash_withdrawal,8072,development
74bf6424ca2913ad0d78,4061,get_physical_card,3994,development
74d1d44f8be82cdf6f5d,5480,request_refund,5380,development
74d66a3a11a1aeb52864,8343,wrong_exchange_rate_for_cash_withdrawal,8178,development
74da9cdb3e487f63e072,7713,verify_top_up,7567,development
74e0e019ca67bb272d60,4641,direct_debit_payment_not_recognised,4557,development
74e9aae33063480fdb9e,7356,receiving_money,7212,development
74ec060856e449f989d9,8804,cash_withdrawal_not_recognised,8630,development
74f83c862cfee451bffe,5586,declined_transfer,5486,development
74fa00e5986a76892a23,1783,contactless_not_working,1755,development
74fbd205db74f0116f98,7299,transfer_fee_charged,7157,development
74ff13686e352eb23e5d,6754,reverted_card_payment?,6619,development
75042103031e7f38c6cc,4057,get_physical_card,3990,development
750596a5460a1f92f947,338,exchange_rate,336,development
750c12cc504ef8ab933d,5810,Refund_not_showing_up,5705,development
750c366fc325a24c647a,3023,getting_virtual_card,2971,development
750dc1b80fd38db8d5cb,6816,reverted_card_payment?,6680,development
75155a19a9e51364fffe,5109,pending_card_payment,5016,development
751a10788e2b6bce976c,7060,beneficiary_not_allowed,6920,development
7520711b1a7a745761d2,2246,top_up_limits,2207,development
752b714826d61521b4a4,9888,country_support,9698,development
752dfd53188c4bf54e5b,7900,getting_spare_card,7744,development
752f7ff12e337aba6cec,8529,top_up_failed,8357,development
7531290ccba963ca57b0,7532,failed_transfer,7388,development
75391d3de9668ea084f4,1415,exchange_via_app,1396,development
7539ddcac880a911bd77,5366,lost_or_stolen_phone,5268,development
753d8aac2922e51981d6,2510,wrong_amount_of_cash_received,2465,development
754119b398b78cbc22f6,3275,top_up_reverted,3215,development
754b84023a0c3d849820,1459,exchange_via_app,1439,development
7566a97f44477423201b,238,card_linking,236,development
756e47b692194724cd1d,1493,lost_or_stolen_card,1473,development
7576bf76e028b04136e1,2102,cancel_transfer,2065,development
7581840f716c75826934,1758,pin_blocked,1730,development
7583d0bff166d2a22ec3,9579,card_about_to_expire,9396,development
758a8f9a384d0bf70b71,2592,card_payment_fee_charged,2546,development
758c0d39ac416611cd07,4897,passcode_forgotten,4809,development
758eec4778290b0bba93,3513,card_payment_not_recognised,3451,development
758f5b2f97b31aeaf4f2,8070,order_physical_card,7912,development
7590f6d6d104f2862de6,2281,top_up_limits,2239,development
75940aa453d1f9c3876b,6445,transaction_charged_twice,6323,development
75941f80dd6c6f26b04c,9021,exchange_charge,8847,development
75987f277d840ff6358e,3946,unable_to_verify_identity,3880,development
75a2a71d46fa1aed4790,3339,balance_not_updated_after_cheque_or_cash_deposit,3279,development
75a70785c4a048b7f2ff,8581,top_up_failed,8408,development
75a7f948f74bc7121ec8,658,extra_charge_on_statement,650,development
75b040bf82099158b180,9039,exchange_charge,8865,development
75bdb2b34aa60f3a1597,6649,transfer_timing,6519,development
75c6cb311d25cf362870,6835,reverted_card_payment?,6699,development
75c73dfcaf15b64fbc93,835,pending_cash_withdrawal,824,development
75ca8f4dc73ac553b776,1794,contactless_not_working,1766,development
75cdc86da4e761625727,1308,card_not_working,1289,development
75d6c97471f61b3d8a31,7726,verify_top_up,7580,development
75de4ce94fb68ff61e9a,5019,declined_cash_withdrawal,4929,development
75e55a6f513c2f58e9f2,3895,unable_to_verify_identity,3829,development
75f056913d62623be10d,719,extra_charge_on_statement,710,development
75ff41527de1cf9838fe,158,card_linking,157,development
76008eb4d7aece8976bf,9295,activate_my_card,9115,development
7601f8188b302f3e4969,4995,declined_cash_withdrawal,4905,development
760c8936cc07b1d5d786,9589,card_about_to_expire,9406,development
76159b9d28c17a132977,4569,atm_support,4487,development
7615faf391871a230a20,4230,visa_or_mastercard,4153,development
76290941191ec3379241,5284,lost_or_stolen_phone,5186,development
762c2204f0cf85f0ab99,6148,terminate_account,6032,development
76314ca1ce2abf00a64a,4095,get_physical_card,4028,development
763bb754112b1b831982,2553,card_payment_fee_charged,2508,development
763e5163a69b60d55b31,659,extra_charge_on_statement,651,development
76404a37aede5184dd1f,7809,getting_spare_card,7653,development
76532798f95140317b33,5867,declined_card_payment,5762,development
765447fe7692d020fc11,7170,transfer_fee_charged,7029,development
76763aa1014cc79daffc,8624,balance_not_updated_after_bank_transfer,8451,development
7686474196e84bf844ed,4001,get_physical_card,3934,development
7698a7ba4b2c9c079a75,8847,cash_withdrawal_not_recognised,8673,development
76a9867e971f074a75ef,6396,transaction_charged_twice,6277,development
76b0fddde9cfd0dcac94,148,card_arrival,147,development
76cdde1305738a841086,6586,verify_source_of_funds,6456,development
76d37f8f29da360ea172,6413,transaction_charged_twice,6294,development
76e6aedbb06adafa17df,8448,get_disposable_virtual_card,8282,development
7706365cbcaf55b96fd8,7939,top_up_by_cash_or_cheque,7783,development
770e83b651f1defce295,4008,get_physical_card,3941,development
77269fb9e3cbab31a88d,2390,wrong_amount_of_cash_received,2345,development
772d1e2d8b9aa77fe07f,165,card_linking,164,development
772e1f722499f85f570d,314,exchange_rate,312,development
772e55abe1865a235e90,2621,card_payment_fee_charged,2575,development
773871f6356b7b20d4af,1341,card_not_working,1322,development
774662e0fca8ef143634,4401,disposable_card_limits,4323,development
7756da2baee5f39f37fa,6967,change_pin,6828,development
775a26fdbaae47c1588c,5965,declined_card_payment,5858,development
776cf2e8a66f435114fc,2089,cancel_transfer,2052,development
7786789b4ec4553460c5,2120,cancel_transfer,2083,development
77879e445736e239e916,1833,top_up_by_bank_transfer_charge,1805,development
778b902d68da0c56d0e2,451,card_payment_wrong_exchange_rate,446,development
7791397083c9d69fbf6b,10,card_arrival,10,development
779d6686b7c60e3fabc1,9828,verify_my_identity,9641,development
779ea199fd2364c74a5d,2230,cancel_transfer,2191,development
77a24f678b95a60085df,7259,transfer_fee_charged,7118,development
77b27f959864f39380f1,2132,cancel_transfer,2095,development
77bf9d8f87af7d3186ee,5758,Refund_not_showing_up,5655,development
77c11e9601b4e44973d4,8046,top_up_by_cash_or_cheque,7888,development
77c4a470afaa3a4c2a13,4317,topping_up_by_card,4240,development
77c9503f9bb06f97fb3e,3355,balance_not_updated_after_cheque_or_cash_deposit,3294,development
77d43b1384ef59de7450,6165,terminate_account,6049,development
77e5025016490dd50a09,5941,declined_card_payment,5834,development
77ef92a4a0d9db7fa9d0,1867,top_up_by_bank_transfer_charge,1839,development
77fc290eead901077e92,5389,request_refund,5291,development
77febaa33a49fae9678f,9550,card_about_to_expire,9368,development
78091020fff99aedba0a,4851,passcode_forgotten,4764,development
780a52d7d2f726466c34,6254,card_swallowed,6136,development
7822cad057fab3dc2b3c,3165,top_up_reverted,3109,development
782bdb5e00fb5bb532d7,5131,pending_card_payment,5038,development
7830ae68ff63b7f88f96,5171,pending_card_payment,5076,development
7831f273659d6c033c10,8897,cash_withdrawal_not_recognised,8723,development
78340ceabf645653a347,4627,atm_support,4543,development
78453f5348520974626c,2697,card_payment_fee_charged,2649,development
784a622fe9988cda7982,1356,card_not_working,1337,development
78551896c80e4a3757fe,5920,declined_card_payment,5814,development
78558de666f15d774f8f,6919,change_pin,6781,development
7857a783bdfb3d8d4e05,8052,order_physical_card,7894,development
7858cc0328f698bff461,6483,verify_source_of_funds,6360,development
785acf9dcf82099915c5,8791,cash_withdrawal_not_recognised,8617,development
785c79375f5df5166a91,8123,order_physical_card,7964,development
785ca0f0fc97fa7971d4,7506,failed_transfer,7362,development
785f3c37ad0192f416b9,2520,card_payment_fee_charged,2475,development
785f6f23b9558f79e458,7893,getting_spare_card,7737,development
78671824ab6dcb494561,4507,compromised_card,4425,development
787b502b23054950821b,7621,transfer_into_account,7476,development
7886321a3848ea9e64b2,2501,wrong_amount_of_cash_received,2456,development
78875aa964fafaffc1d4,8239,wrong_exchange_rate_for_cash_withdrawal,8077,development
788aaec2b2a7a893256c,1032,card_delivery_estimate,1020,development
788e3bc19e0b79afbda1,4772,direct_debit_payment_not_recognised,4686,development
7890bf4988bd269c7d3f,3950,unable_to_verify_identity,3884,development
78919db02eaac4cb4ac0,9075,top_up_by_card_charge,8900,development
789270fedfc48304af03,9111,top_up_by_card_charge,8936,development
78964fe66447eb0fbe03,4655,direct_debit_payment_not_recognised,4571,development
7898e9080ca1403e9891,1082,card_delivery_estimate,1067,development
78b291b54303c5640b1f,4908,passcode_forgotten,4820,development
78b97d690569ca81a103,1245,card_not_working,1227,development
78c9547e926462c44f75,9742,apple_pay_or_google_pay,9556,development
78d00dead64fda307273,4719,direct_debit_payment_not_recognised,4635,development
78d37c2c37e18f01225a,1581,age_limit,1557,development
78d3b29b908583cb4dbb,6963,change_pin,6825,development
78d3bf006fd48b3af122,4907,passcode_forgotten,4819,development
78d99c8e75c13ef67dbc,2383,wrong_amount_of_cash_received,2338,development
78dc48995c910e818423,8235,wrong_exchange_rate_for_cash_withdrawal,8073,development
78e591ecf2eaefbc3b10,250,card_linking,248,development
78edbaeb1440b8b10bba,2345,wrong_amount_of_cash_received,2300,development
78eff667eae9304f6fd5,7992,top_up_by_cash_or_cheque,7835,development
78f0067a276a89650075,3285,top_up_reverted,3225,development
78f2e5ca1dd51e191574,9179,activate_my_card,9003,development
78f6d9fe2430f26df7b7,1146,automatic_top_up,1131,development
78f840c13cf61a8ea2b2,9984,country_support,9793,development
7904642e5b9edc9f198e,1534,lost_or_stolen_card,1512,development
790a3a75d7fdb4cc21e7,3858,why_verify_identity,3792,development
790ee9d5a3a3bbe36191,1790,contactless_not_working,1762,development
790f3c0dbf390a4c8f25,3471,balance_not_updated_after_cheque_or_cash_deposit,3409,development
79193cda8cb3585d5538,2386,wrong_amount_of_cash_received,2341,development
791c79ca441783ba316c,6828,reverted_card_payment?,6692,development
79211fd4d763d80066b9,913,fiat_currency_support,901,development
7923f81ffad075537ae7,2661,card_payment_fee_charged,2613,development
79262fe1758484c860bd,4330,topping_up_by_card,4253,development
7927935da6add2073a16,6596,transfer_timing,6466,development
7943896644a0dfa08dc7,9739,apple_pay_or_google_pay,9553,development
79485cb47afe4d94838c,8528,top_up_failed,8356,development
7949afd8890a3f274811,9287,activate_my_card,9108,development
794d6ce0686c08bf7027,4963,declined_cash_withdrawal,4873,development
794f14f57e008fbaa1c7,62,card_arrival,62,development
79500b266221a477d334,5919,declined_card_payment,5813,development
7958e80e39f6bbee144a,8079,order_physical_card,7921,development
7959d907215ac14ef12c,1537,lost_or_stolen_card,1515,development
7966e4f512ea25c2d0a5,4938,declined_cash_withdrawal,4849,development
79683027a54cf73f6a68,8131,order_physical_card,7972,development
796ce13611bf750497a4,6988,change_pin,6849,development
797063f0bfe9cd36200a,1071,card_delivery_estimate,1056,development
7975656db9873e98b2e6,6346,transaction_charged_twice,6228,development
797e2dd0621545385d24,1801,contactless_not_working,1773,development
79853cf2ca78d9e11f73,9171,top_up_by_card_charge,8995,development
798a0a1c4888078c6c27,7455,failed_transfer,7311,development
7996130daba1d9bfb86a,2554,card_payment_fee_charged,2509,development
79a271e1a52b0b220314,9631,card_about_to_expire,9448,development
79b99aafaa74bf9cf898,1128,automatic_top_up,1113,development
79c05a52aeef00bdd510,5214,pending_card_payment,5118,development
79cc4904f6a4bb5d820b,7999,top_up_by_cash_or_cheque,7842,development
79cd133ed0caf1fa980c,9267,activate_my_card,9088,development
79d234c834c6a79fdd4a,3737,edit_personal_details,3658,development
79d5944f7d815848f7a8,2371,wrong_amount_of_cash_received,2326,development
79e101eaa054689f3332,3237,top_up_reverted,3178,development
79e448fd65089ee105f0,5241,pending_card_payment,5144,development
79ec42b71982ebbd9700,7280,transfer_fee_charged,7139,development
79f3f7c4e0a561e4e8a2,1891,top_up_by_bank_transfer_charge,1863,development
79f8b81b59a059f8b64d,9561,card_about_to_expire,9366,development
7a0030b53ddee7e84815,1365,exchange_via_app,1346,development
7a08c6e829de5507ca6c,743,pending_cash_withdrawal,733,development
7a0ba9d24ffc9b7c1606,2334,wrong_amount_of_cash_received,2289,development
7a0f706769c90dd8f0b5,8016,top_up_by_cash_or_cheque,7859,development
7a11a760f31d86ab3d54,563,card_payment_wrong_exchange_rate,557,development
7a18c0f5eea14ba9deb7,2183,cancel_transfer,2145,development
7a28a364a26454048991,2240,top_up_limits,2201,development
7a2ca29f6e3aaf65682d,7986,top_up_by_cash_or_cheque,7829,development
7a2dbf6725e5268c7020,1452,exchange_via_app,1432,development
7a3500fa68dc333043a1,9790,verify_my_identity,9603,development
7a441dced3690c5c950c,5713,Refund_not_showing_up,5610,development
7a46a31b80804a0ce6d1,197,card_linking,196,development
7a55912160b7a129e839,1522,lost_or_stolen_card,1501,development
7a5907ce6dd90c17eade,1373,exchange_via_app,1354,development
7a5a79f74ec5774cbeaa,6446,transaction_charged_twice,6324,development
7a75885d58a2298107ee,917,fiat_currency_support,905,development
7a75ffd9624efd888a5e,4390,disposable_card_limits,4312,development
7a7697f6e19823f20dec,6699,transfer_timing,6567,development
7a7ee17645139701bbac,5975,declined_card_payment,5868,development
7a801a84168b8e35269b,2813,transfer_not_received_by_recipient,2762,development
7a88cbf8a5d3c7d543fc,3479,balance_not_updated_after_cheque_or_cash_deposit,3417,development
7a9931fc2b0bcf62c601,5530,request_refund,5430,development
7aa1a04b1d10382d3ca3,828,pending_cash_withdrawal,817,development
7aaef2e3663b0e0ce9a9,5797,Refund_not_showing_up,5693,development
7aafdddd780e97df7d1c,604,extra_charge_on_statement,598,development
7ab27ab100790d2e13f9,9706,apple_pay_or_google_pay,9522,development
7ab6e2e9899359bc1b6a,1725,pin_blocked,1697,development
7ab8fa3dba82f3b785c4,4074,get_physical_card,4007,development
7abdfaccce33a7d527c3,8679,balance_not_updated_after_bank_transfer,8505,development
7abe27f1659179530c7e,9016,exchange_charge,8842,development
7acefab8031da3163349,6463,transaction_charged_twice,6340,development
7ad2d5824fee08b1f9b7,2891,supported_cards_and_currencies,2840,development
7ad6780d6ed19a71f76d,2174,cancel_transfer,2136,development
7ae21dc0fe0d6cda357b,4268,topping_up_by_card,4191,development
7ae2a17f0c0de838a10d,1141,automatic_top_up,1126,development
7aef9a90601be40a6bd2,4874,passcode_forgotten,4786,development
7af3d8f72c5ecff36971,6312,transaction_charged_twice,6194,development
7b069e6bf4faf109cd6d,9197,activate_my_card,9021,development
7b13d85a868642750703,4274,topping_up_by_card,4197,development
7b1a2cc84466b43a74ec,663,extra_charge_on_statement,655,development
7b28a83d8d06ef5d413c,8026,top_up_by_cash_or_cheque,7869,development
7b4093289bc7bb943b0f,6469,transaction_charged_twice,6346,development
7b415b10b521f793eb5c,4854,passcode_forgotten,4767,development
7b64030772dbba58a8bf,4195,visa_or_mastercard,4123,development
7b668b3db8d1483658d6,6992,change_pin,6853,development
7b722a8778d3381e9935,9878,country_support,9688,development
7b722de97b2149c6b53d,7344,receiving_money,7200,development
7b77fedf8e4b2f98bc0e,7826,getting_spare_card,7670,development
7b7fc1f56d1087222d6c,9555,card_about_to_expire,9373,development
7b83d42f9f649d4d895e,452,card_payment_wrong_exchange_rate,447,development
7b93d37ffe7762f9eeeb,4862,passcode_forgotten,4775,development
7b9a6df33cba3254ed8c,3048,getting_virtual_card,2996,development
7ba652b4ec788632c086,5824,Refund_not_showing_up,5719,development
7bbd3d107171fb734bec,9897,country_support,9707,development
7bc8fddcf2271bc5cbd1,6418,transaction_charged_twice,6298,development
7bcdd68dcb5306fd4ba3,9759,apple_pay_or_google_pay,9572,development
7bcfebb4d4647d742f3a,2965,supported_cards_and_currencies,2914,development
7bd68bdeb3ef4da0faa0,4731,direct_debit_payment_not_recognised,4646,development
7bdaf9bb0a666438b902,7709,verify_top_up,7564,development
7bdee4c378e7c63ee121,3883,why_verify_identity,3817,development
7be5bb67fc9643239e00,6348,transaction_charged_twice,6230,development
7bf3947cdcbeafc57d3b,7017,beneficiary_not_allowed,6878,development
7bf6a38897c1239d85ad,9879,country_support,9689,development
7bf76c4ecda2b585f280,2219,cancel_transfer,2180,development
7c03bfdeb97e290ddf78,7496,failed_transfer,7352,development
7c03e58d8c5a8ab119d5,9758,apple_pay_or_google_pay,9571,development
7c071e00bb726947f5a3,4380,disposable_card_limits,4302,development
7c07fb9f9b5c8b9fc243,538,card_payment_wrong_exchange_rate,532,development
7c08cd587eb86254c057,3943,unable_to_verify_identity,3877,development
7c1e51c40a1b6a69cc7d,866,pending_cash_withdrawal,854,development
7c2b88405e65800c5135,2268,top_up_limits,2228,development
7c38493dcf387a33a68c,6925,change_pin,6787,development
7c39be5acc45022beff9,6913,change_pin,6775,development
7c500a2d14071b2eb4df,2669,card_payment_fee_charged,2621,development
7c5351ba9a7ddd5633a9,5289,lost_or_stolen_phone,5191,development
7c5c8b1c5cfced875bf7,231,card_linking,229,development
7c6216e0746f0d7270bb,5612,declined_transfer,5511,development
7c6713c6405d5dafa05a,9851,verify_my_identity,9664,development
7c6b8c3c825c93121227,3291,top_up_reverted,3231,development
7c6c01e32500dad30844,6171,terminate_account,6055,development
7c781856906b7e0f792b,1375,exchange_via_app,1356,development
7c781ff70265c9703cc2,7478,failed_transfer,7334,development
7c805ddc1077fae6e41c,1950,pending_top_up,1921,development
7c86c63143588666ebfc,3346,balance_not_updated_after_cheque_or_cash_deposit,3286,development
7c8a0a383389721512ac,619,extra_charge_on_statement,612,development
7c8d9b39141deee752b1,5519,request_refund,5419,development
7ca316e085317ede0e0c,3097,card_acceptance,3043,development
7ca7556134e75d1e2f37,1491,lost_or_stolen_card,1471,development
7ca84cd0a9423b49f1bf,8832,cash_withdrawal_not_recognised,8658,development
7cb40d0f7afa44c545b6,2594,card_payment_fee_charged,2548,development
7cc1bc01a4073d2354e8,8896,cash_withdrawal_not_recognised,8722,development
7cc492640570d567a865,3364,balance_not_updated_after_cheque_or_cash_deposit,3303,development
7cc521b21d35fa2be6b6,7043,beneficiary_not_allowed,6903,development
7cc954dab179ebb26977,8151,order_physical_card,7990,development
7ccce9a4f499d798fba6,1885,top_up_by_bank_transfer_charge,1857,development
7cce5d75382f06c4c994,3881,why_verify_identity,3815,development
7cd77d71010f478c1fc8,1304,card_not_working,1285,development
7cdb74139e9023530e7e,7241,transfer_fee_charged,7100,development
7cef05acaf851b39fe15,4834,passcode_forgotten,4747,development
7cfb8788b2268abfa74b,9268,activate_my_card,9089,development
7cfca16c5d134747db61,7504,failed_transfer,7360,development
7cfd5150a41209858bee,6544,verify_source_of_funds,6416,development
7d0142a38d4622251009,3313,balance_not_updated_after_cheque_or_cash_deposit,3253,development
7d0b21f96b6fa925169e,1202,automatic_top_up,1186,development
7d0d4401d71cdb970afe,4998,declined_cash_withdrawal,4908,development
7d15a7e7580f93f180b7,3453,balance_not_updated_after_cheque_or_cash_deposit,3392,development
7d1aef88fe73b4057c2f,3524,card_payment_not_recognised,3462,development
7d2288e14dbc2af6c7f8,2466,wrong_amount_of_cash_received,2421,development
7d25b3e5a7449dd47b8a,3379,balance_not_updated_after_cheque_or_cash_deposit,3318,development
7d2ce4443c472aa3feb4,4780,direct_debit_payment_not_recognised,4694,development
7d2e694b3183260574fc,8124,order_physical_card,7965,development
7d318efc3afbf0cf2d34,2266,top_up_limits,2226,development
7d33f3b3e5169b7a0dc6,8423,get_disposable_virtual_card,8257,development
7d3768b79c6f43ee41bb,2021,pending_top_up,1988,development
7d432a19ef5d3656c0bb,1673,pin_blocked,1646,development
7d4889cd1467a71c4d97,7380,receiving_money,7236,development
7d4c798dcca9c04a1a54,1152,automatic_top_up,1137,development
7d5826d03fd3fcabe483,9762,apple_pay_or_google_pay,9575,development
7d7efd5c003346cf5ef0,8163,order_physical_card,8002,development
7d83f92c10e815714028,514,card_payment_wrong_exchange_rate,509,development
7d9b74de7ab20a59471b,9570,card_about_to_expire,9387,development
7d9bf9921d27a73b3278,1512,lost_or_stolen_card,1492,development
7daddaa21b82f2e779d7,5570,declined_transfer,5470,development
7db54dcda5290c2b79b6,2838,transfer_not_received_by_recipient,2787,development
7db83fd8be01c3e008d9,4745,direct_debit_payment_not_recognised,4660,development
7dd15e592086f21032ff,5561,declined_transfer,5461,development
7dd1be842b3f3f69dcfc,1672,pin_blocked,1645,development
7dd49056cddb17dc04ff,895,fiat_currency_support,883,development
7dd496393a2ffeb44191,8389,get_disposable_virtual_card,8224,development
7de2122b5490c2f754ab,6814,reverted_card_payment?,6679,development
7decd6db481a8b266c96,9391,cash_withdrawal_charge,9210,development
7dee6253438a74ecc6a9,6288,card_swallowed,6170,development
7deee40dd3761b8eab47,1549,lost_or_stolen_card,1525,development
7df290cd4b2526d02a7d,2812,transfer_not_received_by_recipient,2761,development
7df4e79f0e258ab0e4e1,5517,request_refund,5417,development
7dfdc2c9d2bef30f2cbc,5544,declined_transfer,5444,development
7e0bbc3d573eaf7dda8f,461,card_payment_wrong_exchange_rate,456,development
7e0e8f945aeee9242422,5631,declined_transfer,5530,development
7e1aa683768ae93e2618,3463,balance_not_updated_after_cheque_or_cash_deposit,3401,development
7e200074afe612802316,306,exchange_rate,304,development
7e2c745100499f8fbaac,5963,declined_card_payment,5856,development
7e32bddb88056d367681,6875,reverted_card_payment?,6738,development
7e347219ff855930114c,403,exchange_rate,398,development
7e3c5042eebd513251a4,1988,pending_top_up,1959,development
7e41bdca8c31512e5145,7918,getting_spare_card,7762,development
7e4bc866e66ed6f6d7c1,1437,exchange_via_app,1417,development
7e4c22678172c8747862,8531,top_up_failed,8359,development
7e4e0632cded9951499c,6108,pending_transfer,5994,development
7e4e5821645c26c7cb5c,9698,apple_pay_or_google_pay,9514,development
7e55e151175db4cb6b5a,3311,balance_not_updated_after_cheque_or_cash_deposit,3251,development
7e666a96878ee996cab2,2698,transfer_not_received_by_recipient,2650,development
7e67da80c62fe55f17a5,9378,cash_withdrawal_charge,9197,development
7e6b93eda84262193d21,3548,card_payment_not_recognised,3486,development
7e769616017b6f4572c2,2836,transfer_not_received_by_recipient,2785,development
7e7fb8456ad33ed576e9,9204,activate_my_card,9027,development
7e84ef7a4173b85a2773,8225,wrong_exchange_rate_for_cash_withdrawal,8063,development
7e86baa46922cd3e54ef,2282,top_up_limits,2240,development
7e8748211c2f93df42e4,2110,cancel_transfer,2073,development
7e875d255c313b7d5563,3873,why_verify_identity,3807,development
7e8f3dac92629f68f22f,7863,getting_spare_card,7707,development
7e925953b32192fa66f8,7908,getting_spare_card,7752,development
7e98fb6a73334e58020d,4124,visa_or_mastercard,4055,development
7ea8a7d6f41ab964a331,2258,top_up_limits,2214,development
7eaa9c92bed36f824004,1368,exchange_via_app,1349,development
7eb2d61bb6f80998302d,571,extra_charge_on_statement,565,development
7eb7cab0874293238f3f,9685,apple_pay_or_google_pay,9502,development
7ed27aab3db48b22fb85,6079,pending_transfer,5967,development
7edaede914b57c6a6f7a,1326,card_not_working,1307,development
7edeef72168bc854c6af,2159,cancel_transfer,2121,development
7ee07e29a87d68b4465b,2077,cancel_transfer,2041,development
7ef16654272673b9f98c,2135,cancel_transfer,2098,development
7eff74019e0ace75e7f0,4220,visa_or_mastercard,4144,development
7effcf30bca8e55755cd,1789,contactless_not_working,1761,development
7f13799d0f8e053d8694,5006,declined_cash_withdrawal,4916,development
7f138760504a533d456e,6175,terminate_account,6059,development
7f13ec3cdb03f298d4b9,8835,cash_withdrawal_not_recognised,8661,development
7f1da783c39231323418,9252,activate_my_card,9074,development
7f25aa3d51ff039d0974,8534,top_up_failed,3155,development
7f2b91a4ed35a75a2f36,8974,exchange_charge,8800,development
7f36f0183127a141b3e6,9539,card_about_to_expire,9357,development
7f3c4361ae88c9f3e2b6,9412,cash_withdrawal_charge,9230,development
7f51493f62e3febd3e26,1994,pending_top_up,1965,development
7f5219f1645a19166c46,3532,card_payment_not_recognised,3470,development
7f5224bd91e66c3d1196,4927,declined_cash_withdrawal,4838,development
7f743e1ea7638ad247de,1749,pin_blocked,1721,development
7f83f6f44922582329b8,3430,balance_not_updated_after_cheque_or_cash_deposit,3369,development
7f86c58367544ef0f4df,4967,declined_cash_withdrawal,4877,development
7f8b9006077271b3e60c,5470,request_refund,5370,development
7f950b1e2ea9f75b276e,5789,Refund_not_showing_up,5685,development
7f9574ca732c57e3f1c2,805,pending_cash_withdrawal,795,development
7f9d72a6f29c299e5c22,1688,pin_blocked,1661,development
7fa57ee8e77966793ed1,7207,transfer_fee_charged,7066,development
7fc0bd1bed9df4692453,9585,card_about_to_expire,9402,development
7fc370016d06b756f707,2186,cancel_transfer,2148,development
7fc379de2a0c69d6a7a0,5420,request_refund,5310,development
7fc756cbe36d5a6c7afa,9245,activate_my_card,9068,development
7fd37d62e079a284b954,1886,top_up_by_bank_transfer_charge,1858,development
7fd7fab9fe8488a32a30,3160,top_up_reverted,1973,development
7fdafea696f4922f868b,6318,transaction_charged_twice,6200,development
7fdef9a73f44710c7096,3271,top_up_reverted,3169,development
7fe5ea2a88679c741c44,8518,top_up_failed,8347,development
7fedee908e499516755c,8112,order_physical_card,7954,development
7ff08df59e1fe497fa8d,6864,reverted_card_payment?,6728,development
800892ce67d35d12a30f,3779,why_verify_identity,3713,development
800ffbb85cfac3406a25,2402,wrong_amount_of_cash_received,2357,development
80180f4dbd3b3888a2fa,1577,age_limit,1553,development
801d6f1353bd0ee73817,1984,pending_top_up,1955,development
80229349ffa64c31d99f,853,pending_cash_withdrawal,841,development
802736fa8c0c8ba193d4,4904,passcode_forgotten,4816,development
8032a1431f74aca935b8,3692,edit_personal_details,3629,development
8037bdb088820447e875,2273,top_up_limits,2233,development
804019af0673b645a526,5821,Refund_not_showing_up,5716,development
8051979c312c64c97dee,7510,failed_transfer,7366,development
805844e02dca14eaacc9,6139,terminate_account,6023,development
805f18b65d39063b3d5b,8527,top_up_failed,8355,development
80683b3b0e46c4b65564,4151,visa_or_mastercard,4082,development
8073c15a1ed383f6d9c8,1884,top_up_by_bank_transfer_charge,1856,development
80766eeafdaea252c657,8188,virtual_card_not_working,8026,development
807fb52f2b479d0bbb8e,4254,topping_up_by_card,4177,development
8084f13a946b9b900a88,8814,cash_withdrawal_not_recognised,8640,development
808724e375a1b871c162,3921,unable_to_verify_identity,3855,development
80883dec450abf050e1e,524,card_payment_wrong_exchange_rate,519,development
808e1e2190199ccf3ba4,281,card_linking,279,development
808ff4564635f59d9f70,4722,direct_debit_payment_not_recognised,4638,development
8095f3aad1dda934e1b1,3944,unable_to_verify_identity,3878,development
80969a1ab8efe112065b,133,card_arrival,132,development
80b3a5ec30ee23b85d9f,1557,age_limit,1533,development
80b5934e7aa04046bf58,6905,change_pin,6767,development
80c8d1cde4f58825819d,548,card_payment_wrong_exchange_rate,542,development
80d27fc2cc5d158c39f5,202,card_linking,200,development
80d2d9ce3cf0802a97df,3648,card_payment_not_recognised,3586,development
80d949f9af413093ec86,9978,country_support,9787,development
80e02f0107478dde6e2d,7512,failed_transfer,7368,development
80e0bb00a430b23d423f,1498,lost_or_stolen_card,1478,development
80efc0b1ea555e174bc2,3323,balance_not_updated_after_cheque_or_cash_deposit,3263,development
810d0a6aaa4b793e77bb,9975,country_support,9784,development
810e7d3a11885579a87d,8914,cash_withdrawal_not_recognised,8740,development
81148b1088e43322e83b,565,card_payment_wrong_exchange_rate,559,development
81214af43c53b0835604,9531,card_about_to_expire,9349,development
8126abc5c0b0eca07460,3849,why_verify_identity,3783,development
812a1371e8d4054919a7,3614,card_payment_not_recognised,3552,development
81320445e31eb6b84bf6,1196,automatic_top_up,1180,development
8132d04ed727c00e99d3,6655,transfer_timing,6525,development
813833102f1ec36e7a5b,2928,supported_cards_and_currencies,2877,development
813c59042e4a8bf1c44d,8118,order_physical_card,7960,development
8146c0f65941eb73f8fd,8971,exchange_charge,8797,development
81627cd71821fab35a9a,4341,disposable_card_limits,4264,development
8168dd9896c77cc89432,4902,passcode_forgotten,4814,development
816b6d640b6198d280d0,3694,edit_personal_details,3631,development
81759e91db74c05e1f0b,6761,reverted_card_payment?,6626,development
81769984d834bbd4dbfe,1150,automatic_top_up,1135,development
81821f7cae6bbdf9eab2,9118,top_up_by_card_charge,8943,development
8187cd4fdf52d556908e,7927,getting_spare_card,7771,development
818a940a2e594c431b8d,7823,getting_spare_card,7667,development
8191f8759ccc17c1c9a2,7058,beneficiary_not_allowed,6918,development
8199ca99e0c814eb63cc,8880,cash_withdrawal_not_recognised,8706,development
819d55b28a7d484ca276,7065,beneficiary_not_allowed,6925,development
81a45c0dff72145d770d,7968,top_up_by_cash_or_cheque,7812,development
81b4abc2a158a70c4f83,467,card_payment_wrong_exchange_rate,462,development
81b6b36fb14adbc34287,1900,top_up_by_bank_transfer_charge,1871,development
81b9540470ab41b04a94,8554,top_up_failed,8381,development
81ba143db6173f8048c2,7929,getting_spare_card,7773,development
81bb6d38c073d09d1b57,7808,getting_spare_card,7652,development
81bcd972c07b85b59290,9693,apple_pay_or_google_pay,9509,development
81c9b17d41f1ece87d57,1619,age_limit,1593,development
81cd642b08453a966b3f,2696,card_payment_fee_charged,2648,development
81d4ea899e31d197509e,15,card_arrival,15,development
81ee7ace6fa67cb04865,9223,activate_my_card,9046,development
81f124679127e9ebe56a,8422,get_disposable_virtual_card,8256,development
81f8fbbe8e3e64cb8baa,270,card_linking,268,development
81fd29ccbdd9956c01ce,2817,transfer_not_received_by_recipient,2766,development
8200d550b6f7ced1390a,7317,transfer_fee_charged,7174,development
8211aab5701bea6f8e32,4735,direct_debit_payment_not_recognised,4650,development
821a76f95f1c1240003d,365,exchange_rate,362,development
821f3c7e98c7f8460583,9036,exchange_charge,8862,development
82263d0af0fb9f9c8473,7670,transfer_into_account,7525,development
8228605a8ad12dc93bc6,6170,terminate_account,6054,development
822d0dc0304f1ed99f9f,2675,card_payment_fee_charged,2627,development
8233b506bc15dedc0d20,3612,card_payment_not_recognised,3550,development
823e7feb838ac17978bd,5883,declined_card_payment,5778,development
8244ad0083d0cc5c1b4b,2686,card_payment_fee_charged,2638,development
824ccadbfe9ebdab6dbf,4555,atm_support,4473,development
82546ad2465f1213e322,4648,direct_debit_payment_not_recognised,4564,development
8255d6719212b66e9ec6,1774,pin_blocked,1746,development
82758d3c86c6fb4b26fe,2595,card_payment_fee_charged,2549,development
827991474a72d2b9b325,9096,top_up_by_card_charge,8921,development
8281511d6f8275d141e5,6503,verify_source_of_funds,6380,development
82838e3b90a7265ec556,3060,getting_virtual_card,3008,development
8285f944f6a4bf574aa3,6264,card_swallowed,6146,development
829093e478cfecb04103,7178,transfer_fee_charged,7037,development
8293383e9f4849c91397,6615,transfer_timing,6485,development
82940f07787409e377af,3959,unable_to_verify_identity,3893,development
82959a055b88b5ae6956,9103,top_up_by_card_charge,8928,development
8297364e9a14e7ab9679,7586,transfer_into_account,7441,development
82b04db953b8b4ad8d9c,4466,compromised_card,4384,development
82b59ac2969b4ce64438,5158,pending_card_payment,5064,development
82b7c8d37b48b70aa92a,95,card_arrival,95,development
82bad722b1f53d2a54ce,996,fiat_currency_support,984,development
82bcfa54bad4f684b897,6421,transaction_charged_twice,6210,development
82d56f2b7e017284b557,4065,get_physical_card,3998,development
82d667856fce63524162,7751,verify_top_up,7602,development
82d8f747fcfb9d04ec85,272,card_linking,270,development
82da59dcebce90db12b9,9814,verify_my_identity,9627,development
82dbd3b9ee590122ecfe,7381,receiving_money,7237,development
82dc0f8676e5bc7b161b,7517,failed_transfer,7373,development
82e2c332507a03355cbc,861,pending_cash_withdrawal,849,development
82e4b0b2c6e9bfd8d9af,8787,cash_withdrawal_not_recognised,8613,development
82e6af604875e46007f0,9455,cash_withdrawal_charge,9273,development
82ed4190e38aba999bca,9193,activate_my_card,9017,development
82f008f9afc2b3164d1d,1509,lost_or_stolen_card,1489,development
82f0fda1d133fdb7659e,9584,card_about_to_expire,9401,development
82f2da89feb56e055dce,2121,cancel_transfer,2084,development
8303247b3a12c5be855a,5376,request_refund,5278,development
8303597b651b6c41d7d4,3804,why_verify_identity,3738,development
8304cb3f59de6653caa4,1060,card_delivery_estimate,1047,development
830725ce5fe66fa291c8,4506,compromised_card,4424,development
830a500593c00e1e87f9,2438,wrong_amount_of_cash_received,2393,development
8311922173ba666ebe58,2462,wrong_amount_of_cash_received,2417,development
83191914dfbb86006778,2716,transfer_not_received_by_recipient,2668,development
831c42e36d39ac0e731c,9404,cash_withdrawal_charge,9223,development
8322f6473119bcf8571b,9802,verify_my_identity,9615,development
8327a555d9cb68f9a4c3,2296,top_up_limits,2253,development
832a52623aaf75fe95b7,3069,getting_virtual_card,3017,development
833142268163f97b7152,3200,top_up_reverted,3142,development
833b183dcce5860c399f,673,extra_charge_on_statement,665,development
833fe10c0547bd11ebc5,8229,wrong_exchange_rate_for_cash_withdrawal,8067,development
8345252f1d3877a3d3d9,7314,transfer_fee_charged,7172,development
8349d1abdb01518d4d0b,9594,card_about_to_expire,9411,development
8354ae714e776a8c8341,6553,verify_source_of_funds,6425,development
8365ede8394fbc9fa4d4,6300,card_swallowed,6182,development
8370bd07f15b7b4f1214,5958,declined_card_payment,5851,development
83717eddb2a6bd148338,7094,beneficiary_not_allowed,6954,development
838f750b803fe8cdc53d,4150,visa_or_mastercard,4081,development
83a9486579f28ad31ca0,8563,top_up_failed,8390,development
83bfda2ac5080c92c273,9226,activate_my_card,9049,development
83c26d4263959797e918,7901,getting_spare_card,7745,development
83d405230a12ed5b6f72,7041,beneficiary_not_allowed,6901,development
83de8488d55cf02327c7,8836,cash_withdrawal_not_recognised,8662,development
83e699edf47ab91ac4f9,6908,change_pin,6770,development
83e863ce0a1788783355,5227,pending_card_payment,5131,development
83ed2dd67282dc16d0a5,1257,card_not_working,1239,development
83f1f5378b2b0001f86b,5510,request_refund,5410,development
83f727f4a669c05b99f1,9902,country_support,9712,development
83ff15037ccf4b9ec3b9,7877,getting_spare_card,7721,development
8427d0f431099832e91c,1924,top_up_by_bank_transfer_charge,1895,development
843bf352ae6e6f92bee4,6191,terminate_account,6075,development
843dbaa4f9c511b5894d,2014,pending_top_up,1983,development
8446023251b5ce1a6013,3175,top_up_reverted,3118,development
844f46efadfa73bca113,1776,pin_blocked,1748,development
8455785fceb4f49bcb5f,5277,lost_or_stolen_phone,5179,development
84596d3c21831cd30b38,5929,declined_card_payment,5823,development
84602156d30753ba156c,1346,card_not_working,1327,development
84691785686c0212303c,8241,wrong_exchange_rate_for_cash_withdrawal,8079,development
846fc7c16e13a1067eb9,1612,age_limit,1586,development
8472ca636d72da70b321,4071,get_physical_card,4004,development
847d0279eeb2ab539662,4721,direct_debit_payment_not_recognised,4637,development
848decccb5fa2039df88,7198,transfer_fee_charged,7057,development
8497ee1099f0716873bd,6478,transaction_charged_twice,6355,development
8499d589f77f5cea8928,8136,order_physical_card,7975,development
849aa264711da4d42623,9019,exchange_charge,8845,development
849c11cddbd4fb02bd37,7911,getting_spare_card,7755,development
84a43cb949306a25779f,7673,transfer_into_account,7528,development
84ab884d23da2d9444fb,6371,transaction_charged_twice,6252,development
84b7e2663dfef50428c6,35,card_arrival,35,development
84b945b912e0ed3536fa,3182,top_up_reverted,3125,development
84b9fa579674625012f9,2409,wrong_amount_of_cash_received,2364,development
84d4f18c5fd33cf38426,2389,wrong_amount_of_cash_received,2344,development
84df894ca61069373944,6335,transaction_charged_twice,6217,development
84f522eae2e0db46cb1a,2307,top_up_limits,2263,development
850507a580cdcfe72005,8616,balance_not_updated_after_bank_transfer,8443,development
8510522725b19e3cf4f2,3979,unable_to_verify_identity,3912,development
85145eb8c0ea40df7952,1759,pin_blocked,1731,development
851978a6a1b221cfa3c4,3876,why_verify_identity,3810,development
851a2d686ec94d02eaf0,2706,transfer_not_received_by_recipient,2658,development
851c7aa33c8d802fff88,5784,Refund_not_showing_up,5588,development
852b03b0ead7e282e698,9777,verify_my_identity,9590,development
85432dab1285ae5a1441,4933,declined_cash_withdrawal,4844,development
85502402ee7354f75526,9734,apple_pay_or_google_pay,9548,development
855f1fe7624bc86e792e,1472,exchange_via_app,1452,development
8560342d04c662e12d71,8325,wrong_exchange_rate_for_cash_withdrawal,8160,development
85616d7d91d765357cf1,8201,virtual_card_not_working,8039,development
85719d175f77d358947f,1525,lost_or_stolen_card,1504,development
85738cc678132ea756aa,9416,cash_withdrawal_charge,9234,development
85824f99edb942c081ce,6937,change_pin,6799,development
85837d5a5d06e7d181bf,4469,compromised_card,4387,development
858ced7e1b54fc09ec8d,4518,compromised_card,4436,development
858f13950f022aec1574,6915,change_pin,6777,development
8592d667a4cb9d041c15,2084,cancel_transfer,2047,development
859a09eb34186af9c108,9429,cash_withdrawal_charge,9247,development
85a1aa7e0ecfcd078f5f,5039,declined_cash_withdrawal,4948,development
85b5b131d939b0956f78,3527,card_payment_not_recognised,3465,development
85bc2b82e61d775417b0,7516,failed_transfer,7372,development
85c890a765d3f67104e4,2340,wrong_amount_of_cash_received,2295,development
85c898fb01506f201553,9023,exchange_charge,8849,development
85e1d78f327dfecc577b,1901,top_up_by_bank_transfer_charge,1872,development
85fea4df6379b175a6d6,9521,card_about_to_expire,9339,development
86065904df88ab5747f3,8790,cash_withdrawal_not_recognised,8616,development
8608ef96ffa2ac866ff0,4336,topping_up_by_card,4259,development
860a3c4e31a23754bb20,9843,verify_my_identity,9656,development
860bf73f594bf23952d0,1309,card_not_working,1290,development
86170e26cc901ac89c87,3320,balance_not_updated_after_cheque_or_cash_deposit,3260,development
861c1ecf5cf8a21cfeda,3333,balance_not_updated_after_cheque_or_cash_deposit,3273,development
861e3b46318ba97875fe,9270,activate_my_card,9091,development
86269ba8b605802b7c6b,2124,cancel_transfer,2087,development
862d6efe3a65bc762742,27,card_arrival,27,development
8635f1a27edafb536ef8,4840,passcode_forgotten,4753,development
86360c0cb65098268239,1495,lost_or_stolen_card,1475,development
8648361b928226d33ba6,8436,get_disposable_virtual_card,8270,development
864b6d28532f4f113a73,4237,topping_up_by_card,4160,development
865240bd079cbacf935b,1637,age_limit,1610,development
8654f042950eccd5d0cc,2624,card_payment_fee_charged,2578,development
8656fa7464d5a0937338,934,fiat_currency_support,922,development
865842019ba09e285ece,9399,cash_withdrawal_charge,9218,development
865e5c55fd26ef1c94e0,7340,receiving_money,7196,development
8660f54afaf79c478504,4033,get_physical_card,3966,development
866b8d7cd7a1e625e198,9364,cash_withdrawal_charge,9183,development
866f1e0fb4ec8182a113,8245,wrong_exchange_rate_for_cash_withdrawal,8083,development
8672fc5a4cf1da997e1b,2704,transfer_not_received_by_recipient,2656,development
86753f9cd2a2907a1edd,6417,transaction_charged_twice,6297,development
867d6679dba3c03a1cb2,119,card_arrival,118,development
867e0a846d6aac5a3fde,4481,compromised_card,4399,development
86840068ffc310ee4ec7,2752,transfer_not_received_by_recipient,2703,development
8687b5921deff0f707a4,3321,balance_not_updated_after_cheque_or_cash_deposit,3261,development
868d622cdeba333450d3,2171,cancel_transfer,2133,development
868e1b867469c54b951a,6505,verify_source_of_funds,6382,development
8697c88f8bc37ba39cdf,9506,cash_withdrawal_charge,9324,development
86a67c254dd2dc51eced,9900,country_support,9710,development
86a7ac36d38f3dc5f95a,6044,pending_transfer,5936,development
86adae8efec8f94f28bc,4563,atm_support,4481,development
86b2467e022c2b65e90c,2593,card_payment_fee_charged,2547,development
86b9988108a0025d0e3c,5882,declined_card_payment,5777,development
86b9c46a2351b3274fde,9896,country_support,9706,development
86bda393c23228808d9f,3623,card_payment_not_recognised,3561,development
86bdc95d57a957adf5f6,9242,activate_my_card,9065,development
86ca506562daf28264a8,9494,cash_withdrawal_charge,9312,development
86d53345e509d32c45a6,3438,balance_not_updated_after_cheque_or_cash_deposit,3377,development
86ee0060b96f46890cf3,6167,terminate_account,6051,development
8700966c947bb15cf273,4900,passcode_forgotten,4812,development
8702f4b65309af2e1537,5365,lost_or_stolen_phone,5267,development
870aee7ce85d64dff8c8,4414,disposable_card_limits,4336,development
87101e08a0c76fbcca61,5707,Refund_not_showing_up,5604,development
87123083a83837893645,8874,cash_withdrawal_not_recognised,8700,development
87134d72e6ccacb6fd72,3567,card_payment_not_recognised,3505,development
871d19e6097382cdb79d,8470,top_up_failed,1954,development
87256226fdcb80638646,901,fiat_currency_support,889,development
874230f9abc87a809b75,8862,cash_withdrawal_not_recognised,8688,development
874290ab6ffd65a2bead,5379,request_refund,5281,development
8747ffdf36f1d6f325dd,232,card_linking,230,development
8748303266671798cdd6,4498,compromised_card,4416,development
874bcf3d8e214198b13a,5894,declined_card_payment,5789,development
874fc490cbd18aba60e4,3466,balance_not_updated_after_cheque_or_cash_deposit,3404,development
875b05a7422135f9a563,4267,topping_up_by_card,4190,development
875b28cdc33a7901d2f8,9168,top_up_by_card_charge,8992,development
8767185ffdb0f33dd5fd,9031,exchange_charge,8857,development
876b4fdde7e7fb86f99e,9845,verify_my_identity,9658,development
877c43b5d8960693bf54,5076,declined_cash_withdrawal,4984,development
87802f4f592b9a402b63,2528,card_payment_fee_charged,2483,development
87898d64b9f9c870c250,2356,wrong_amount_of_cash_received,2311,development
87971d2737183d771182,3902,unable_to_verify_identity,3836,development
879796f478e5cddc3115,2254,top_up_limits,2215,development
87983af2d90605d59348,7003,change_pin,6864,development
879a4f3bba10c1f62010,3626,card_payment_not_recognised,3564,development
87a5b0ea463d63e10dfd,4097,get_physical_card,4020,development
87aef81f1bc82d8d1086,5100,pending_card_payment,5007,development
87b29cd1acc38f274667,4252,topping_up_by_card,4175,development
87b373e879716f68c9b7,3971,unable_to_verify_identity,3905,development
87b5b8f125af1bd9a695,5804,Refund_not_showing_up,5700,development
87ba45737ac834c4951f,8011,top_up_by_cash_or_cheque,7854,development
87c7d422493996e3263c,7432,failed_transfer,7288,development
87cbf24415c8864754e1,8099,order_physical_card,7941,development
87cee7604fc675b781cf,4826,passcode_forgotten,4739,development
87cf97d2dd1add70619e,8690,balance_not_updated_after_bank_transfer,8516,development
87d08580f757061d550a,2391,wrong_amount_of_cash_received,2346,development
87d3255d5427bee8f862,9666,apple_pay_or_google_pay,9483,development
87d875c0ed15d122f8db,6859,reverted_card_payment?,6723,development
87eecbd21328d3829974,51,card_arrival,51,development
87fb4ab997d5c9c0e32d,6936,change_pin,6798,development
880459638ef09bd19fa1,7100,beneficiary_not_allowed,6960,development
880e4f08db4811d9b9b7,591,extra_charge_on_statement,585,development
8812f54fb68814ec2964,9651,apple_pay_or_google_pay,9468,development
88136112a2769369df3f,8739,balance_not_updated_after_bank_transfer,8565,development
882a403d62a2dd7ecc11,8967,exchange_charge,8793,development
882d56320b1cbac56a4c,387,exchange_rate,382,development
88389286eba70cb0dfa4,2086,cancel_transfer,2049,development
88399503dc827b22f412,5946,declined_card_payment,5839,development
883de73d4001ce4fd9e4,7737,verify_top_up,7591,development
8849b001bcccf5eae26d,3717,edit_personal_details,3654,development
8856a21a6e5c31579068,6980,change_pin,6841,development
885aa3581caf6bc024fb,2746,transfer_not_received_by_recipient,2697,development
8865b20ab71692d4e357,9773,verify_my_identity,9586,development
8865bd0fa72e0fa2dc17,2201,cancel_transfer,2162,development
886661756c1e89cb5258,747,pending_cash_withdrawal,737,development
8886c13b0c096f4784a5,9394,cash_withdrawal_charge,9213,development
88a46322f86c04bcbe78,7772,verify_top_up,7620,development
88ad58a2fb72c25839ca,9796,verify_my_identity,9609,development
88b0886c9e46ee8e8b1d,9099,top_up_by_card_charge,8924,development
88b7636e7a106678677a,7593,transfer_into_account,7448,development
88b813c2f151afd0825a,847,pending_cash_withdrawal,835,development
88b9387a06248501ada3,3008,getting_virtual_card,2956,development
88bf46ac300857eb1444,1322,card_not_working,1303,development
88c28d20d0068772b153,8378,get_disposable_virtual_card,8213,development
88dca62c4fd1c044f605,2419,wrong_amount_of_cash_received,2374,development
88e7d3b38b849bd0a84d,4715,direct_debit_payment_not_recognised,4631,development
88e9af934ce953f46ff0,2032,pending_top_up,1998,development
88f5fe2c1161e030d517,1911,top_up_by_bank_transfer_charge,1882,development
890279b9fd0c262cb002,839,pending_cash_withdrawal,759,development
8902a2788d4157579cc4,8460,get_disposable_virtual_card,8293,development
890c804586c98f6ccc3b,8242,wrong_exchange_rate_for_cash_withdrawal,8080,development
890d820d9855404b106f,3059,getting_virtual_card,3007,development
89146359bba4465781cd,7633,transfer_into_account,7488,development
8915977f57e2a04e312a,3274,top_up_reverted,3214,development
89216756b8633c3e1e31,5762,Refund_not_showing_up,5659,development
8937fa273850db04fc98,396,exchange_rate,391,development
89384782c139d4402d56,0,card_arrival,0,development
893b0e99af65d372ce91,5710,Refund_not_showing_up,5607,development
893f909578c3bf535d75,9348,cash_withdrawal_charge,9167,development
89400817745ae7c21612,4224,visa_or_mastercard,4148,development
8952ca0ca11aeb646474,8562,top_up_failed,8389,development
8954577dd18f917aa5dc,8303,wrong_exchange_rate_for_cash_withdrawal,8140,development
896483491db704af2f8b,4838,passcode_forgotten,4751,development
896f134bc91f3739e874,6845,reverted_card_payment?,6709,development
8973b2c940d307ab7782,1729,pin_blocked,1701,development
89785d91ca2d971d22ab,9217,activate_my_card,9040,development
897fcdc6f0a913cae610,3578,card_payment_not_recognised,3516,development
89839ed761ce3b3f4575,6620,transfer_timing,6490,development
8987c31206559520225e,3666,edit_personal_details,3604,development
8992a136e9943f9261be,7227,transfer_fee_charged,7086,development
89b61c8f33809dc374f0,3526,card_payment_not_recognised,3464,development
89c54943f25abc53830c,7982,top_up_by_cash_or_cheque,7825,development
89cc39b38bc4229065b5,2090,cancel_transfer,2053,development
89d51658ea008d0568bb,812,pending_cash_withdrawal,802,development
89e4913528efda9dc3fa,9027,exchange_charge,8853,development
89eb8412597eae1df996,6055,pending_transfer,5945,development
8a057213d4ba62c3c68b,2776,transfer_not_received_by_recipient,2726,development
8a084fcd86ed1fafbf8d,8932,cash_withdrawal_not_recognised,8758,development
8a09f61fe3d34686e8e4,1527,lost_or_stolen_card,1506,development
8a0a62a0bcf7d01ce062,8161,order_physical_card,8000,development
8a140158d71e6e6cf500,5471,request_refund,5371,development
8a3955ef95c741ffd493,7486,failed_transfer,7342,development
8a39f28342c975b18dbe,6381,transaction_charged_twice,6262,development
8a40ac1cbc2c5b99972b,3012,getting_virtual_card,2960,development
8a49ba913ee271392e37,4056,get_physical_card,3989,development
8a5182cbe4c71b10354b,2023,pending_top_up,1989,development
8a542266a644cb74b21e,5479,request_refund,5379,development
8a575621c4628b6ddeb9,7925,getting_spare_card,7769,development
8a5dc0dc68a4b4bb5084,1709,pin_blocked,1682,development
8a71cba5ff8bd114fbcb,3993,unable_to_verify_identity,3926,development
8a8698f48e71a88eb2aa,3306,balance_not_updated_after_cheque_or_cash_deposit,3246,development
8a8f7adfbec048dfb98f,4111,visa_or_mastercard,4042,development
8a91e55c798444bb533c,2507,wrong_amount_of_cash_received,2462,development
8aa96b7843130fe94fc6,2181,cancel_transfer,2143,development
8aaeb620f1086f479e3c,6694,transfer_timing,6562,development
8ab6105c8c12db4b56db,1067,card_delivery_estimate,1053,development
8aba5f42ed41ee3fbb1d,6848,reverted_card_payment?,6712,development
8abb3fce3d325626ec01,9229,activate_my_card,9052,development
8abcd382374f5880f25d,9260,activate_my_card,9082,development
8ac387b944f344f562c9,466,card_payment_wrong_exchange_rate,461,development
8acbac318951f1ef9332,3621,card_payment_not_recognised,3559,development
8ad42e600b1eab87a3b2,5815,Refund_not_showing_up,5710,development
8ae2cd6bc2db47c7b7a3,96,card_arrival,96,development
8af078be80c4896b91c1,4669,direct_debit_payment_not_recognised,4585,development
8afa25030e6e763c0dab,6574,verify_source_of_funds,6445,development
8afae8774dcb61880206,2202,cancel_transfer,2163,development
8b05517e49bdf6b5f629,9966,country_support,9776,development
8b0edbaa8ce873515149,215,card_linking,213,development
8b194e0ff79137e11e3d,1650,age_limit,1623,development
8b1cb07713b42027645f,6265,card_swallowed,6147,development
8b1db41254c5005afaaa,510,card_payment_wrong_exchange_rate,505,development
8b23ff4ef6338b13d0f4,3839,why_verify_identity,3773,development
8b281f27df56ab1f321b,762,pending_cash_withdrawal,752,development
8b29a77f5f1ec8ba1599,3761,edit_personal_details,3695,development
8b2a2d53aec6cbdacaf4,7400,receiving_money,7256,development
8b364b7dc0019fd0ee98,4567,atm_support,4485,development
8b3b4a60335dbeb00dd1,1720,pin_blocked,1693,development
8b46b788ecd3c92b8ffb,3931,unable_to_verify_identity,3865,development
8b4ba76c04a70787b3f2,8658,balance_not_updated_after_bank_transfer,8485,development
8b4df0a86f948f6d648a,8313,wrong_exchange_rate_for_cash_withdrawal,8149,development
8b520d1f817f7b35541e,7503,failed_transfer,7359,development
8b698556d95ed27f29d8,8634,balance_not_updated_after_bank_transfer,8461,development
8b73811bdfa680969cd5,788,pending_cash_withdrawal,778,development
8b7393167b9dd5d4cedb,520,card_payment_wrong_exchange_rate,515,development
8b7648d017cc0b33de60,109,card_arrival,109,development
8b79650d5590bba1554a,2311,top_up_limits,2266,development
8b83cf2e001ce0f92585,6015,pending_transfer,5907,development
8b876ab6259c295b4de6,1685,pin_blocked,1658,development
8b8887271ef690f02270,1822,top_up_by_bank_transfer_charge,1794,development
8b8d2ca2a3e952df1d51,6683,transfer_timing,6552,development
8b9160163ebae27820d5,7308,transfer_fee_charged,7166,development
8b94a0878baee844aa78,2865,transfer_not_received_by_recipient,2814,development
8b99962d249f4c659e9f,2476,wrong_amount_of_cash_received,2431,development
8ba1a890b56f39ce19d9,697,extra_charge_on_statement,688,development
8bac044ddeb55b75608d,4687,direct_debit_payment_not_recognised,4603,development
8bc224ce757f09d4107c,297,exchange_rate,295,development
8bc66d2ca1e246a27cca,261,card_linking,259,development
8bc9fdeeefacac7bf2dc,7077,beneficiary_not_allowed,6937,development
8bcbdbde09aac8d011d2,8652,balance_not_updated_after_bank_transfer,8479,development
8bcefa5a2b5c9a8cd0ff,6183,terminate_account,6067,development
8bd17a6eca1452fc19d5,5723,Refund_not_showing_up,5620,development
8bd5064292d63e4c4a42,9374,cash_withdrawal_charge,9193,development
8bd80e3ccdef88a46b69,5706,Refund_not_showing_up,5603,development
8bd8bfa6db656fe956df,1661,age_limit,1634,development
8bdcebbeef77b78661bb,2415,wrong_amount_of_cash_received,2370,development
8bdf83f4e583b4170866,3347,balance_not_updated_after_cheque_or_cash_deposit,3287,development
8be42afd8dc14068c31e,3536,card_payment_not_recognised,3474,development
8beaca6d812b816ad50d,8018,top_up_by_cash_or_cheque,7861,development
8c08e424f5e7ebf9c2d7,6642,transfer_timing,6512,development
8c226eab0ce311872098,9507,cash_withdrawal_charge,9325,development
8c26672050864c5b4c07,321,exchange_rate,319,development
8c269f7090beaa997ac2,7559,failed_transfer,7415,development
8c368d16b15bf2e7b51d,1261,card_not_working,1243,development
8c382459215abab2996b,8005,top_up_by_cash_or_cheque,7848,development
8c44c56e4cea2aff2c3d,570,card_payment_wrong_exchange_rate,564,development
8c46db77e5a519ea69f7,3537,card_payment_not_recognised,3475,development
8c532edad20344adf019,4234,visa_or_mastercard,4157,development
8c536a61e934b1afef75,7741,verify_top_up,7595,development
8c558e2507239a40699e,9951,country_support,9761,development
8c5d4b605b81306ed6d9,9321,activate_my_card,9140,development
8c6075360a5bdc8e2b85,5597,declined_transfer,5497,development
8c642eccb4fd1c37a7df,9220,activate_my_card,9043,development
8c65d4e6acf050528377,6491,verify_source_of_funds,6368,development
8c74fea2d2148b482132,9848,verify_my_identity,9661,development
8c77f8fe4e75c21556c8,2064,pending_top_up,2029,development
8c80c933f12af08675e1,7600,transfer_into_account,7455,development
8c873e47a31e2868aab9,2951,supported_cards_and_currencies,2900,development
8c8bca491d4fc0a777d3,9538,card_about_to_expire,9356,development
8c8d04c919c95af4b946,2078,cancel_transfer,2042,development
8c8dbe94e8df97731be4,447,card_payment_wrong_exchange_rate,442,development
8c9dd6e43ed039408fc0,9071,top_up_by_card_charge,8896,development
8ca0559a092706f4d199,4098,get_physical_card,4030,development
8ca38e863e1feb70f771,9826,verify_my_identity,9639,development
8cb4e68af9de4f4b72d5,4142,visa_or_mastercard,4073,development
8cb68789c8675dee4605,3922,unable_to_verify_identity,3856,development
8cc0660882b81a1657d8,939,fiat_currency_support,927,development
8cccad8afabbd7b197dd,4556,atm_support,4474,development
8cda4dfde7b91af9d76e,9148,top_up_by_card_charge,8972,development
8ce0bcbfc5da1e732ea4,4044,get_physical_card,3977,development
8ce935368d605ce826ba,2566,card_payment_fee_charged,2520,development
8ceabc1c63c9959bb7de,7215,transfer_fee_charged,7074,development
8cee23409187cef70599,2400,wrong_amount_of_cash_received,2355,development
8cefb034592e973c0473,1829,top_up_by_bank_transfer_charge,1801,development
8cf8b0af28ee736c77bf,4533,compromised_card,4451,development
8d0283ca6a6c234de4d6,1723,pin_blocked,1696,development
8d035a9d32ffab244798,8574,top_up_failed,8401,development
8d06ecf4ed18ba21d1f3,8294,wrong_exchange_rate_for_cash_withdrawal,8131,development
8d085a0128e8dc6d564b,4915,passcode_forgotten,4815,development
8d0e627d7a33173e13a6,7119,beneficiary_not_allowed,6978,development
8d120a02ed9170bf10f2,336,exchange_rate,334,development
8d20b6b6063d828586ef,6333,transaction_charged_twice,6215,development
8d269b218df25fd6af69,7306,transfer_fee_charged,7164,development
8d2bfffc830c0cb5ebfe,4560,atm_support,4478,development
8d30c181130e20e394be,4592,atm_support,4509,development
8d353c43a469738c14fe,2034,pending_top_up,2000,development
8d3aaa63a70bff7ff113,8082,order_physical_card,7924,development
8d3f0d4e9fe9026e0678,8153,order_physical_card,7992,development
8d3f9c1a03e89a41a297,5488,request_refund,5388,development
8d4b3593078907438dd6,3801,why_verify_identity,3735,development
8d4ea99e442400e5df03,101,card_arrival,101,development
8d5dae02d2d1af80c43d,1589,age_limit,1564,development
8d71a32588a2216a6cf2,8184,virtual_card_not_working,8022,development
8d7a2d20a46947b2e520,9675,apple_pay_or_google_pay,9492,development
8d86d07451eb48ce4f61,6537,verify_source_of_funds,6384,development
8d89045d1a1e0e0fec33,999,fiat_currency_support,987,development
8d8a0a6b37e97d6e8d8d,645,extra_charge_on_statement,637,development
8d9b9948dad2eccc2417,1587,age_limit,1562,development
8da0af8f66d17c891dee,5733,Refund_not_showing_up,5630,development
8da0b057dd0ae8cf3585,9983,country_support,9792,development
8da4b979f09e0988a1f8,6267,card_swallowed,6149,development
8da6b3ae79ceaab9cc45,1405,exchange_via_app,1386,development
8dc4be48163e4f0c95ca,4725,direct_debit_payment_not_recognised,4605,development
8dcaa9411cb6ed6bc01e,295,exchange_rate,293,development
8dd912229b68a1acf3af,8250,wrong_exchange_rate_for_cash_withdrawal,8088,development
8de2d205cd547ae1b99f,4686,direct_debit_payment_not_recognised,4602,development
8de4e85a74afc2fb4ff6,3890,why_verify_identity,3824,development
8de5e3323047bec5a584,4231,visa_or_mastercard,4154,development
8dfba5b48c216cbf566b,9175,top_up_by_card_charge,8999,development
8e1cf7742d490f1ef98a,4006,get_physical_card,3939,development
8e1d93ee0dd531250ebc,6645,transfer_timing,6515,development
8e20af39fbf16443e419,3262,top_up_reverted,3203,development
8e2301c12262c849e42d,4832,passcode_forgotten,4745,development
8e34e554bcae71676d59,6486,verify_source_of_funds,6363,development
8e3b0fe157c0b3512a12,5608,declined_transfer,5507,development
8e5bdf174dc0434036d5,8930,cash_withdrawal_not_recognised,8756,development
8e60684fc90a22a1dc42,649,extra_charge_on_statement,641,development
8e6e4c46c2f11d88b20b,5402,request_refund,5304,development
8e7996eaf614ad61de02,7767,verify_top_up,7615,development
8e7bfdb5d6fd54fe036e,6802,reverted_card_payment?,6667,development
8e883b9b39e74c1656e9,6257,card_swallowed,6139,development
8e9dd50f93c6b4242062,2210,cancel_transfer,2171,development
8ea092e55a498470d8ad,8497,top_up_failed,8327,development
8eab572f5888c052c425,5718,Refund_not_showing_up,5615,development
8eb5b1b4853e590dc74f,518,card_payment_wrong_exchange_rate,513,development
8eb74fa8fe2d33fbf669,9294,activate_my_card,9114,development
8ed34a216b77cc1d3fba,4159,visa_or_mastercard,4090,development
8ed8d76b2e4a5d8ccea4,6243,terminate_account,6125,development
8eec90eb6281ff76168b,1677,pin_blocked,1650,development
8ef5e258843efe269f3f,1804,contactless_not_working,1776,development
8f1021de4a62260cd9a5,3414,balance_not_updated_after_cheque_or_cash_deposit,3353,development
8f161f5f4b21e4eaeeff,7766,verify_top_up,7614,development
8f1f07078c20f905b2d2,6535,verify_source_of_funds,6409,development
8f239921f94ded35c90b,7697,verify_top_up,7552,development
8f2a5393de61f21bfe23,754,pending_cash_withdrawal,744,development
8f322876045f97e48ae1,623,extra_charge_on_statement,616,development
8f3429b076aedbdecc51,6211,terminate_account,6071,development
8f3a4174ec4950bc83c3,6867,reverted_card_payment?,6730,development
8f3ff54b222db98f863e,2157,cancel_transfer,2119,development
8f494f967e6683d9fab7,4379,disposable_card_limits,4301,development
8f4d54f4bd24f1b4216e,9329,activate_my_card,9148,development
8f4f9a82844157688a25,6345,transaction_charged_twice,6227,development
8f5fef4241516939b275,3805,why_verify_identity,3739,development
8f6cd6a93d1cae1d1e2e,3586,card_payment_not_recognised,3524,development
8f775a93d2657a779bd4,7483,failed_transfer,7339,development
8f7cd5234b60aa013bfc,6344,transaction_charged_twice,6226,development
8f8822c2b2d2ef1bcac3,5753,Refund_not_showing_up,5650,development
8f8bd66d270dcddc5343,8319,wrong_exchange_rate_for_cash_withdrawal,8155,development
8f8eac64c9d5f67db20e,1389,exchange_via_app,1370,development
8f90379d7fe3d8f2abea,4695,direct_debit_payment_not_recognised,4611,development
8f91169967f2baee6fb1,4295,topping_up_by_card,4218,development
8f92f0e4486c762dc844,6800,reverted_card_payment?,6665,development
8f9ebb832291ff9183e4,8598,top_up_failed,8425,development
8fa51eb84aed8c4879f7,9377,cash_withdrawal_charge,9196,development
8fa521466caa1a87de64,9793,verify_my_identity,9606,development
8fb12b4c636b49ea7df1,2537,card_payment_fee_charged,2492,development
8fc57803b5fb708bb02d,928,fiat_currency_support,916,development
8fc64339716feaaaf408,8491,top_up_failed,8321,development
8fd21954cf9f50f0dd44,966,fiat_currency_support,954,development
8fd43cb5d377cd7934b8,534,card_payment_wrong_exchange_rate,528,development
8fdc629081b2c5aeb938,8792,cash_withdrawal_not_recognised,8618,development
8fe2bdafbe100b1947a4,2040,pending_top_up,2005,development
8fe36209aaaf0d85e021,6678,transfer_timing,6547,development
8fe4dc042a0bc69cc11c,496,card_payment_wrong_exchange_rate,491,development
8fef016b3b57ea6496bb,8542,top_up_failed,8369,development
90035aa9e9f4a6389cae,1088,card_delivery_estimate,1073,development
900755eae8a1acec9317,9248,activate_my_card,9070,development
9009cd6bcef38be60d08,602,extra_charge_on_statement,596,development
90247e93f5987c8ced2b,2701,transfer_not_received_by_recipient,2653,development
9031543814fa6d115af3,7738,verify_top_up,7592,development
90322d12399d4b1004d3,9253,activate_my_card,9075,development
90341f8d5757763127e5,3244,top_up_reverted,3185,development
903f00ab83c0901a1b32,8513,top_up_failed,8342,development
904646ec0ce0d0ddaf9a,1113,card_delivery_estimate,1098,development
9052082f6e29a5c09349,8072,order_physical_card,7914,development
90600afa8d51853b492d,6941,change_pin,6803,development
90642e500c682157c8ea,950,fiat_currency_support,938,development
9071d410b7a1163af313,8050,order_physical_card,7892,development
90783f018a361bd312fa,1139,automatic_top_up,1124,development
907d216af79c0a8488a4,8121,order_physical_card,7962,development
90803674c981288e2ce7,7206,transfer_fee_charged,7065,development
9083384f695038a54560,1662,age_limit,1635,development
9084d356c2892c5665fd,862,pending_cash_withdrawal,850,development
908574edf0fcc8b6ea5c,2694,card_payment_fee_charged,2646,development
90877b98df336f4a9329,6176,terminate_account,6060,development
908e8f0b89e17b950074,8316,wrong_exchange_rate_for_cash_withdrawal,8152,development
908fb82adebbacdd71ef,3173,top_up_reverted,3116,development
90942719f064b8634427,9347,cash_withdrawal_charge,9166,development
9095e5f4816f4e4ae212,3750,edit_personal_details,3685,development
909622c2e73b683fd109,8003,top_up_by_cash_or_cheque,7846,development
90975f6a1893be20bda5,5419,request_refund,5321,development
909d95e81731c577912b,7322,transfer_fee_charged,7178,development
909dda8181c7eb371234,9836,verify_my_identity,9649,development
90a0cdac00ded62c213d,1714,pin_blocked,1687,development
90a7b5730651e1587d83,3645,card_payment_not_recognised,3583,development
90b57a3f78a9948d7936,4999,declined_cash_withdrawal,4909,development
90c031b77de3af9f5ef0,2187,cancel_transfer,2041,development
90c155400e061143421b,1993,pending_top_up,1964,development
90c24700bf987ad9a02d,7907,getting_spare_card,7751,development
90c7c0d91797c7d89123,4474,compromised_card,4392,development
90cbbc4b3d5a98a24e3b,2982,supported_cards_and_currencies,2930,development
90d26fc1e7d013c9be3f,6926,change_pin,6788,development
90da6fcfdeffece83096,8944,exchange_charge,8770,development
90df16a28f26b236f3de,599,extra_charge_on_statement,593,development
90e0ad3e757eb190635b,2679,card_payment_fee_charged,2631,development
90e1ec6a67717bcf0da9,2993,supported_cards_and_currencies,2941,development
90f6384fc817941e4a74,4861,passcode_forgotten,4774,development
90f6b011f31f8bedee58,4407,disposable_card_limits,4329,development
910610bfc37f589fec5e,9559,card_about_to_expire,9377,development
9115a9e4deaed1c2410d,5248,pending_card_payment,5151,development
91163be328018097b0b4,8113,order_physical_card,7955,development
9117910fa697630c926c,2107,cancel_transfer,2070,development
91229ff17b8ad3faf53b,127,card_arrival,126,development
91235c672df3af5963c9,9755,apple_pay_or_google_pay,9568,development
9127432e437e65bcac1f,7905,getting_spare_card,7749,development
9133a46c0f56b6cd5619,9050,exchange_charge,8875,development
913a870d4fd5483bd4ca,7399,receiving_money,7255,development
913b8eaed25ef3e52150,93,card_arrival,93,development
914461ddb397046b99b7,9263,activate_my_card,9085,development
914b01cf52377c79226b,1431,exchange_via_app,1412,development
916cbe894027b7b04585,3302,balance_not_updated_after_cheque_or_cash_deposit,3242,development
916dad03dfcf7bb16099,9905,country_support,9715,development
91753aaf8280bce8a781,4243,topping_up_by_card,4166,development
9175d9787783666d3d4a,6122,pending_transfer,6008,development
91808371c5d43d45ec6c,961,fiat_currency_support,949,development
9181f3fcf3d1b70b288e,9694,apple_pay_or_google_pay,9510,development
91855b21ee3585cb7572,6545,verify_source_of_funds,6417,development
9198f9e7073c5d5c577e,3772,why_verify_identity,3706,development
91a0286d8a46b53b19bf,8929,cash_withdrawal_not_recognised,8755,development
91a471bb63f2df2e2811,6208,terminate_account,6092,development
91b1c28855cd92dc79fb,5865,declined_card_payment,5760,development
91b34a9a15c3744bc51b,1475,lost_or_stolen_card,1455,development
91c18fb3639c0f916284,7648,transfer_into_account,7503,development
91d41b7707ef695fcfb9,1332,card_not_working,1313,development
91da0d98a681db9e96ae,8606,top_up_failed,8433,development
91e37580f7bbaad00559,794,pending_cash_withdrawal,784,development
91e95d7a0231f83e18a0,2073,pending_top_up,2037,development
91ee5c667a7633a158bd,6987,change_pin,6848,development
91ee69ac37c6c937deec,8437,get_disposable_virtual_card,8271,development
91f41ca8044bb3a73eb9,1369,exchange_via_app,1350,development
921023bc9b0a89159b41,2376,wrong_amount_of_cash_received,2331,development
9213e100495490cfb518,57,card_arrival,57,development
921ea141acdddd233f7e,37,card_arrival,37,development
922fc64b391a246b8b04,1953,pending_top_up,1924,development
9233e26ae0e4915e05c8,6621,transfer_timing,6491,development
923d5c7733205023f9e3,7987,top_up_by_cash_or_cheque,7830,development
923fd343eef94b19f01e,2960,supported_cards_and_currencies,2909,development
925dd201effbfde0c54e,2989,supported_cards_and_currencies,2937,development
9263b45d3e0dc08b55a7,361,exchange_rate,358,development
9265f6dceeb7a9cee496,9908,country_support,9718,development
9266bb8240ad1ef65273,1277,card_not_working,1259,development
9268a3af389be2bceed1,6518,verify_source_of_funds,6380,development
9271ecb87b1f81e00a63,2398,wrong_amount_of_cash_received,2353,development
927482002e7efac20431,7188,transfer_fee_charged,7047,development
927f251ff00b0ade4f79,8939,cash_withdrawal_not_recognised,8765,development
927fcf50077c2255c217,4658,direct_debit_payment_not_recognised,4574,development
9288c336e01ae9df4d30,9909,country_support,9719,development
928deb780c9ddac0567b,6088,pending_transfer,5975,development
928e7ab2fda3be0da3a0,6626,transfer_timing,6496,development
92926cf1a1c240602512,7433,failed_transfer,7289,development
9294f8c24c98e8eb6fd0,1469,exchange_via_app,1449,development
929cb93b1e68d1d4d6ba,924,fiat_currency_support,912,development
92a13d288edfe4ca3af7,4063,get_physical_card,3996,development
92a7064c9df9d03f61a8,5336,lost_or_stolen_phone,5238,development
92a7e3a74031746dfd4a,4191,visa_or_mastercard,4119,development
92b0d1ce0adb80a32ea6,8683,balance_not_updated_after_bank_transfer,8509,development
92b508a1f27901f84bff,9737,apple_pay_or_google_pay,9551,development
92bf4cfd6deca4675711,1264,card_not_working,1246,development
92bfdb85405ef933b229,9775,verify_my_identity,9588,development
92c0045c85d726b86766,9822,verify_my_identity,9635,development
92c3f4dd8f7418f41dbf,7337,receiving_money,7193,development
92c446671ba1dab70e45,4009,get_physical_card,3942,development
92d3762baaff0703f934,8965,exchange_charge,8791,development
92d70dc45886e4c6c619,936,fiat_currency_support,924,development
92d72f2b86227d02509d,7062,beneficiary_not_allowed,6922,development
92d8b4cf9a447834c318,544,card_payment_wrong_exchange_rate,538,development
92de33baaa8ec167616e,5705,Refund_not_showing_up,5602,development
92f2b9fd1f2fcfb6a9e3,9523,card_about_to_expire,9341,development
92f795fb6f0bfd7b872a,9718,apple_pay_or_google_pay,9533,development
9307e98ef88b46149030,9088,top_up_by_card_charge,8913,development
930ed5601a053781679a,6003,pending_transfer,5895,development
93176edbf98374a587d2,2498,wrong_amount_of_cash_received,2453,development
9320cefa695178b4518f,7798,verify_top_up,7643,development
932f133c3218a48e5f2a,1821,top_up_by_bank_transfer_charge,1793,development
934f720a425870da7efc,3449,balance_not_updated_after_cheque_or_cash_deposit,3388,development
935b0bbf36f6c0f85520,271,card_linking,269,development
936e303d20c30eab227d,2864,transfer_not_received_by_recipient,2813,development
9373ddd27305f6df2395,4685,direct_debit_payment_not_recognised,4601,development
937da2b63a3a9b609a17,9202,activate_my_card,9026,development
938a0760c66cf3fa531f,490,card_payment_wrong_exchange_rate,485,development
938da71ef005634de454,4574,atm_support,4492,development
938e59e86fb5841a2d11,7338,receiving_money,7194,development
938fe8f5bd3958db11da,8194,virtual_card_not_working,8032,development
9391c52b215608b5dc2a,7964,top_up_by_cash_or_cheque,7808,development
93a1d33f5d2970316090,6671,transfer_timing,6541,development
93a685ff0adfabc4bff9,6872,reverted_card_payment?,6735,development
93a8d761601a9b983ec3,8430,get_disposable_virtual_card,8264,development
93aabdc5dd29043ab765,6099,pending_transfer,5985,development
93ac304d688b2123d6c8,991,fiat_currency_support,979,development
93bebd9bff60c70d4121,4707,direct_debit_payment_not_recognised,4623,development
93bf179416c1a9c9eb17,8860,cash_withdrawal_not_recognised,8686,development
93c9946073849b14cea8,679,extra_charge_on_statement,671,development
93ccce3cb9ef16375a8a,7099,beneficiary_not_allowed,6959,development
93cf8bdb1fd7b99e4e7a,1486,lost_or_stolen_card,1466,development
93dc1b274d334724ef80,4905,passcode_forgotten,4817,development
93e7f82a10401597b786,4051,get_physical_card,3984,development
93f74cfb7abac1f8d667,7739,verify_top_up,7593,development
93f831c3586e3b70db7c,6652,transfer_timing,6522,development
940a320edc27965926b2,7659,transfer_into_account,7514,development
9410882ec6db2984c46a,3261,top_up_reverted,3202,development
9413bc4f072d15f253a6,5407,request_refund,5309,development
9418c05795391741e7f0,6748,reverted_card_payment?,6614,development
941c5d0735ccc2d62280,3139,card_acceptance,3085,development
942561bbc794482be000,4550,atm_support,4468,development
943492cc2916e77de5e6,8054,order_physical_card,7896,development
943d830f8c0c6671f248,3455,balance_not_updated_after_cheque_or_cash_deposit,3394,development
94430239ca1607eb8bae,10002,country_support,9811,development
945bbe533c3be848708f,7856,getting_spare_card,7700,development
9465d13ef37ffdee14a7,887,fiat_currency_support,875,development
946a64b2a2be5bae71f1,5164,pending_card_payment,5070,development
946e65c45eeb204e3852,5610,declined_transfer,5509,development
946ff2984233c8fa4216,8578,top_up_failed,8405,development
9493f263746e25ee916c,6944,change_pin,6806,development
949cf8cac9b885c3d851,4775,direct_debit_payment_not_recognised,4689,development
949df26a22a3fa146633,7618,transfer_into_account,7473,development
94aee9a51b57b2fafce0,7286,transfer_fee_charged,7144,development
94c20f03e69a091c518b,9757,apple_pay_or_google_pay,9570,development
94c86915dc6c2d81cc69,1985,pending_top_up,1956,development
94cbc4246e4f2edaf0f6,9563,card_about_to_expire,9380,development
94cf5264758e51976819,1979,pending_top_up,1950,development
94d478c061f6f3c08cce,4930,declined_cash_withdrawal,4841,development
94da3f32b703dc8827c5,7162,transfer_fee_charged,7021,development
94f6da7564a89740af95,7443,failed_transfer,7299,development
95017771461ce5c89f17,2028,pending_top_up,1994,development
9503c8bdcc52b7e7b194,7763,verify_top_up,7611,development
95055db5282649cbdfdf,6363,transaction_charged_twice,6221,development
950b8ec6ced4ed570357,1513,lost_or_stolen_card,1493,development
951065cd465f992d6a4d,6490,verify_source_of_funds,6367,development
9516a13bcc2b25b3042e,9366,cash_withdrawal_charge,9185,development
951e5e812403db3bf6b6,2035,pending_top_up,2001,development
95227625bcc37aebec7f,5607,declined_transfer,5506,development
9522eb9d79d64fa57cc7,4387,disposable_card_limits,4309,development
952c3cf11f415b6bcb19,9373,cash_withdrawal_charge,9192,development
9536abecb5f6cb5e0998,4503,compromised_card,4421,development
953778e171443231494e,9610,card_about_to_expire,9427,development
953a071ca9a3bd3677dd,42,card_arrival,42,development
9542590b45b0e2e5b5be,8922,cash_withdrawal_not_recognised,8748,development
954aaf3f35796629c5be,4244,topping_up_by_card,4167,development
9560039dea0c494c0886,7629,transfer_into_account,7484,development
956e8c7d7ed802a625bb,3802,why_verify_identity,3736,development
95735b6a3e71d76ef5bf,3273,top_up_reverted,3213,development
95740dcbd143324f0651,5520,request_refund,5420,development
959c5ed2d62e05fcf6ce,5968,declined_card_payment,5861,development
95aff867b9cd5d8af344,8172,virtual_card_not_working,8011,development
95b075d6eaa016cf80fc,3845,why_verify_identity,3779,development
95b387ba8252da400832,6326,transaction_charged_twice,6208,development
95b5ae2c488f708f8e1e,7567,transfer_into_account,7422,development
95c49f2139d97dd640f8,9269,activate_my_card,9090,development
95d501a98bbd82b53d53,9033,exchange_charge,8859,development
95d6dcd18577b6f70d7c,7693,verify_top_up,7548,development
95ddda06cbb9e3aeea29,7129,beneficiary_not_allowed,6988,development
95dfd0de539465cef718,9606,card_about_to_expire,9423,development
95e1dfa67f44b46f1140,7614,transfer_into_account,7469,development
95fe7f9944b0dbf567a7,3484,card_payment_not_recognised,3422,development
9606cd8e5a0910290c65,7699,verify_top_up,7554,development
961c8aef0bf2cde2f0b1,4942,declined_cash_withdrawal,4853,development
9625edf270a9d663da16,7903,getting_spare_card,7747,development
963a0ab01cd4cbc34d10,7698,verify_top_up,7553,development
964a7aca5428def28c91,8642,balance_not_updated_after_bank_transfer,8469,development
965672ace6fe4a486a45,6783,reverted_card_payment?,6648,development
966c33bb7bf00a5c34fc,7460,failed_transfer,7316,development
966c6043b0f883e2b69f,8979,exchange_charge,8805,development
966ce5027226ba71d40e,665,extra_charge_on_statement,657,development
9678797fed65bd94afb1,5861,declined_card_payment,5756,development
967c7e34c9c1e379b65d,9638,card_about_to_expire,9455,development
9684cf087092050a5593,3818,why_verify_identity,3752,development
96866d2c8fb0aecfda3e,315,exchange_rate,313,development
9687ab2ac957619702bc,1868,top_up_by_bank_transfer_charge,1840,development
968d460ffb7f4082081c,4597,atm_support,4513,development
969ad6bf1c75d8a7e2f3,9733,apple_pay_or_google_pay,9547,development
969c62735d0f78a85188,9936,country_support,9746,development
969e515b3ac6cf22791f,325,exchange_rate,323,development
96a7d898e4e234bae79c,192,card_linking,191,development
96acb95244e1f4c62943,2153,cancel_transfer,2115,development
96b26c592e21e297c498,8502,top_up_failed,8332,development
96b33373eefc5efd8bae,1370,exchange_via_app,1351,development
96c7cd11e68f35ba0bbb,1814,contactless_not_working,1786,development
96d092b26faa03af620d,4288,topping_up_by_card,4211,development
96e5ba6ff900028b0e38,9648,apple_pay_or_google_pay,9465,development
96e7646a2e0700f9f2c3,5768,Refund_not_showing_up,5665,development
96e7a443a516ee68e86e,7585,transfer_into_account,7440,development
971c0826eefbcfd6be21,6399,transaction_charged_twice,6280,development
9731b85fc3af59a7b583,7085,beneficiary_not_allowed,6945,development
97378290a26b350e53de,1737,pin_blocked,1709,development
97492579518891785a14,8866,cash_withdrawal_not_recognised,8692,development
974a19d807d5b807710b,7578,transfer_into_account,7433,development
975e6cb1e5ae7ad37524,7597,transfer_into_account,7452,development
976c30851cfe6e0f1394,312,exchange_rate,310,development
97787aace0db17b81c0e,2463,wrong_amount_of_cash_received,2418,development
977a59fe958d4b00b435,6999,change_pin,6860,development
977baf9008066b615227,9300,activate_my_card,9119,development
9781637286f69841da6a,2312,top_up_limits,2267,development
97895e190f41bc9ac8da,7497,failed_transfer,7353,development
97942fd159c62a9966f7,6103,pending_transfer,5989,development
979e57515984769bd733,3651,edit_personal_details,3589,development
97a88e86c4a8fad026c3,7494,failed_transfer,7350,development
97abf5d141218d5a2dc3,2038,pending_top_up,2000,development
97ad7eb8a0969353f109,8622,balance_not_updated_after_bank_transfer,8449,development
97ae516d62f1bf687f48,3251,top_up_reverted,3192,development
97af4dd68f6fffff5563,7811,getting_spare_card,7655,development
97b185f7291cc840ebff,7830,getting_spare_card,7674,development
97b1c3aa7c7ff11b0b19,4666,direct_debit_payment_not_recognised,4582,development
97bbc62fd84f73476edf,951,fiat_currency_support,939,development
97c9f2188dafa23709c1,9176,top_up_by_card_charge,9000,development
97ca4d56737563645f11,5188,pending_card_payment,5093,development
97cd37a0a80adc6bea84,7253,transfer_fee_charged,7112,development
97e3c066fa7bbcc2b62a,3493,card_payment_not_recognised,3431,development
97f66bbc225e576649f0,3225,top_up_reverted,3166,development
9800c2ce764ae8b4b4f4,8937,cash_withdrawal_not_recognised,8763,development
98053bffa8c3d8ad636e,8053,order_physical_card,7895,development
980ac70dde0c099437a4,1161,automatic_top_up,1146,development
98192e2a777b8df848ae,6547,verify_source_of_funds,6419,development
982bc2ab774f621b14d3,8589,top_up_failed,8416,development
9849c6bb0b6ef39cba35,2109,cancel_transfer,2072,development
984c1aab5fc393882779,7672,transfer_into_account,7527,development
984c1c7646d1815f94ce,2766,transfer_not_received_by_recipient,2667,development
984dfe8f578899bb14a5,5991,pending_transfer,5883,development
9854192c79d4b1298878,5596,declined_transfer,5496,development
9862424ccbfb1e02b45d,7036,beneficiary_not_allowed,6896,development
986f35e41a85272e2fac,7321,transfer_fee_charged,7109,development
98743fb1d511fe83f494,3608,card_payment_not_recognised,3546,development
9874439e598690a723ba,4977,declined_cash_withdrawal,4887,development
988192e4568f9e87fff2,6364,transaction_charged_twice,6245,development
988c9f85ccf61f9d5eac,4155,visa_or_mastercard,4086,development
988d0464dcb4146a29fa,1504,lost_or_stolen_card,1484,development
988de8e5932f4ce40537,799,pending_cash_withdrawal,789,development
989b59f157d9d6809e1d,212,card_linking,210,development
98a6168a08f5e21d5e9d,5160,pending_card_payment,5066,development
98a6c20276dd32fd42f7,638,extra_charge_on_statement,630,development
98d1b3cdc36d34b77520,117,card_arrival,116,development
98d4e135e032a0bdd05b,8442,get_disposable_virtual_card,8276,development
98d6924b3aeb417ea059,9702,apple_pay_or_google_pay,9518,development
98d977d242a4841aa8d9,1846,top_up_by_bank_transfer_charge,1818,development
98de3105cbe6ec2b90ed,983,fiat_currency_support,971,development
98e15e6c4991bde9c960,4547,atm_support,4465,development
98e7ea44f18daa3a67fc,5293,lost_or_stolen_phone,5195,development
98ebf4367184f6f243c5,4573,atm_support,4491,development
98f504e334c50712aa02,41,card_arrival,41,development
98f9b733b1f2b89bf543,6314,transaction_charged_twice,6196,development
98fcbdc821cf011d72ad,787,pending_cash_withdrawal,777,development
9901aa8291bf427bc7b7,6662,transfer_timing,6532,development
9913e470e05b7d0d5977,3570,card_payment_not_recognised,3508,development
99222831d3466619c56e,2485,wrong_amount_of_cash_received,2440,development
992f9fe3d6ee9889adaf,7708,verify_top_up,7563,development
9939721e7978845c9ed2,7555,failed_transfer,7411,development
9939e3e1da549d10512b,1047,card_delivery_estimate,1034,development
993da554e22925193e62,3427,balance_not_updated_after_cheque_or_cash_deposit,3366,development
993e3c2c2ef69f78be95,836,pending_cash_withdrawal,825,development
99418b60827fd147268d,6863,reverted_card_payment?,6727,development
9945a60153f879905cc0,1009,card_delivery_estimate,997,development
9945d7910e14cc3b8599,5286,lost_or_stolen_phone,5188,development
9946dd55d99be534ec4e,705,extra_charge_on_statement,696,development
9947e50b3b63f4c33394,2020,pending_top_up,1987,development
994ae40a77258065436b,1631,age_limit,1604,development
994d59b9fd4a4a70900d,3042,getting_virtual_card,2990,development
995be750162761d1fd06,1856,top_up_by_bank_transfer_charge,1828,development
995bf466830b754c55a3,7646,transfer_into_account,7501,development
995cc002a820bb09b0d3,2922,supported_cards_and_currencies,2871,development
996e79dec966ddbdebfb,7828,getting_spare_card,7672,development
997e6d691073679d034c,5270,lost_or_stolen_phone,5173,development
998b0a32e2de9a85a9ed,7266,transfer_fee_charged,7125,development
99af1b05ea15d5f7f4f9,5793,Refund_not_showing_up,5689,development
99afb6ed588a18fa7d1c,6891,change_pin,6753,development
99b5c2b904e99d19c9eb,5783,Refund_not_showing_up,5680,development
99c13c012745946ca2f2,2225,cancel_transfer,2186,development
99c701ff9c28147a2606,3325,balance_not_updated_after_cheque_or_cash_deposit,3265,development
99d2056c670cfe84260d,9586,card_about_to_expire,9403,development
99d7d0eab841b6bbc09b,4546,atm_support,4464,development
99df2e0086c355ee4f1a,6008,pending_transfer,5900,development
99e64dfc7c73125ebc75,6883,change_pin,6745,development
99e658a5826a61ac056b,9782,verify_my_identity,9595,development
99f1c716774d85cd19f7,6132,pending_transfer,6017,development
99f749a4c78c7c204aca,7832,getting_spare_card,7676,development
99fb05ebce2a8cb2345f,4966,declined_cash_withdrawal,4876,development
99fce94f11648bea2a0e,3405,balance_not_updated_after_cheque_or_cash_deposit,3344,development
9a0a210a5888e13859f5,6658,transfer_timing,6528,development
9a0fbf04a2ca947946fe,1344,card_not_working,1325,development
9a1126e08c78a1e7fc21,5811,Refund_not_showing_up,5706,development
9a11958e2f95ef86eb30,8655,balance_not_updated_after_bank_transfer,8482,development
9a1a63df35e56b87025f,1455,exchange_via_app,1435,development
9a1d6f06fae1212e1fdf,8017,top_up_by_cash_or_cheque,7860,development
9a229f265412a931f354,6616,transfer_timing,6486,development
9a284fd997a4f70dc240,151,card_arrival,150,development
9a40ea05e9350c5c0d95,7625,transfer_into_account,7480,development
9a414e455c296ce045a8,780,pending_cash_withdrawal,770,development
9a4b784e80412157cb2a,8336,wrong_exchange_rate_for_cash_withdrawal,8171,development
9a4dd968567b42a2e2e4,7858,getting_spare_card,7702,development
9a5e6997f7e33c08e26c,6295,card_swallowed,6177,development
9a6abc37d3ac0b71adf0,3286,top_up_reverted,3226,development
9a713c515f832aaa17ea,1086,card_delivery_estimate,1071,development
9a73a4d0bab7e2d85dd3,5475,request_refund,5375,development
9a741c876705227090f1,2726,transfer_not_received_by_recipient,2678,development
9a7b05f68270db4b8d5b,1258,card_not_working,1240,development
9a7ec8de3da997c5abe0,5503,request_refund,5403,development
9a7f82cee7856de1a459,7727,verify_top_up,7581,development
9a90bcf81d6bc3916842,8469,top_up_failed,1954,development
9a9e4f0f771c0d770ccc,2368,wrong_amount_of_cash_received,2323,development
9a9ea9b9bd763ea6b283,4912,passcode_forgotten,4824,development
9ab4e4d2f5f359e8df19,9090,top_up_by_card_charge,8915,development
9ab778f978e0bcb739d7,5072,declined_cash_withdrawal,4980,development
9abcbd624214c2b4eb98,3776,why_verify_identity,3710,development
9ac03f1a8dea34df216e,5256,lost_or_stolen_phone,5159,development
9ac44499b6d47b1cce98,732,extra_charge_on_statement,723,development
9ac527923f4e3bacb96b,6293,card_swallowed,6175,development
9ad08949e33f3c64ca36,8569,top_up_failed,8396,development
9ad278a8b6a1aa492042,4456,disposable_card_limits,4371,development
9ad7170050671e583dde,266,card_linking,264,development
9ade851b95813c86745c,730,extra_charge_on_statement,721,development
9aecc81b7bd14022a588,5643,declined_transfer,5541,development
9aed9e0185344fe92774,9519,card_about_to_expire,9337,development
9af0c5c3502504d1871c,2066,pending_top_up,2031,development
9afc4d818e05eda3e3b9,574,extra_charge_on_statement,568,development
9b0446426e698e085063,4138,visa_or_mastercard,4069,development
9b0903db4d274fb7405b,3207,top_up_reverted,3148,development
9b279a5e7c8da80de56a,9632,card_about_to_expire,9449,development
9b283f30bb65e7dbc6f0,3021,getting_virtual_card,2969,development
9b305c67ab70d2d410d4,5568,declined_transfer,5468,development
9b32ecd5c81ffa64096b,504,card_payment_wrong_exchange_rate,499,development
9b3fe78c97cc5e719b75,7413,receiving_money,7269,development
9b44e5e88a7c732850dd,6073,pending_transfer,5961,development
9b46d2779bb73f361dba,912,fiat_currency_support,900,development
9b48ae0544b58c823e43,690,extra_charge_on_statement,682,development
9b4eda9717e3a44eab38,6052,pending_transfer,5943,development
9b51c47edd2bb9f6982d,3566,card_payment_not_recognised,3504,development
9b536c20d59c39a2e189,9830,verify_my_identity,9643,development
9b5e668d8ff95b152e89,7044,beneficiary_not_allowed,6904,development
9b641449e6cd86f795aa,6632,transfer_timing,6502,development
9b6c292eda22e0cdb9c8,9598,card_about_to_expire,9415,development
9b77f924fdc650cb3794,6689,transfer_timing,6558,development
9b797fcc8c52cf551d08,1999,pending_top_up,1970,development
9b8a22cf26dca41022b7,2036,pending_top_up,2002,development
9ba287b624aa55850a9a,1542,lost_or_stolen_card,1507,development
9baf2b1c81baa512eabc,3433,balance_not_updated_after_cheque_or_cash_deposit,3372,development
9bbb89b493d74b067b2b,7111,beneficiary_not_allowed,6971,development
9bc799016d09b4dba781,7424,receiving_money,7280,development
9bc83b616c3084cc6679,6639,transfer_timing,6509,development
9bccd561f2d4cd640b2a,4523,compromised_card,4441,development
9bce31bc1952b73a5c93,9835,verify_my_identity,9648,development
9bd853c926e5e2c53750,4628,atm_support,4544,development
9bdab64f22fa06a3331f,4528,compromised_card,4446,development
9be1530b201ef4e85f8e,4539,compromised_card,4457,development
9be1ed5aa981657f491c,9482,cash_withdrawal_charge,9300,development
9be3ba70dfad9bfda6fb,2267,top_up_limits,2227,development
9bf6b609661db147d545,1173,automatic_top_up,1157,development
9bfd138a2121c2cabd87,1034,card_delivery_estimate,1022,development
9bff0d683ee7778abe9b,4433,disposable_card_limits,4353,development
9c012950d8e2cc8d8a28,2413,wrong_amount_of_cash_received,2368,development
9c10ad69954251f6251c,512,card_payment_wrong_exchange_rate,507,development
9c1a27779a1db2743bac,3013,getting_virtual_card,2961,development
9c1d39c114f35a9424ec,6205,terminate_account,6089,development
9c1ff3dc3437a98a8064,7271,transfer_fee_charged,7130,development
9c2370a2b7768790d913,216,card_linking,214,development
9c2971682e5008856629,4273,topping_up_by_card,4196,development
9c2d0ae8904672c2b89b,9994,country_support,9803,development
9c32bb1c674bcb5063c6,344,exchange_rate,341,development
9c33313fcd4343dd12fc,2841,transfer_not_received_by_recipient,2790,development
9c3e526abae03ea6e213,9992,country_support,9801,development
9c46a16524deae25417c,4213,visa_or_mastercard,4139,development
9c683230baa3523fe01a,5838,declined_card_payment,5733,development
9c6ae81c40ae873a9dba,2226,cancel_transfer,2187,development
9c6feec8324177f83293,6447,transaction_charged_twice,6325,development
9c71c444a28cdef2ec79,8510,top_up_failed,8339,development
9c785e3fa7653f6339f3,543,card_payment_wrong_exchange_rate,537,development
9c7adce929f7a18afa5a,7718,verify_top_up,7572,development
9c8340a8804b674050e8,6766,reverted_card_payment?,6631,development
9c8b48fce00604336124,6578,verify_source_of_funds,6448,development
9c8b973190601e2a7bbe,7134,beneficiary_not_allowed,6993,development
9c94b08a208741fad2c2,8210,wrong_exchange_rate_for_cash_withdrawal,8048,development
9c95aaabafb72c0fc1c0,686,extra_charge_on_statement,678,development
9c95ae826ddd52f03517,4131,visa_or_mastercard,4062,development
9ca64f03890b63173340,626,extra_charge_on_statement,619,development
9cb3a2caffcd73203db9,1010,card_delivery_estimate,998,development
9cb4f83124165259fc7b,6567,verify_source_of_funds,6438,development
9cb93c88582af47b2990,3642,card_payment_not_recognised,3580,development
9cc2ff949ef03e1dd3cf,6780,reverted_card_payment?,6645,development
9ccb30618a71c1efba3d,8091,order_physical_card,7933,development
9cdc1114139e6886875f,1902,top_up_by_bank_transfer_charge,1873,development
9cec771dbb7c47f99037,9409,cash_withdrawal_charge,9175,development
9ced189fc57df32fe69f,2169,cancel_transfer,2131,development
9cedef61a4e25b22f4cf,3769,edit_personal_details,3703,development
9cfcaad0e5750c50986f,2616,card_payment_fee_charged,2570,development
9d00d856e20bcc1da9f6,4521,compromised_card,4439,development
9d196a5e01c09b9ba588,1217,automatic_top_up,1200,development
9d1d103bb2edbdbcb4af,2741,transfer_not_received_by_recipient,2693,development
9d1f838d9c60205d67f0,978,fiat_currency_support,966,development
9d27766a715c9ebb1629,9511,cash_withdrawal_charge,9329,development
9d304ba6919713960af7,1626,age_limit,1599,development
9d3e3a04dcbdd8abb431,4657,direct_debit_payment_not_recognised,4573,development
9d3f10dc1da5ca75e6aa,9997,country_support,9806,development
9d4f14dedb6342c110aa,8023,top_up_by_cash_or_cheque,7866,development
9d520c7de65835b70756,8567,top_up_failed,8394,development
9d5b04ffde5c1a4d9881,4335,topping_up_by_card,4258,development
9d5e13eac2026c4833c8,1834,top_up_by_bank_transfer_charge,1806,development
9d60084dd5fd990a889c,6473,transaction_charged_twice,6350,development
9d645adb2a97971ff9ba,6917,change_pin,6779,development
9d6e3c67103de39d6f8d,1181,automatic_top_up,1165,development
9d702ba7b07e1d881791,8440,get_disposable_virtual_card,8274,development
9d7b52d04fe0b40aec03,1254,card_not_working,1236,development
9d8299b1036be4b6d65f,6836,reverted_card_payment?,6700,development
9d95d176c7532cd7acb3,8722,balance_not_updated_after_bank_transfer,8548,development
9da1e015e0bed0cced55,6268,card_swallowed,6150,development
9da556313dce84563851,1112,card_delivery_estimate,1097,development
9da81b588617a5b1abed,8339,wrong_exchange_rate_for_cash_withdrawal,8174,development
9daf082cbf526891fcfa,2005,pending_top_up,1976,development
9dbcf734dd9247599093,4621,atm_support,4537,development
9dc865afab57a7efdaa5,7634,transfer_into_account,7489,development
9dd8703180699fc36c29,8906,cash_withdrawal_not_recognised,8732,development
9ddc460d3cb3166a40d3,5356,lost_or_stolen_phone,5258,development
9dedc0d03cb3a5d7cd21,4595,atm_support,4511,development
9dfc95fa44965e9dc9c3,7851,getting_spare_card,7695,development
9e111e183bb12e127af2,660,extra_charge_on_statement,652,development
9e16c9461b8d53bbe23d,2491,wrong_amount_of_cash_received,2446,development
9e1c62f135b562cb0646,1866,top_up_by_bank_transfer_charge,1838,development
9e200c98907bb8719870,7305,transfer_fee_charged,7163,development
9e2561c894c7e682cc78,9365,cash_withdrawal_charge,9184,development
9e2b361a6a0e0113c436,118,card_arrival,117,development
9e2f7fe87031ab2bcaf0,3143,card_acceptance,3088,development
9e3b48ac763732586298,6339,transaction_charged_twice,6221,development
9e3da5f6d05a4f573d34,3670,edit_personal_details,3608,development
9e41e2e4984f4ecb6892,6726,reverted_card_payment?,6592,development
9e469faa8cb651187903,2193,cancel_transfer,2154,development
9e494a742d0485622f49,8664,balance_not_updated_after_bank_transfer,8455,development
9e55759a1e9e00551a2d,5657,declined_transfer,5555,development
9e5962911ded7ca4830b,4029,get_physical_card,3962,development
9e5a2a8c2fb71d3900c8,9881,country_support,9691,development
9e5bc5f8777080d0e31d,5098,pending_card_payment,5005,development
9e6637b06e013c43e825,5731,Refund_not_showing_up,5628,development
9e9155409a35a80b198b,9032,exchange_charge,8858,development
9e931746864ac0c32f8a,5306,lost_or_stolen_phone,5208,development
9e9fdf324dc9fec8328f,6946,change_pin,6808,development
9ea10e8ba1b08b1bd81f,6746,reverted_card_payment?,6612,development
9ead1bd384ea8c0966cb,5294,lost_or_stolen_phone,5196,development
9eb439ef7b32aafe393e,6092,pending_transfer,5979,development
9eb7993a15512de08a51,6781,reverted_card_payment?,6646,development
9ec2a58f40975640802d,7138,beneficiary_not_allowed,6997,development
9ec461c0bb3b15f6d3ee,2456,wrong_amount_of_cash_received,2411,development
9eddf839e5bec2c72d00,7825,getting_spare_card,7669,development
9ee5eaf81bd5acd45863,5583,declined_transfer,5483,development
9ee866430af380d7c81b,3867,why_verify_identity,3801,development
9eebde157ca83f257106,3965,unable_to_verify_identity,3899,development
9f0111383edc16b444b1,5636,declined_transfer,5534,development
9f0282f09ea19a587a66,3711,edit_personal_details,3648,development
9f10bbfb93b574af6da4,4233,visa_or_mastercard,4156,development
9f180f57bef03aa01f27,8834,cash_withdrawal_not_recognised,8660,development
9f1c572270eabd2d59ff,8384,get_disposable_virtual_card,8219,development
9f29547ffeed4bc20718,8751,balance_not_updated_after_bank_transfer,8577,development
9f29e268368cb9c4cb09,6897,change_pin,6759,development
9f2a562bac36e049ef96,3001,getting_virtual_card,2949,development
9f35b860f6703ea7b2bf,8607,top_up_failed,8434,development
9f3e9d764155a64e2093,3865,why_verify_identity,3799,development
9f518a52ebe6366fd222,6023,pending_transfer,5915,development
9f523a4407fd3c850048,1224,automatic_top_up,1207,development
9f52b9e6356aaed18a3d,509,card_payment_wrong_exchange_rate,504,development
9f54bdf0bd09479b61da,139,card_arrival,138,development
9f55fc01089ec3ae2b2d,5743,Refund_not_showing_up,5640,development
9f59dc6f4705785b1c07,4891,passcode_forgotten,4803,development
9f5d5a6a4dbce7e27e47,4650,direct_debit_payment_not_recognised,4566,development
9f6aeca8a51b97bd869c,872,pending_cash_withdrawal,860,development
9f6b16f2e681a1cd0c57,5933,declined_card_payment,5826,development
9f6e70b5eb41a43d720f,5897,declined_card_payment,5792,development
9f77e634cbf377ced5a2,9794,verify_my_identity,9607,development
9f79e6f2dc6d51a0f638,7833,getting_spare_card,7677,development
9f8ca8f787501d1c5412,6874,reverted_card_payment?,6737,development
9f914b9a3315e422dac9,9894,country_support,9704,development
9f92d0f5861bd3bdabb8,138,card_arrival,137,development
9f92f1faf387b1c145f6,4783,direct_debit_payment_not_recognised,4697,development
9f932c1ae9191488a922,9049,exchange_charge,8874,development
9f9977bdc70b01e7f833,7378,receiving_money,7234,development
9f9e08f610e4863ee82d,284,card_linking,282,development
9fa158cbe2c998e62502,9774,verify_my_identity,9587,development
9fa15ccffdc7507c6c14,5719,Refund_not_showing_up,5616,development
9fa4b8378843d713cf9e,7034,beneficiary_not_allowed,6894,development
9fab4e549b725c5a6298,5655,declined_transfer,5553,development
9fb168a24fe3351a596f,2589,card_payment_fee_charged,2543,development
9fc0af7c54c2d39019ea,4679,direct_debit_payment_not_recognised,4595,development
9fc9123197620bbaf152,3186,top_up_reverted,3129,development
9fca438034e97631d16c,1251,card_not_working,1233,development
9fcebb6add022a298e21,7606,transfer_into_account,7461,development
9fcf092101ed68de0b31,9529,card_about_to_expire,9347,development
9fcfbecf482cb6528b7c,8580,top_up_failed,8407,development
9fdf899d3ff32b74d175,5748,Refund_not_showing_up,5645,development
9fe67be43df0164e0123,5545,declined_transfer,5445,development
9fe99613bee88d466340,6743,reverted_card_payment?,6609,development
9fe9eee9e4787531d8bb,5030,declined_cash_withdrawal,4939,development
9fed399759e27de89c9f,757,pending_cash_withdrawal,747,development
9ff20ec6cdabc35e8c13,8915,cash_withdrawal_not_recognised,8741,development
9ff75a0cbb906a67ac52,1395,exchange_via_app,1376,development
a003135a2153bcac6fdb,1280,card_not_working,1262,development
a00a8231eff6f7a40105,5259,lost_or_stolen_phone,5162,development
a0236dc8980aa154b4b5,9434,cash_withdrawal_charge,9252,development
a02b52254dcfa07d8679,1972,pending_top_up,1943,development
a039b57e9dc8ecf11841,3434,balance_not_updated_after_cheque_or_cash_deposit,3373,development
a04677a7328340e91699,4935,declined_cash_withdrawal,4846,development
a046d4f250e1934acda6,5669,declined_transfer,5567,development
a0492f334827470d02ad,5907,declined_card_payment,5801,development
a0523e843a290624c335,8453,get_disposable_virtual_card,8273,development
a056991d6df62318e9fb,8300,wrong_exchange_rate_for_cash_withdrawal,8137,development
a05779b8667fef9bafe3,3102,card_acceptance,3048,development
a05eaf91dd0a7d538c4b,9074,top_up_by_card_charge,8899,development
a064ae86418b17869a06,2056,pending_top_up,2021,development
a06cb5cdecf0fabea545,1228,automatic_top_up,1211,development
a076f9f3908f77d8d363,6181,terminate_account,6065,development
a07e3ff5243f77085538,4633,direct_debit_payment_not_recognised,4549,development
a07f82f1a0d7df8e544e,5780,Refund_not_showing_up,5677,development
a07fc1c7ad43ff3185b4,4939,declined_cash_withdrawal,4850,development
a08152f0509a8d16c6e8,8350,wrong_exchange_rate_for_cash_withdrawal,8185,development
a08d5ccd027f41c232ce,2974,supported_cards_and_currencies,2922,development
a0983f0ec120e78607f3,4835,passcode_forgotten,4748,development
a09d659397ad18a336bc,6592,verify_source_of_funds,6462,development
a0a818eb32dcd16a6872,6973,change_pin,6834,development
a0a892545cbe414a3446,5983,declined_card_payment,5876,development
a0ab61534c123a0201bf,2540,card_payment_fee_charged,2495,development
a0b84a1a91f5de02a953,4319,topping_up_by_card,4242,development
a0babe805694ca1e85a8,3925,unable_to_verify_identity,3859,development
a0c4d346cc83c7047a48,6441,transaction_charged_twice,6319,development
a0cafcc24260bacc85f3,1480,lost_or_stolen_card,1460,development
a0cd840fa357b4b9db62,8329,wrong_exchange_rate_for_cash_withdrawal,8164,development
a0d2a13af92f6b4fa159,7602,transfer_into_account,7457,development
a0d328d31e49aaef5e61,8645,balance_not_updated_after_bank_transfer,8472,development
a0d35714a99cf3f4700b,1602,age_limit,1576,development
a0d53f0e795efc4abcc8,8132,order_physical_card,7973,development
a0d55e18befce59407aa,5939,declined_card_payment,5832,development
a0d5dc18cc191190df4d,2125,cancel_transfer,2088,development
a0d940f5f201b2edfaea,5338,lost_or_stolen_phone,5240,development
a0def5680dde49f0bb77,6573,verify_source_of_funds,6444,development
a0ea7a4ec00760480e29,9339,cash_withdrawal_charge,9158,development
a0eb747f359cef954f8d,3580,card_payment_not_recognised,3518,development
a0f22878872f781e444c,2703,transfer_not_received_by_recipient,2655,development
a103510181bb3c69fe3b,9255,activate_my_card,9077,development
a12a04dc3f6de4756fb2,4381,disposable_card_limits,4303,development
a12e59b2435bdba6a40d,1119,automatic_top_up,1104,development
a135ed7cd5bdb2276ae4,7636,transfer_into_account,7491,development
a13e8ee59d952a067fe5,6407,transaction_charged_twice,6288,development
a141d6aa97b9d394346c,3016,getting_virtual_card,2964,development
a1592a1364d1e053cae9,2738,transfer_not_received_by_recipient,2690,development
a15ccce70572aea8a043,255,card_linking,253,development
a1622a1bbb5535e7e816,2144,cancel_transfer,2047,development
a1628eee56e561b65c26,213,card_linking,211,development
a17188e99839d51ed788,1701,pin_blocked,1674,development
a17299689b815f8fcbf6,3111,card_acceptance,3057,development
a1803afb656b0faef2aa,5147,pending_card_payment,5053,development
a18651fefb9a38d3c308,8707,balance_not_updated_after_bank_transfer,8533,development
a19596965efb9070aeab,2904,supported_cards_and_currencies,2853,development
a1a5f79b19e4c804970f,9565,card_about_to_expire,9382,development
a1b30759aa034ec80202,3154,card_acceptance,3099,development
a1b3a4007f201c5746d4,5134,pending_card_payment,5041,development
a1ba862ae8b457bfb518,3963,unable_to_verify_identity,3897,development
a1c4bfea98e598995747,7572,transfer_into_account,7427,development
a1c9cd8cdb8a3670fb33,3565,card_payment_not_recognised,3503,development
a1cb584dbc6549095e85,3268,top_up_reverted,3209,development
a1cf319c0ddcec813e85,4353,disposable_card_limits,4276,development
a1daa0d5fbd4dbaa53ee,3718,edit_personal_details,3655,development
a1ea37b47d1e2013e9f7,3146,card_acceptance,3091,development
a1ec5d24409926930cd8,363,exchange_rate,360,development
a1f7bc58862e75076eb3,9424,cash_withdrawal_charge,9242,development
a20d74687460c4bf7ff0,4698,direct_debit_payment_not_recognised,4614,development
a2129f20d5497c2b4f92,9405,cash_withdrawal_charge,9224,development
a2141777eef9c5064b25,5803,Refund_not_showing_up,5699,development
a218e6beacb0b0005ab7,4239,topping_up_by_card,4162,development
a2200843c5a173016b81,5494,request_refund,5394,development
a220dacff546ba68bea3,8980,exchange_charge,8806,development
a2241c0cd5ce43e88c7b,4437,disposable_card_limits,4357,development
a22a4b88910672f58490,5244,pending_card_payment,5147,development
a239ee6a30d5c3aabd3e,3342,balance_not_updated_after_cheque_or_cash_deposit,3282,development
a25518087da49f420212,5093,pending_card_payment,5000,development
a2576e0688ed5a972526,2158,cancel_transfer,2120,development
a25e7de129a6e1b1824e,6603,transfer_timing,6473,development
a2646bb12d8e7e9736fa,8363,wrong_exchange_rate_for_cash_withdrawal,8198,development
a27b9f8e050af2dd7aad,1374,exchange_via_app,1355,development
a28d5e567d08ae8f85f5,6149,terminate_account,6033,development
a290b9e039aec2781a71,2274,top_up_limits,2234,development
a2957086c07876e1e4a3,7026,beneficiary_not_allowed,6886,development
a297f931c1504cb3d6de,4223,visa_or_mastercard,4147,development
a2a51248231ca199fa10,2350,wrong_amount_of_cash_received,2305,development
a2a7928c0bf5f40aabf3,713,extra_charge_on_statement,704,development
a2b8a684062105815967,1227,automatic_top_up,1210,development
a2bf1e0a8b53df676f93,5997,pending_transfer,5889,development
a2c7358ca456201f8c4b,8777,balance_not_updated_after_bank_transfer,8603,development
a2c9a0191fbf9f2b82df,6269,card_swallowed,6151,development
a2ccbcfa8d520f5c2fda,2754,transfer_not_received_by_recipient,2705,development
a2ce6392ee151c743001,4570,atm_support,4488,development
a2d224caf1bafb3ef063,4352,disposable_card_limits,4275,development
a2d8150799137b244854,5028,declined_cash_withdrawal,4937,development
a2dbf6e927b7b97c54d0,6242,terminate_account,6124,development
a2e4602bf6e5cd09e1bb,1099,card_delivery_estimate,1084,development
a2e7926acae272a8a8cd,4428,disposable_card_limits,4349,development
a2e7ebee2488d68cb5ee,4397,disposable_card_limits,4319,development
a2e9a90c6a5386315aff,6751,reverted_card_payment?,6616,development
a2f1648ce983fffdc267,5432,request_refund,5333,development
a2f2da06ed524a334fa6,5056,declined_cash_withdrawal,4965,development
a2f5276b4ecb634e8822,4287,topping_up_by_card,4210,development
a2f5ac9f30e058455f24,1936,pending_top_up,1907,development
a2f6c756216b092cf4eb,5947,declined_card_payment,5840,development
a3035e492b34f004be82,2384,wrong_amount_of_cash_received,2339,development
a30610ebf0e9fee0f06f,4099,get_physical_card,4031,development
a326f1ef7670e521ec9e,6162,terminate_account,6046,development
a327d6995da06cd06de4,38,card_arrival,38,development
a32fdd5a6d15d07555e6,1442,exchange_via_app,1422,development
a33dc171ad01bd25880d,7047,beneficiary_not_allowed,6907,development
a3563bba21e0da420456,6253,card_swallowed,6135,development
a37787a190bde4070277,7449,failed_transfer,7305,development
a3780f42a0e33eb24ce3,116,card_arrival,26,development
a378468d2f3d5af581b3,4865,passcode_forgotten,4778,development
a3787c2719303c613a6e,8073,order_physical_card,7915,development
a37d69022a929f1c46ab,989,fiat_currency_support,977,development
a381537251e1cc8633ba,6554,verify_source_of_funds,6426,development
a38264a4eb58150a429b,2758,transfer_not_received_by_recipient,2709,development
a386c42a9b32398eb8bf,4374,disposable_card_limits,4296,development
a38fbd39d1d2d20ce576,3158,top_up_reverted,3103,development
a39bfa590e454cb657fd,1795,contactless_not_working,1767,development
a39e24af8ce727f4455e,2325,top_up_limits,2280,development
a3a27d101294e3f87c8b,9684,apple_pay_or_google_pay,9501,development
a3a629fbb4adb332bb71,3983,unable_to_verify_identity,3916,development
a3ab5d5f71afbffec84b,1947,pending_top_up,1918,development
a3ad12c1ffce3e17b42b,7185,transfer_fee_charged,7044,development
a3b62c12aa98255a541a,2454,wrong_amount_of_cash_received,2409,development
a3ce482766efd9b96900,1080,card_delivery_estimate,1065,development
a3d3192b389f77c7d0d8,6385,transaction_charged_twice,6266,development
a3d5dee815a87956fe5f,6440,transaction_charged_twice,6318,development
a3e8ee73d98af148a7c5,6372,transaction_charged_twice,6253,development
a3ef309e0f6c1149fa93,2337,wrong_amount_of_cash_received,2292,development
a3f0a28106b2755a826d,9093,top_up_by_card_charge,8918,development
a3f33f83dda7d529b137,656,extra_charge_on_statement,648,development
a4026646d9d1318b1f62,2303,top_up_limits,2238,development
a404bd5f55add6d6dd8b,980,fiat_currency_support,968,development
a409390a18179108fa85,7508,failed_transfer,7364,development
a40effa5ca88c51f3b51,3289,top_up_reverted,3229,development
a411d7fd5e79770f2294,3897,unable_to_verify_identity,3831,development
a416af585363fd7b0de6,4684,direct_debit_payment_not_recognised,4600,development
a424b23857192c2cb8f7,7534,failed_transfer,7390,development
a4263c1f2c280616f538,9860,verify_my_identity,9672,development
a430e8acf43091bd820a,7622,transfer_into_account,7477,development
a434d24b591f7170a5e9,8976,exchange_charge,8802,development
a43799722a306af7937e,8701,balance_not_updated_after_bank_transfer,8527,development
a43d9a1d45c742e4324d,8614,balance_not_updated_after_bank_transfer,8441,development
a44a54ab2ae9862a4bcd,3918,unable_to_verify_identity,3852,development
a44df06d186a10f8247e,7665,transfer_into_account,7520,development
a44e1a4f35cc78ced5b9,4519,compromised_card,4437,development
a45476a7a80d94209172,6150,terminate_account,6034,development
a458bd30a3f085facae7,421,card_payment_wrong_exchange_rate,416,development
a45e783aeae2a32e800e,4682,direct_debit_payment_not_recognised,4598,development
a46735e56f7cf14d9073,4746,direct_debit_payment_not_recognised,4661,development
a47a4f802113211d2ea3,2869,supported_cards_and_currencies,2818,development
a4851b10bd6c02066a7b,9489,cash_withdrawal_charge,9307,development
a48a37f9517663802e1a,6240,terminate_account,6122,development
a48a49a3c1063f002319,2658,card_payment_fee_charged,2610,development
a48b6ffdac3b20b4a621,4473,compromised_card,4391,development
a48ed0ead17f877f3ac2,475,card_payment_wrong_exchange_rate,470,development
a48f41878540f7bcfa54,3915,unable_to_verify_identity,3849,development
a494989b3aaae7791ea3,3784,why_verify_identity,3718,development
a497bb618e38c73ad806,4007,get_physical_card,3940,development
a499095e71ae3d2c46cc,9968,country_support,9698,development
a49ebe338cd59e260dec,9385,cash_withdrawal_charge,9204,development
a4a5bf51840b5db48994,9070,top_up_by_card_charge,8895,development
a4a9efbcf818c3693726,1923,top_up_by_bank_transfer_charge,1894,development
a4b42fe83f789a25fd79,5390,request_refund,5292,development
a4b604c9c305bf329ba8,2932,supported_cards_and_currencies,2881,development
a4bfb6f933413c197c7f,8858,cash_withdrawal_not_recognised,8684,development
a4c293fc4d244516ef2a,8277,wrong_exchange_rate_for_cash_withdrawal,8114,development
a4de2b950be68819eda8,1944,pending_top_up,1915,development
a4e0e4e32c4227e75bae,2503,wrong_amount_of_cash_received,2458,development
a4e73da60b0b33ab4370,6287,card_swallowed,6169,development
a4ecb4f6dd51cbabd1c0,877,pending_cash_withdrawal,865,development
a4fa4a7c396768fab8ab,9284,activate_my_card,9105,development
a506030fcb7b0c3cd7f7,6964,change_pin,6826,development
a513840a79f514654bbc,1760,pin_blocked,1732,development
a51c04026ff3de9ad45f,2921,supported_cards_and_currencies,2870,development
a5221f6d9b66485f34bc,8611,top_up_failed,8438,development
a523352705c911001030,1305,card_not_working,1286,development
a5398e80f5ade3861322,4215,visa_or_mastercard,4038,development
a54ebf2a2cd7d1f534e4,3075,getting_virtual_card,3023,development
a552d184c6de01975232,8477,top_up_failed,8307,development
a5531fa828a8e03781e8,8056,order_physical_card,7898,development
a555b21af2175d30e48f,7611,transfer_into_account,7466,development
a560141f066e0d65b177,9350,cash_withdrawal_charge,9169,development
a5757cc11c18b815c84f,4113,visa_or_mastercard,4044,development
a5794dedf2079f6c82d8,70,card_arrival,70,development
a57b24d0c4e537e16e27,1420,exchange_via_app,1401,development
a585ff8d9a6752165569,9731,apple_pay_or_google_pay,9545,development
a58a339b691f019b6b2b,1656,age_limit,1629,development
a5982cd76ae22883205c,761,pending_cash_withdrawal,751,development
a59bac2d3f6e1033ef3a,4229,visa_or_mastercard,4152,development
a5a1c8189e42abb0160d,3242,top_up_reverted,3183,development
a5a3764ebdef70d03641,6166,terminate_account,6050,development
a5ac9c24d809dea265f5,666,extra_charge_on_statement,658,development
a5b8b05d85f966505c84,3476,balance_not_updated_after_cheque_or_cash_deposit,3414,development
a5bcec10dfc6281d0a9f,7913,getting_spare_card,7757,development
a5c6bd75c0d0f0181ac2,9827,verify_my_identity,9640,development
a5cc513138a6eb89947a,3926,unable_to_verify_identity,3860,development
a5cfef9416e27148b9c7,6062,pending_transfer,5951,development
a5df643193d11193b2e1,4444,disposable_card_limits,4364,development
a5fcca03ed4245257d63,8949,exchange_charge,8775,development
a60501a457d36c932240,8060,order_physical_card,7902,development
a607edaf911fa6c722b6,7702,verify_top_up,7557,development
a60e990dadff3d05f667,8532,top_up_failed,8360,development
a6114aaf024edc6e37d2,7052,beneficiary_not_allowed,6912,development
a614b5b2c2f50080d5fa,962,fiat_currency_support,950,development
a617cf76862d99f61138,8958,exchange_charge,8784,development
a6189ec01acf6ef525e3,8508,top_up_failed,8337,development
a6436b7334caf57c2919,1231,automatic_top_up,1213,development
a6444a5e638e0ec22d60,5205,pending_card_payment,5110,development
a64e2d9d908ace9e40da,6046,pending_transfer,5938,development
a656a7b18af26e40bb3e,1503,lost_or_stolen_card,1483,development
a657c9c38eeb724a67c8,1983,pending_top_up,1954,development
a6599aa87e2e4c45c860,4313,topping_up_by_card,4236,development
a66479d447ae2c5dff37,8362,wrong_exchange_rate_for_cash_withdrawal,8197,development
a673c8280f81679b07ab,5526,request_refund,5426,development
a676549e68ba3a4860da,8716,balance_not_updated_after_bank_transfer,8542,development
a6769fd597ff53f6beab,2546,card_payment_fee_charged,2501,development
a68449695bd4fc6de850,4794,direct_debit_payment_not_recognised,4708,development
a68d9437bf63a66126d5,3821,why_verify_identity,3755,development
a699d4d8a35cc5583289,567,card_payment_wrong_exchange_rate,561,development
a699f6fbb33eb06ca680,3152,card_acceptance,3097,development
a6a234ad5e01791275ac,1353,card_not_working,1334,development
a6af240e01c9d1fb2bef,7595,transfer_into_account,7450,development
a6bd11e4fe7c47e258c9,5937,declined_card_payment,5830,development
a6c0c34f015c6487d62e,2670,card_payment_fee_charged,2622,development
a6c2ab5197e702776ff1,5007,declined_cash_withdrawal,4917,development
a6ca0956d4dd94ebb94f,5994,pending_transfer,5886,development
a6cbd873f2dd3d6ab3cd,8376,get_disposable_virtual_card,8211,development
a6cc9e01e35430141971,7476,failed_transfer,7332,development
a6d0efa093988bfd71fc,254,card_linking,252,development
a6dd9f71603f69be0efe,9492,cash_withdrawal_charge,9310,development
a6ee36982253c5280ca0,5870,declined_card_payment,5765,development
a6f0bb0d527ca78ceb29,2920,supported_cards_and_currencies,2869,development
a6f2f1883743d7ce9269,2576,card_payment_fee_charged,2530,development
a6fb3bb9eab88ec33200,9543,card_about_to_expire,9361,development
a7046a425615ba5709b6,172,card_linking,171,development
a7058e41faae95e4988c,5325,lost_or_stolen_phone,5227,development
a70b75ed3caffad1b755,6049,pending_transfer,5940,development
a711627398b54c6afca8,4140,visa_or_mastercard,4071,development
a719d1780cf185797cd1,4472,compromised_card,4390,development
a719f9a4e147d95f04b4,8793,cash_withdrawal_not_recognised,8619,development
a71bd7a8f12685b4d285,9499,cash_withdrawal_charge,9317,development
a722caaa0b955febec1e,4171,visa_or_mastercard,4101,development
a72bdbb724641a988c99,7528,failed_transfer,7384,development
a73b3106c5330c2f04aa,9419,cash_withdrawal_charge,9237,development
a73be50b6d512dfa828d,1033,card_delivery_estimate,1021,development
a74329e4a41207e376a1,9549,card_about_to_expire,9367,development
a746b9dfc10fbae5c102,8140,order_physical_card,7979,development
a7495601891fa0e36a19,8413,get_disposable_virtual_card,8247,development
a74f38a95fce37b16fd3,4584,atm_support,4501,development
a74fa238114a044bea7d,483,card_payment_wrong_exchange_rate,478,development
a7593c4f51927c30e619,8602,top_up_failed,8429,development
a75982413ba1144ca113,968,fiat_currency_support,956,development
a769bc1f656ec3c58897,7630,transfer_into_account,7485,development
a76ab637760e9cec325e,957,fiat_currency_support,945,development
a7702c0b2140fdc90bd0,3091,getting_virtual_card,3037,development
a77b6dc475107bfa59cb,2924,supported_cards_and_currencies,2873,development
a783d6dacf2e2e95871a,1973,pending_top_up,1944,development
a784975479efa82a7bc5,6810,reverted_card_payment?,6675,development
a793eb3ee68ce8de8f9e,75,card_arrival,75,development
a79676a333ca6946a748,7834,getting_spare_card,7678,development
a7994750f7e49082e622,2870,supported_cards_and_currencies,2819,development
a7a73bdfcf1ad1ff4b69,8379,get_disposable_virtual_card,8214,development
a7c8ca440d2a4034bdcf,7933,top_up_by_cash_or_cheque,7777,development
a7c98c2555f4eba053af,8394,get_disposable_virtual_card,8228,development
a7cf3dab622d76085466,20,card_arrival,20,development
a7d1ad33ac76d2a6d17f,3689,edit_personal_details,3627,development
a7df9a042eed6f539af4,2396,wrong_amount_of_cash_received,2351,development
a7e5f44f4ad026f33dc9,4806,direct_debit_payment_not_recognised,4719,development
a7ef151eb956be023dc9,1738,pin_blocked,1710,development
a7fee73406a88e196cf6,2797,transfer_not_received_by_recipient,2746,development
a8031a4c594d5e742e5d,1175,automatic_top_up,1159,development
a8061c9013da11666e9b,7182,transfer_fee_charged,7041,development
a8086eb2aca0baa23371,2708,transfer_not_received_by_recipient,2660,development
a80d4009efcce81d328a,5615,declined_transfer,5514,development
a80d78b6935951062051,4541,compromised_card,4459,development
a80f53b7307ed7551c70,5525,request_refund,5425,development
a8165a9abbc2d2f5dab8,8152,order_physical_card,7991,development
a8245ead5d456e989ac3,3912,unable_to_verify_identity,3846,development
a826be1b691acd2d9f4a,4415,disposable_card_limits,4337,development
a8355fe20858dd268e67,6646,transfer_timing,6516,development
a8376110c3d658f43dd3,3747,edit_personal_details,3682,development
a83ad903d8e944fd1ad4,7596,transfer_into_account,7451,development
a8465d5d639cc3ccc377,7,card_arrival,7,development
a8708f79d315bf2ac953,3507,card_payment_not_recognised,3445,development
a87b86b22a429bd8dd41,4411,disposable_card_limits,4333,development
a87fb30d90375a59960d,9691,apple_pay_or_google_pay,9507,development
a881698bfdfac265b951,4351,disposable_card_limits,4274,development
a88b0f7402e7f509d7e9,4017,get_physical_card,3950,development
a896242e2b4105330489,4027,get_physical_card,3960,development
a8ad763080c5add5f04e,9213,activate_my_card,9036,development
a8b2b62f903cc53b3dbf,5182,pending_card_payment,5087,development
a8b3034a0d1136acfd7e,7966,top_up_by_cash_or_cheque,7810,development
a8b6a40647486603acca,1451,exchange_via_app,1431,development
a8d898f73ca1334f4132,6058,pending_transfer,5923,development
a8db02139791e1a84f14,9612,card_about_to_expire,9429,development
a8edb91df4e6c745717f,970,fiat_currency_support,958,development
a8f3851a8ac6b0a276c9,8764,balance_not_updated_after_bank_transfer,8590,development
a8f7fdeb7564c9409be7,1149,automatic_top_up,1134,development
a901d235d70c10eb6446,484,card_payment_wrong_exchange_rate,479,development
a906523e26e9a7d5da71,5016,declined_cash_withdrawal,4926,development
a90dd72b8142abb98aff,802,pending_cash_withdrawal,792,development
a910a675397b8f794ece,3687,edit_personal_details,3625,development
a91774fde93727178aac,3421,balance_not_updated_after_cheque_or_cash_deposit,3360,development
a92060237e56a13f8c2f,9765,apple_pay_or_google_pay,9578,development
a927e765686ebcb70c78,1165,automatic_top_up,1149,development
a9286b0de88c4a552777,4892,passcode_forgotten,4804,development
a92c9a4130e809996992,8648,balance_not_updated_after_bank_transfer,8475,development
a93a8e0864982d8fba48,7454,failed_transfer,7310,development
a93a90fe3e34e2dcd6b5,1026,card_delivery_estimate,1014,development
a9463f50e974d8b7c0f9,9046,exchange_charge,8803,development
a94dd9c3505be7428c30,1207,automatic_top_up,1191,development
a96d15d1b5834733dfa3,5161,pending_card_payment,5067,development
a985862ca8b80dc2d244,9082,top_up_by_card_charge,8907,development
a98e9296fd38c25d5bb6,4106,visa_or_mastercard,4038,development
a9900e56d07f3f79cd09,1686,pin_blocked,1659,development
a99fcaef18ff19868462,6281,card_swallowed,6163,development
a9bb33fab824c95679e5,6356,transaction_charged_twice,6238,development
a9c990bbcc5b94f018a2,1176,automatic_top_up,1160,development
a9de0a83e14495e12a99,4162,visa_or_mastercard,4093,development
a9dfdb9d62ba4d171592,5123,pending_card_payment,5030,development
a9e432a3caffa46934d5,672,extra_charge_on_statement,664,development
a9e4c2c752ed1609831a,1311,card_not_working,1292,development
a9e6a8fc469b515340dc,3756,edit_personal_details,3690,development
a9e6ebca3bb3eff9d3f0,841,pending_cash_withdrawal,829,development
a9eec20a2a440f40614b,67,card_arrival,67,development
a9f01c2c44b639936a42,7546,failed_transfer,7402,development
a9f6509e78732b2ac5bc,3585,card_payment_not_recognised,3523,development
aa0937d3842574fbd1d3,5453,request_refund,5354,development
aa13b7d1ed12771d6e95,5508,request_refund,5408,development
aa17e55ae4f2688c7ba8,6207,terminate_account,6091,development
aa19cbbede903e0352d5,3512,card_payment_not_recognised,3450,development
aa444c76d64faa9e9a84,2641,card_payment_fee_charged,2594,development
aa49224126478775b713,5297,lost_or_stolen_phone,5199,development
aa4cc1e036c137af02e6,3174,top_up_reverted,3117,development
aa55a13f5bdfc313763c,7313,transfer_fee_charged,7171,development
aa59d48db17acb77f94f,5054,declined_cash_withdrawal,4963,development
aa5c400980331fb6f0c2,3390,balance_not_updated_after_cheque_or_cash_deposit,3329,development
aa70f503894c5de2db6e,7529,failed_transfer,7385,development
aa85c83f9eb186df6eb3,9187,activate_my_card,9011,development
aa87fc0c73fcb2470bc1,5862,declined_card_payment,5757,development
aa88da376bcd8a5690cc,327,exchange_rate,325,development
aa8d1a7429bf1477e18b,6389,transaction_charged_twice,6270,development
aa90a755e6dc16f4133a,2244,top_up_limits,2205,development
aa9656adf8d32b0416ba,8416,get_disposable_virtual_card,8250,development
aa9915d61f82552f4739,2471,wrong_amount_of_cash_received,2426,development
aa9d1e306458546e143b,3553,card_payment_not_recognised,3491,development
aa9d2b0728ef88f812bd,5257,lost_or_stolen_phone,5160,development
aaa79823887ea0f3368f,1005,fiat_currency_support,993,development
aaa7dc2f8b472dea6407,6226,terminate_account,6109,development
aabfc1ac522ea68636d1,8651,balance_not_updated_after_bank_transfer,8478,development
aac734b5f09dceb9289b,4361,disposable_card_limits,4283,development
aac96236267e96d8ec9b,3693,edit_personal_details,3630,development
aad0dce22b9fc06f70e3,1600,age_limit,1574,development
aadaadbd7c2a8ec89239,8649,balance_not_updated_after_bank_transfer,8476,development
aae732120eb8716a49dd,2022,pending_top_up,1953,development
aaec04f4321a1ac16723,3144,card_acceptance,3089,development
aaf02a74d27e6041c809,1321,card_not_working,1302,development
aaf9cacb670b4a0ce00b,9139,top_up_by_card_charge,8963,development
ab04d425fd04e01939e2,3824,why_verify_identity,3758,development
ab08f76854a3dea1a045,6709,transfer_timing,6576,development
ab09105bca20b5f267b8,1889,top_up_by_bank_transfer_charge,1861,development
ab0bdec5bb10de92547c,3625,card_payment_not_recognised,3563,development
ab21b3dc0d7c5fad6261,5223,pending_card_payment,5127,development
ab2f166b3511b9de2aa7,5087,declined_cash_withdrawal,4994,development
ab2f2e1fcedbc81c6ea0,9106,top_up_by_card_charge,8931,development
ab305b142b122bbacd97,852,pending_cash_withdrawal,840,development
ab352cabca85f3f7e13f,9852,verify_my_identity,9665,development
ab3c88d08f41511c6a77,5026,declined_cash_withdrawal,4935,development
ab4009d8e6382e5d6c4d,1782,contactless_not_working,1754,development
ab41d946605d45152d83,5180,pending_card_payment,5085,development
ab477af2ee6a24a18b0b,7620,transfer_into_account,7475,development
ab5187931dd287635737,2072,pending_top_up,2036,development
ab5482545665fb7b0adc,4176,visa_or_mastercard,4084,development
ab55614236df25462e37,3723,edit_personal_details,3660,development
ab6264d1a3cec2032113,4853,passcode_forgotten,4766,development
ab63a8f9e3ceca12abf2,792,pending_cash_withdrawal,782,development
ab65812404fc522cb7dc,1188,automatic_top_up,1172,development
ab66ce5000d27ce4f6e6,7205,transfer_fee_charged,7064,development
ab797f9baea6c1bfb885,8662,balance_not_updated_after_bank_transfer,8489,development
ab80953ff9b852462e61,5514,request_refund,5414,development
ab819b897d8e2d4423c5,7705,verify_top_up,7560,development
ab85659df056fadc62c1,7873,getting_spare_card,7717,development
ab89debed61ff0249a59,9887,country_support,9697,development
ab8c38afef2f0b3893fb,1158,automatic_top_up,1143,development
ab92bd11df5c1abfc92d,865,pending_cash_withdrawal,853,development
ab957c61d2bcd46b58f0,3081,getting_virtual_card,3028,development
ab9d00c138c1c19d7bbc,9547,card_about_to_expire,9365,development
ab9d888322e2cd4b8bf4,3147,card_acceptance,3092,development
ab9f36db471fdd2c0cb0,7666,transfer_into_account,7521,development
aba3519bdf12c5cd3947,7973,top_up_by_cash_or_cheque,7816,development
abaf1ebbbab3b246e848,2805,transfer_not_received_by_recipient,2754,development
abca936e381e9c60b02b,9592,card_about_to_expire,9409,development
abcaa3e0dfe1fd0429a1,3077,getting_virtual_card,3025,development
abccd0a84162979b70f6,32,card_arrival,32,development
abcd6bcc5eea496e32fc,3394,balance_not_updated_after_cheque_or_cash_deposit,3333,development
abe02d799a30bf68c212,9986,country_support,9795,development
abe1e15a6492146a009d,2637,card_payment_fee_charged,2590,development
abf0a8f5eb62241375c5,7465,failed_transfer,7321,development
abf2082dc136990179e3,5137,pending_card_payment,5044,development
abf4a91537a8a4c483fc,2872,supported_cards_and_currencies,2821,development
abfaada377c40afd1823,5202,pending_card_payment,5107,development
abfbec85d435ae19a1ae,2293,top_up_limits,2250,development
ac01479a334ac8fe96db,8524,top_up_failed,8341,development
ac048a68f8952e75d562,2538,card_payment_fee_charged,2493,development
ac0c10e9b5e051019b71,9190,activate_my_card,9014,development
ac0ea0b249110a016f38,3057,getting_virtual_card,3005,development
ac12f2ba05e685b42e81,3974,unable_to_verify_identity,3907,development
ac1e90d5f871b59b8770,4836,passcode_forgotten,4749,development
ac229e09a4244b1c0712,5433,request_refund,5334,development
ac26c6b156bf63f62f5f,3009,getting_virtual_card,2957,development
ac2a897ae5e593e7c31a,1210,automatic_top_up,1194,development
ac2de11c1450168ef618,8511,top_up_failed,8340,development
ac2e12cdd0f810fa901f,7887,getting_spare_card,7731,development
ac2e3f64035798cd27b3,186,card_linking,185,development
ac39cb4cf9264b6cb462,2633,card_payment_fee_charged,2586,development
ac40b222f8141abba759,3534,card_payment_not_recognised,3472,development
ac41072a99f0b8b20fe5,1665,age_limit,1638,development
ac47b75899814056ebda,1476,lost_or_stolen_card,1456,development
ac483b0c8ebf643200d7,2269,top_up_limits,2229,development
ac4a95111e89a4dae4e1,9667,apple_pay_or_google_pay,9484,development
ac4ecf047b82436d4cdb,99,card_arrival,99,development
ac51289d14c186e900dc,9243,activate_my_card,9066,development
ac55820b759b201be13b,1796,contactless_not_working,1768,development
ac678acac1956c169f80,4732,direct_debit_payment_not_recognised,4647,development
ac798044470e077ed39b,9857,verify_my_identity,9669,development
ac8d4e5f631a6c0ad7ad,3105,card_acceptance,3051,development
ac90a894026c78268fa8,208,card_linking,206,development
ac91523631c10eec9577,6035,pending_transfer,5927,development
acb681fca2433621c10a,5716,Refund_not_showing_up,5613,development
acc98077e582de5e79a9,4429,disposable_card_limits,4350,development
acd9598199000d859f5b,5264,lost_or_stolen_phone,5167,development
acde9bd9ac387394b1b4,3499,card_payment_not_recognised,3437,development
ace70d5bbbb7d7553e37,3121,card_acceptance,3067,development
aceea9b41da0d80748b6,8047,order_physical_card,7889,development
acf5fe9c67b8e2ef8dd7,8020,top_up_by_cash_or_cheque,7863,development
acf6290320ffb0005582,3700,edit_personal_details,3637,development
acfd1d39d25b4f9988b0,120,card_arrival,119,development
ad060c9436c375a4f817,3198,top_up_reverted,3140,development
ad0f4b1b0c7518504ab7,3328,balance_not_updated_after_cheque_or_cash_deposit,3268,development
ad1010ece7d627b51c2b,5472,request_refund,5372,development
ad266e4e3e4ece3db681,1538,lost_or_stolen_card,1516,development
ad2d062275f743000676,6682,transfer_timing,6551,development
ad321f6682c0a15b4e88,2260,top_up_limits,2220,development
ad492e4063c91e48586e,5081,declined_cash_withdrawal,4988,development
ad5be2dc410e73cfd1cc,5169,pending_card_payment,5074,development
ad602452ed6c76ef6903,7638,transfer_into_account,7493,development
ad62c086f2b36ade0966,3169,top_up_reverted,3113,development
ad6764b4b0725fe6cfe8,6850,reverted_card_payment?,6714,development
ad68b6c643e4ebf06bd8,3395,balance_not_updated_after_cheque_or_cash_deposit,3334,development
ad6a84dbd5c93f874692,8392,get_disposable_virtual_card,8227,development
ad6b87d88737d5f3a615,3188,top_up_reverted,3131,development
ad6f351a4540d3e80fd4,294,exchange_rate,292,development
ad6f79379efd822d9cd6,1051,card_delivery_estimate,1038,development
ad7244857fed53d65dea,1075,card_delivery_estimate,1060,development
ad7ce254a5eaf22e7338,922,fiat_currency_support,910,development
ad82f0a6dd89e4d1d8e1,1134,automatic_top_up,1119,development
ad8cec3e2c99faac9f56,1907,top_up_by_bank_transfer_charge,1878,development
ad9482130aaf0dff71ac,4799,direct_debit_payment_not_recognised,4561,development
ad9c0485b2c5854b6146,5473,request_refund,5373,development
ad9f297bd064a1100d13,6732,reverted_card_payment?,6598,development
ada98bc761eb5ba1b4bd,53,card_arrival,53,development
adb0733bcd4d9d53cd38,1408,exchange_via_app,1389,development
adc7d23e721be90f2d5c,2165,cancel_transfer,2127,development
addabe597b844fbd042d,7007,beneficiary_not_allowed,6868,development
adea48ff88a5ef5a26f7,9363,cash_withdrawal_charge,9182,development
adfcc102a65d70479948,381,exchange_rate,376,development
ae0914697e7bd61f9dca,4774,direct_debit_payment_not_recognised,4688,development
ae09dc60889e57d1e5e5,8539,top_up_failed,8366,development
ae0c1de68b4b7517f990,9620,card_about_to_expire,9437,development
ae1348699f4fa35418ef,8466,get_disposable_virtual_card,8299,development
ae2367b4b0bc098e8ca7,1913,top_up_by_bank_transfer_charge,1884,development
ae23a74ab532d7aa707e,3480,balance_not_updated_after_cheque_or_cash_deposit,3418,development
ae283641eabe52876aef,7499,failed_transfer,7355,development
ae2d9e55dd6869975fbc,2672,card_payment_fee_charged,2624,development
ae32ed88a5515c042f4e,1660,age_limit,1633,development
ae37ff5d413dcbe425ab,3422,balance_not_updated_after_cheque_or_cash_deposit,3361,development
ae384941ea5fdef3ba67,8674,balance_not_updated_after_bank_transfer,8500,development
ae39aacccfcc9af634e8,3514,card_payment_not_recognised,3452,development
ae419a7f98f333b5004c,8955,exchange_charge,8781,development
ae47f7dc4f937a34e60a,1070,card_delivery_estimate,1025,development
ae599e00865fbad10508,4508,compromised_card,4426,development
ae6237acad42b559f767,5693,Refund_not_showing_up,5590,development
ae6d79d56c69fbb791c3,9134,top_up_by_card_charge,8959,development
ae85335ad706cb92daba,7732,verify_top_up,7586,development
ae85751a72d395839874,8995,exchange_charge,8821,development
aea3b6ba77665399fe64,8686,balance_not_updated_after_bank_transfer,8512,development
aeabad9887fe4edf0f0b,1674,pin_blocked,1647,development
aeabb40db0854aa476fa,2443,wrong_amount_of_cash_received,2398,development
aeb1892ddb5c43b2eaaa,4133,visa_or_mastercard,4064,development
aebf4f43c4ce5e118d0f,3240,top_up_reverted,3181,development
aebfda4d1338c36bfb0f,8810,cash_withdrawal_not_recognised,8636,development
aec5e38987375ceed64c,5163,pending_card_payment,5069,development
aec604228e7f42bb5e34,2542,card_payment_fee_charged,2497,development
aeccdef4c89c1ef6fa2d,7244,transfer_fee_charged,7103,development
aecfb2d70f5e60226332,4805,direct_debit_payment_not_recognised,4718,development
aed52fcf040b1944a813,806,pending_cash_withdrawal,796,development
aee0abfdb8b3d443a819,6935,change_pin,6797,development
aeec47c24d2c60d46c8a,9476,cash_withdrawal_charge,9294,development
aeedc37659ec88738b53,4782,direct_debit_payment_not_recognised,4696,development
aef455e1c1801d0539e7,6136,pending_transfer,6020,development
af032ad042325e74675f,8104,order_physical_card,7946,development
af0c4d0fdaa37e3b13e0,8925,cash_withdrawal_not_recognised,8751,development
af0d348dac723e558447,6716,transfer_timing,6583,development
af19f73c1e429577e423,3520,card_payment_not_recognised,3458,development
af1a4447575037248377,9165,top_up_by_card_charge,8989,development
af25f26747ad68e48687,8831,cash_withdrawal_not_recognised,8657,development
af2e56a86413b08999a5,5166,pending_card_payment,5072,development
af30b5dc1b792fe88db3,1106,card_delivery_estimate,1091,development
af35f19464dd845f667b,2271,top_up_limits,2231,development
af37079fe4b29456a721,9367,cash_withdrawal_charge,9186,development
af40edd772721ea3e6b8,2929,supported_cards_and_currencies,2878,development
af46434a330e25cb0b1e,4622,atm_support,4538,development
af50564394370fb54ed1,8888,cash_withdrawal_not_recognised,8714,development
af537f07e1034821f8c1,5527,request_refund,5427,development
af571c67f46d7c9c6ca4,3809,why_verify_identity,3743,development
af579fdccc407e922d8f,9619,card_about_to_expire,9436,development
af5ac59ad9a4f3d4473b,2844,transfer_not_received_by_recipient,2793,development
af64dd96b39ee7952f4b,3994,get_physical_card,3927,development
af6917ea4707101b534d,5128,pending_card_payment,5035,development
af6c0d62b04dff282fc2,366,exchange_rate,363,development
af6c4d2021e1440aef6d,2770,transfer_not_received_by_recipient,2720,development
af6caa31a387049d0490,6922,change_pin,6784,development
af6d7c101204c7631d55,9203,activate_my_card,9015,development
af6ef3e73935f369fe85,4823,passcode_forgotten,4736,development
af754e9fb10397521386,3452,balance_not_updated_after_cheque_or_cash_deposit,3391,development
af76102e5e0583f274c2,6082,pending_transfer,5969,development
af78464b0fa970c44aaa,9950,country_support,9760,development
af9fcf7d95efb27817e3,9510,cash_withdrawal_charge,9328,development
afa417546540e0339ff4,5281,lost_or_stolen_phone,5183,development
afa56d957b5d7ab028a4,4948,declined_cash_withdrawal,4859,development
afbd85cd8b1f17943514,7695,verify_top_up,7550,development
afc25d0879aaf7b45df0,7639,transfer_into_account,7494,development
afd277b6ff3b8e4fc8d5,3885,why_verify_identity,3819,development
afd8a35a876cb7ed3b7c,5702,Refund_not_showing_up,5599,development
afd9f5c0bd78094f2c6b,9370,cash_withdrawal_charge,9189,development
afdeaa8e04b8dbb029bb,9426,cash_withdrawal_charge,9244,development
afe514dad0fc303b45a9,549,card_payment_wrong_exchange_rate,543,development
aff8aec2d8c9555b20ed,8700,balance_not_updated_after_bank_transfer,8526,development
aff97bbe9c7953fc9198,3739,edit_personal_details,3675,development
b00b51bf5f4fc5c32161,204,card_linking,202,development
b02cb40a3d08dce13823,2831,transfer_not_received_by_recipient,2780,development
b02ebf4f447d7cf9d7f9,7463,failed_transfer,7319,development
b032748c178356ac05ed,9599,card_about_to_expire,9416,development
b0379b3cb0917d75dd05,3281,top_up_reverted,3221,development
b03c6e1a9f2cc3b2b1f7,3070,getting_virtual_card,3018,development
b047c682e7a03e2dc63e,2802,transfer_not_received_by_recipient,2751,development
b05068a50ba9048dba82,9705,apple_pay_or_google_pay,9521,development
b052807e9de2b7e50f0b,3293,top_up_reverted,3233,development
b056250c48fa800bed32,5742,Refund_not_showing_up,5639,development
b065605486bece4a08c3,6898,change_pin,6760,development
b06ce19b003cfbbb878e,3056,getting_virtual_card,3004,development
b07855bdb081b2b7fb22,3735,edit_personal_details,3672,development
b07d66bf25be075c1dfb,7437,failed_transfer,7293,development
b08148fd115e26df551b,8222,wrong_exchange_rate_for_cash_withdrawal,8060,development
b08199b2984f66ebc68a,4860,passcode_forgotten,4773,development
b083aa0bbbb9cd08f191,5940,declined_card_payment,5833,development
b0860618e8d14438f677,1684,pin_blocked,1657,development
b0946d48d3343cf8533d,8696,balance_not_updated_after_bank_transfer,8522,development
b097df1e8b81db05051a,2467,wrong_amount_of_cash_received,2422,development
b09ff8630a98cbb5e6d3,2786,transfer_not_received_by_recipient,2735,development
b0a6187d2a6cf15ac370,7070,beneficiary_not_allowed,6930,development
b0b2ff43d6f44726eecf,1786,contactless_not_working,1758,development
b0c545f48d0961e66431,5332,lost_or_stolen_phone,5234,development
b0cca88c1b228a42cb84,3503,card_payment_not_recognised,3441,development
b0d5297a681f98f13394,5226,pending_card_payment,5130,development
b0de48f31cd798b1973c,590,extra_charge_on_statement,584,development
b0e903b73457d28eabf9,278,card_linking,276,development
b0e96ce9db53d36506d1,9257,activate_my_card,9079,development
b0f83ef9d113475a3145,9864,verify_my_identity,9675,development
b0fae755c7f29bf33ec5,8877,cash_withdrawal_not_recognised,8703,development
b106e9409976547b883e,3508,card_payment_not_recognised,3446,development
b109cb1a91790bde8ab8,497,card_payment_wrong_exchange_rate,492,development
b10c68ef36152887a3c2,5462,request_refund,5361,development
b10d62ce8dcb5bde993f,4626,atm_support,4542,development
b10f8839eea98cd795cd,9744,apple_pay_or_google_pay,9558,development
b11042bed07bc420ced6,6520,verify_source_of_funds,6388,development
b11673b98cee987b95dc,182,card_linking,181,development
b11785821c3a268a6ae8,6285,card_swallowed,6167,development
b118ca61734560dade1d,9961,country_support,9771,development
b12731973aa959cf6267,8324,wrong_exchange_rate_for_cash_withdrawal,8159,development
b12ab6a9078af97aae15,527,card_payment_wrong_exchange_rate,521,development
b13508f804556dfd2ff1,4066,get_physical_card,3999,development
b13c75643e9f6927e7c2,3254,top_up_reverted,3195,development
b15d8398af0d89a690d8,8780,balance_not_updated_after_bank_transfer,8606,development
b15e0c19156b38d5701a,3065,getting_virtual_card,3013,development
b1750e00e19f651cfeea,3360,balance_not_updated_after_cheque_or_cash_deposit,3299,development
b17fbe568879e3da30f8,583,extra_charge_on_statement,577,development
b19c76ad5551cd04a041,1967,pending_top_up,1938,development
b1b6fffe6dc7f8e3d819,9114,top_up_by_card_charge,8939,development
b1c7b34af43ad83ad45c,8492,top_up_failed,8322,development
b1db00ad4a4ae35da570,9832,verify_my_identity,9645,development
b1db1b3a2bea18cb84ae,1744,pin_blocked,1716,development
b1deefdc0dd482f92282,1367,exchange_via_app,1348,development
b1eb2980f863ff201074,7013,beneficiary_not_allowed,6874,development
b1f852bbe8ac130d7d34,3832,why_verify_identity,3766,development
b2029fb5100951eb268c,3927,unable_to_verify_identity,3861,development
b207d6f17075aceefaad,2560,card_payment_fee_charged,2514,development
b20f12225a3c9c571cb5,9266,activate_my_card,9087,development
b217bd19237e84e7512b,9552,card_about_to_expire,9370,development
b21b4f7b8e80605b11e1,7912,getting_spare_card,7756,development
b21c50052bda26743527,8752,balance_not_updated_after_bank_transfer,8578,development
b21d37237ee75c696e9a,1360,exchange_via_app,1341,development
b229b14f0f0c6773c0bf,9903,country_support,9713,development
b22a36cc981120dc1177,1276,card_not_working,1258,development
b232f8f76ee6c2294fc2,5808,Refund_not_showing_up,5703,development
b23ceef0ead3a05fc419,7217,transfer_fee_charged,7076,development
b2486f126482ce05b3e8,8931,cash_withdrawal_not_recognised,8757,development
b24f98d75b83bbcdf63f,5208,pending_card_payment,5113,development
b26dd28250e84584c0ad,8848,cash_withdrawal_not_recognised,8674,development
b271ee241ecd497405e4,1683,pin_blocked,1656,development
b28bd0233ebe66f16a15,262,card_linking,260,development
b28e055697ab620f7bea,3960,unable_to_verify_identity,3894,development
b2922011a1426e3313d0,8695,balance_not_updated_after_bank_transfer,8521,development
b295aa6eb2e6fc4ac526,8617,balance_not_updated_after_bank_transfer,8444,development
b2a05c9a800e210b3e28,7556,failed_transfer,7412,development
b2a3e924168fe3146a88,4739,direct_debit_payment_not_recognised,4654,development
b2a7dbc2483db6c8899e,8815,cash_withdrawal_not_recognised,8641,development
b2a9dddd138abef28873,377,exchange_rate,373,development
b2ad58fe21ea20f663a7,1556,lost_or_stolen_card,1532,development
b2c2eaa9e8b64c02934f,8753,balance_not_updated_after_bank_transfer,8579,development
b2c6a1c2a6b24f078c3f,24,card_arrival,24,development
b2d98dbd7deaec5c2015,1695,pin_blocked,1668,development
b2dc0a0594ec70cf4502,2332,wrong_amount_of_cash_received,2287,development
b2df4043bc50a9bb9d04,4141,visa_or_mastercard,4072,development
b2e65adbc2db37bb6887,1095,card_delivery_estimate,1080,development
b2f48d2b4714d3c887c9,163,card_linking,162,development
b2f91126bb338b687166,702,extra_charge_on_statement,693,development
b30a99317cdbbe8a9ffa,9349,cash_withdrawal_charge,9168,development
b30be4460b319f138d73,4386,disposable_card_limits,4308,development
b311746e35d1790a3969,630,extra_charge_on_statement,622,development
b312ca27f2bfd1b63120,8027,top_up_by_cash_or_cheque,7870,development
b31bc56465ae92c8d2dc,7948,top_up_by_cash_or_cheque,7792,development
b322a3a123e71fb6e09d,3120,card_acceptance,3066,development
b329e829d89a6d70f162,5481,request_refund,5381,development
b32a61ed7eb05b9202c1,8968,exchange_charge,8794,development
b32c5bbd41157eb4659c,4969,declined_cash_withdrawal,4879,development
b3374c52f6fcd0751eab,958,fiat_currency_support,946,development
b33ce8518e6d9870dffe,3276,top_up_reverted,3216,development
b34724fbe002822c90fa,1319,card_not_working,1300,development
b34ef05b95389bef7d7e,9313,activate_my_card,9132,development
b350ddff17181038a7a8,7151,beneficiary_not_allowed,7010,development
b357458a08949ce406ea,8365,wrong_exchange_rate_for_cash_withdrawal,8200,development
b35a921b41c423e22096,8451,get_disposable_virtual_card,8285,development
b35ae5fcc5915f19e32c,5143,pending_card_payment,5050,development
b3641ff7e8cc96c32d43,9320,activate_my_card,9139,development
b364981f18b27648dae2,7462,failed_transfer,7318,development
b3706b6b3fd916aa1341,7688,verify_top_up,7543,development
b37842354e0fc7bf2ef9,6235,terminate_account,6071,development
b37eeb5d6468136142f0,2176,cancel_transfer,2138,development
b38207d7dfd4e0cde376,6276,card_swallowed,6158,development
b38a77ab66668fcf40e7,5216,pending_card_payment,5120,development
b393ee52fc39ddc49fc1,6521,verify_source_of_funds,6396,development
b3a0ad72f3080e74264f,2101,cancel_transfer,2064,development
b3befe28c5cc5e81cced,1864,top_up_by_bank_transfer_charge,1836,development
b3c3b599651f04ce001c,2046,pending_top_up,2011,development
b3e7c2eadfa638ef7ae5,9469,cash_withdrawal_charge,9287,development
b3e838917782bf4445fb,9230,activate_my_card,9053,development
b3eb904e1ee4761de68a,9752,apple_pay_or_google_pay,9565,development
b3ec34087f8f9905638a,8988,exchange_charge,8814,development
b3ed0c2e18fbd3b13a92,6366,transaction_charged_twice,6247,development
b3eeb8372fa6163834c4,6217,terminate_account,6100,development
b3f6db3db1e1f17db117,984,fiat_currency_support,972,development
b3f8fcdf226635620a8c,2923,supported_cards_and_currencies,2872,development
b3fd061be4f3142b6009,2411,wrong_amount_of_cash_received,2366,development
b40314ba7a10d65126de,9420,cash_withdrawal_charge,9238,development
b404cf3476cfdafa5213,7549,failed_transfer,7405,development
b4143cdbfeec0de853ec,7540,failed_transfer,7396,development
b418836d3f5394afee74,480,card_payment_wrong_exchange_rate,475,development
b419b274077a46ee0fd7,8147,order_physical_card,7986,development
b4220d1f5aa85e367119,4542,compromised_card,4460,development
b4253fa0c5daf615339b,220,card_linking,218,development
b42aa64ef22a1f8caa7e,8817,cash_withdrawal_not_recognised,8643,development
b4377c0a041412d672a4,731,extra_charge_on_statement,722,development
b43967236b43d1e0edca,8095,order_physical_card,7937,development
b43b936087f954770f6d,1565,age_limit,1541,development
b445b95365a6ae60ffd4,9241,activate_my_card,9064,development
b44cc24eb6501ec88ed8,2536,card_payment_fee_charged,2491,development
b44eb79aad4a6262bc6c,7148,beneficiary_not_allowed,7007,development
b44f0164908ec63b4d29,4979,declined_cash_withdrawal,4889,development
b4579f9217c9475d69c8,412,card_payment_wrong_exchange_rate,407,development
b4616e29db0f4b831d24,356,exchange_rate,353,development
b4648757df89d754f2ae,6077,pending_transfer,5965,development
b465aeec82d6f53ff0d2,9008,exchange_charge,8834,development
b466b6a77aabf73c0068,3899,unable_to_verify_identity,3833,development
b4827a438c478c3b1a45,3886,why_verify_identity,3820,development
b48a36cec1f2cbb5f71a,8493,top_up_failed,8323,development
b49f39f6623e7e74932c,8418,get_disposable_virtual_card,8252,development
b4a4c769b9c0082b1fb5,5218,pending_card_payment,5122,development
b4a7c5cd12841ef6c85b,6400,transaction_charged_twice,6281,development
b4a818ca460d43119d8e,5268,lost_or_stolen_phone,5171,development
b4b2b1f2ae65c904cf71,2167,cancel_transfer,2129,development
b4b929a33044ddd2e8fd,9450,cash_withdrawal_charge,9268,development
b4ca10f0f430b39d6450,9062,exchange_charge,8887,development
b4cf10fe23ee06f45da1,4193,visa_or_mastercard,4121,development
b4de9507279d2b185ef0,3968,unable_to_verify_identity,3902,development
b4e038fe379ca13762f2,3558,card_payment_not_recognised,3496,development
b4e9b5b8d7634d8710bc,395,exchange_rate,390,development
b4f4722c777ef20898d6,5328,lost_or_stolen_phone,5230,development
b5003787a578c22ef973,1879,top_up_by_bank_transfer_charge,1851,development
b5095b9bf7754d9d6c1a,393,exchange_rate,388,development
b50b7b617251ce9fbe15,177,card_linking,176,development
b524e1ed3a310fd49a34,23,card_arrival,23,development
b534c11b53f26a0ea9cc,832,pending_cash_withdrawal,821,development
b53cf7dc14ebfcc33502,874,pending_cash_withdrawal,862,development
b53e9bae343380948221,864,pending_cash_withdrawal,852,development
b540bb7fd7401b7e994d,9616,card_about_to_expire,9433,development
b5430b41bfc50e28b5fd,8472,top_up_failed,8302,development
b5432be36c305db19c19,4345,disposable_card_limits,4268,development
b5533c824148f9fe9006,5788,Refund_not_showing_up,5684,development
b553a8db98f3f1c0a1bc,183,card_linking,182,development
b557b8e46128749c810a,8514,top_up_failed,8343,development
b55b6dd71316bd7135be,7027,beneficiary_not_allowed,6887,development
b55cfc1c1dbfb3719449,9767,apple_pay_or_google_pay,9580,development
b55d18b88f477652499b,4824,passcode_forgotten,4737,development
b5649c6fb4683660c366,5122,pending_card_payment,5029,development
b56cf3d301169c2535e6,8368,wrong_exchange_rate_for_cash_withdrawal,8203,development
b56e624abfab171ff336,6855,reverted_card_payment?,6719,development
b57b5561231b5907749e,9965,country_support,9775,development
b57da31bdc90bba64079,3487,card_payment_not_recognised,3425,development
b591117b0f61bc0db17c,1853,top_up_by_bank_transfer_charge,1825,development
b595ab8e9619a5f97fbd,1937,pending_top_up,1908,development
b599bc8712f8859d8267,8462,get_disposable_virtual_card,8295,development
b5a334ebb8414b9589f5,8799,cash_withdrawal_not_recognised,8625,development
b5a8637be54e0af5f7c7,5755,Refund_not_showing_up,5652,development
b5a87d3d6bcf3fd79513,4014,get_physical_card,3947,development
b5b48e670330d5e44fcc,8998,exchange_charge,8824,development
b5b887ca971dea645ab8,19,card_arrival,19,development
b5ba7b307616ef75def8,8748,balance_not_updated_after_bank_transfer,8574,development
b5c19dddd4708c5cb66d,9308,activate_my_card,9127,development
b5e68e83c7841877c177,6147,terminate_account,6031,development
b5f0c43e370506cd9461,1945,pending_top_up,1916,development
b5f36af1eac1897d30c2,6584,verify_source_of_funds,6454,development
b5f6cbd0b1daaa49ef7c,9015,exchange_charge,8841,development
b5fc9b682ce04d25a17f,7876,getting_spare_card,7720,development
b6049cc8ec37c14a64e8,8612,top_up_failed,8439,development
b6075dbf582e9ee69277,287,card_linking,285,development
b608c2cdc8b657d4f748,9920,country_support,9730,development
b608efd638a3b737d99d,1269,card_not_working,1251,development
b60bd0c283107531555b,3557,card_payment_not_recognised,3495,development
b60bdf25747968def853,174,card_linking,173,development
b6285b0da4a89f960300,4594,atm_support,4511,development
b630a57e7736e14bded2,9169,top_up_by_card_charge,8993,development
b63267eb37f35f050770,3807,why_verify_identity,3741,development
b63613bd1ff22d150895,5029,declined_cash_withdrawal,4938,development
b64168d3ef84ff7737d6,7752,verify_top_up,7603,development
b64689dbcc290dc0de57,888,fiat_currency_support,876,development
b65645c9043e4bfe4916,2833,transfer_not_received_by_recipient,2782,development
b65a553c50e9a92ef932,6021,pending_transfer,5913,development
b665fe099222b8a4699f,4040,get_physical_card,3973,development
b683fc176ca409dd94a2,5116,pending_card_payment,5023,development
b68eb67a3d947ddea57b,4276,topping_up_by_card,4199,development
b691ed15046a229d9b87,2261,top_up_limits,2221,development
b692230e5a7a95fadc20,71,card_arrival,71,development
b6ac13ac1061b6510ee6,2336,wrong_amount_of_cash_received,2291,development
b6b09022d959fe06fc08,7236,transfer_fee_charged,7095,development
b6cb7ee26b47ea5e557f,4856,passcode_forgotten,4769,development
b6d9f210ef607b5b5605,4674,direct_debit_payment_not_recognised,4590,development
b6dd0e6a9089512c7062,7489,failed_transfer,7345,development
b6dd39b9e069127cb56f,8786,cash_withdrawal_not_recognised,8612,development
b6e0c9907c7f57f288ba,82,card_arrival,82,development
b6f0b562918e535d888f,1140,automatic_top_up,1125,development
b6fb6bb51161a2c1dfbd,5562,declined_transfer,5462,development
b6fe181de00199246ee8,6887,change_pin,6749,development
b704d5f3153e07adbedf,8636,balance_not_updated_after_bank_transfer,8463,development
b70975f22a8239d9eaf0,1563,age_limit,1539,development
b70d2544b1ee620c9832,1832,top_up_by_bank_transfer_charge,1804,development
b727bfcc670c3979d6ef,9907,country_support,9717,development
b72e6d6f806c9298f5fe,364,exchange_rate,361,development
b738e61b7603f85f2516,8347,wrong_exchange_rate_for_cash_withdrawal,8182,development
b739ac480a9f0ca95bec,9957,country_support,9767,development
b740c87c0272e471f935,8839,cash_withdrawal_not_recognised,8665,development
b7451226c17a321d6c23,6821,reverted_card_payment?,6685,development
b745abe3489491aa91ea,577,extra_charge_on_statement,571,development
b74713197072964e6d60,1123,automatic_top_up,1108,development
b7475462b9264c75686c,8559,top_up_failed,8386,development
b74a928c633a6fa77051,8150,order_physical_card,7989,development
b75b68932204cb96ed6c,8499,top_up_failed,8329,development
b75c12dbb7adf11e1ac9,6297,card_swallowed,6179,development
b764733b9454dff04ecf,2785,transfer_not_received_by_recipient,2734,development
b770b16071f04954366d,4812,direct_debit_payment_not_recognised,4725,development
b779d8d685b75c0d05f4,7414,receiving_money,7270,development
b77bf3c5a4195b4da25d,4358,disposable_card_limits,4280,development
b78668036fb53a02630f,8740,balance_not_updated_after_bank_transfer,8566,development
b7929e8d697b476ea902,1485,lost_or_stolen_card,1465,development
b7956e12915c11ebf944,7004,change_pin,6865,development
b79caf4304eaa4a9540e,8900,cash_withdrawal_not_recognised,8726,development
b7a47b1a9ac89131e93c,8393,get_disposable_virtual_card,8218,development
b7ac3dbcbe8338e9223a,7566,transfer_into_account,7421,development
b7af910738cefe00652c,1739,pin_blocked,1711,development
b7bd9eb7a78227943e39,6820,reverted_card_payment?,6684,development
b7bef842800e7ad22a18,7290,transfer_fee_charged,7148,development
b7bfb4e6131471fec8e2,9029,exchange_charge,8855,development
b7c0a4239e90379c98ee,5806,Refund_not_showing_up,5584,development
b7c25c827e9ca4ba1f5d,7110,beneficiary_not_allowed,6970,development
b7caa1f54d0dd6ec3574,5649,declined_transfer,5547,development
b7d35be27091c4c33850,3894,unable_to_verify_identity,3828,development
b7e1c29422189984e3b9,80,card_arrival,80,development
b7e95ba4756fa9f18006,4958,declined_cash_withdrawal,4868,development
b7ea7f5cf37e571f9ac8,4511,compromised_card,4429,development
b7edae7cbe0e5c4a4cdd,3933,unable_to_verify_identity,3867,development
b7f1d8bb8189a723f1df,4668,direct_debit_payment_not_recognised,4584,development
b800e991d5cbb0c28afb,7849,getting_spare_card,7693,development
b8054574ac0f6be1eb3a,317,exchange_rate,315,development
b81c7d47aa95850209e4,9807,verify_my_identity,9620,development
b8215c9e528c5462ffd3,3657,edit_personal_details,3595,development
b82cbfbd1737418928d6,8396,get_disposable_virtual_card,8230,development
b832b89dee95fca0d564,8987,exchange_charge,8813,development
b842bc0ca68024d6c894,9212,activate_my_card,9035,development
b845b65cd345e004971a,2964,supported_cards_and_currencies,2913,development
b84f1cc49c857f906b6b,322,exchange_rate,320,development
b84ff8b3b45d31abfe48,8406,get_disposable_virtual_card,8240,development
b85b096494c80e7d84a0,5148,pending_card_payment,5054,development
b85e8bc0fd5c5c6173c6,8712,balance_not_updated_after_bank_transfer,8538,development
b871ab8cc32e7601ea49,8266,wrong_exchange_rate_for_cash_withdrawal,8103,development
b873e0f2d41bff4ec544,5276,lost_or_stolen_phone,5178,development
b8750aa77ed058253521,2985,supported_cards_and_currencies,2933,development
b87f8b9feacc444f05b6,7315,transfer_fee_charged,7127,development
b8859c1c175a6623073a,886,fiat_currency_support,874,development
b88bb4351a36d78351ee,889,fiat_currency_support,877,development
b891245ae0ffd648f3a0,6568,verify_source_of_funds,6439,development
b891f1acda9a30d15927,4454,disposable_card_limits,4373,development
b8920e34d875e23ad6ec,1454,exchange_via_app,1434,development
b89c0836333d22bdd540,5732,Refund_not_showing_up,5629,development
b89d39879cd5c77c1ac6,750,pending_cash_withdrawal,740,development
b89ef7458ad2fc67c7a8,6251,card_swallowed,6133,development
b89f4502e613258d650c,1627,age_limit,1600,development
b8b111ea58e7993bb3df,4996,declined_cash_withdrawal,4906,development
b8b3a0986f3dcd2d1db5,9437,cash_withdrawal_charge,9255,development
b8b6b0447106e5b7ffa3,4321,topping_up_by_card,4244,development
b8bd6b80d0b3b0e43786,4662,direct_debit_payment_not_recognised,4578,development
b8cbb9b8f3eb938a7bae,5981,declined_card_payment,5874,development
b8cdbf291816e84367b3,4443,disposable_card_limits,4363,development
b8cdffec073f7cab1243,6923,change_pin,6785,development
b8cfd0f2157bb21187ab,4940,declined_cash_withdrawal,4851,development
b8d9529c1665174b98c0,857,pending_cash_withdrawal,845,development
b8db11504f42ddbdd5df,4219,visa_or_mastercard,4143,development
b8dbedc7c9fdb36f1273,3385,balance_not_updated_after_cheque_or_cash_deposit,3324,development
b8f463febb626443d97a,2949,supported_cards_and_currencies,2898,development
b8f4c16c7297a5413eb6,39,card_arrival,39,development
b901c76212828145abee,1195,automatic_top_up,1179,development
b9062e3cd46512c324d4,9368,cash_withdrawal_charge,9187,development
b909ce4ac51f1e044ace,2179,cancel_transfer,2141,development
b909db8b2403039c01e7,3882,why_verify_identity,3816,development
b922d20567fa2fdfe2d1,5818,Refund_not_showing_up,5713,development
b93a75b3bb8961436054,5499,request_refund,5399,development
b94ee390d0bb6841942b,9696,apple_pay_or_google_pay,9512,development
b9508b7dd91306c415d9,5406,request_refund,5308,development
b956af7f0ff86355aeb8,5156,pending_card_payment,5062,development
b96fafd8aa8ee36615e9,5065,declined_cash_withdrawal,4974,development
b9701c622c2445e56d1e,2880,supported_cards_and_currencies,2829,development
b97069b9db098392b427,5399,request_refund,5301,development
b98e07069845ca76cc9d,9283,activate_my_card,9104,development
b9902df9be25583a2d3c,9593,card_about_to_expire,9410,development
b998f4e061521617fcdd,2547,card_payment_fee_charged,2502,development
b9a3685939e8c6c68bd0,767,pending_cash_withdrawal,757,development
b9b174b6ceb84d26cb75,8166,order_physical_card,8005,development
b9c5a3d21d4524982a2c,2897,supported_cards_and_currencies,2846,development
b9c6f15cf66c4c71619d,9624,card_about_to_expire,9441,development
b9c80c6d99cb60be929e,6772,reverted_card_payment?,6637,development
b9cc1c5e94db59600c64,9754,apple_pay_or_google_pay,9567,development
b9cff08ce8a0b1a8c55c,6830,reverted_card_payment?,6694,development
b9d65e25f53bb948f421,422,card_payment_wrong_exchange_rate,417,development
b9da8bbe02cc39d6ade6,8126,order_physical_card,7967,development
b9dbedf6bf100c051532,2815,transfer_not_received_by_recipient,2764,development
b9f504f4ad755a7d62ff,5091,declined_cash_withdrawal,4998,development
ba0abfb3667ebc353797,2683,card_payment_fee_charged,2635,development
ba0df3251fa829db11a0,5715,Refund_not_showing_up,5612,development
ba0f4f333543abcb18fd,4058,get_physical_card,3991,development
ba16cab7ada81123016b,3170,top_up_reverted,3114,development
ba2759d13fff75794a81,6920,change_pin,6782,development
ba28f87e4a79acfd7535,4886,passcode_forgotten,4798,development
ba2be0821d8ed1c99590,7087,beneficiary_not_allowed,6947,development
ba3c246f0541ef8e057d,6270,card_swallowed,6152,development
ba44587c4a9f50948d7c,629,extra_charge_on_statement,621,development
ba462c48983c77bebf02,2882,supported_cards_and_currencies,2831,development
ba52b7b858f3b72fe112,1218,automatic_top_up,1201,development
ba586ac6d9ac3b258b12,2875,supported_cards_and_currencies,2824,development
ba5a4c284f23f47056d1,2041,pending_top_up,2006,development
ba5bf40b58860c59e56c,5588,declined_transfer,5488,development
ba5ccb0a062390ed2aaf,4448,disposable_card_limits,4367,development
ba62c4478d783335b838,1102,card_delivery_estimate,1087,development
ba654a82d3d33094903f,6438,transaction_charged_twice,6316,development
ba6b2558dc2dee516b97,6070,pending_transfer,5958,development
ba7292805834a7fcbe27,6715,transfer_timing,6582,development
ba77d1f00b57472334cc,7717,verify_top_up,7571,development
ba7cede92b1b7ba963a0,803,pending_cash_withdrawal,793,development
ba8016e3166f0c7390f1,7362,receiving_money,7218,development
ba8f4f777ba6d782734a,5856,declined_card_payment,5751,development
ba987cbeffc541541d45,9805,verify_my_identity,9618,development
baab113f047b75a51f20,1927,top_up_by_bank_transfer_charge,1898,development
baadc7cc0170e3530e09,8640,balance_not_updated_after_bank_transfer,8467,development
bab803083ee98c023913,2287,top_up_limits,2245,development
bac7062f743002e15184,3420,balance_not_updated_after_cheque_or_cash_deposit,3359,development
bacaed537a3050f8f28d,6840,reverted_card_payment?,6704,development
bacc479745cf809783b0,4343,disposable_card_limits,4266,development
badba1f40cedf7b7be5d,8889,cash_withdrawal_not_recognised,8715,development
baf0605ed3640136d032,8918,cash_withdrawal_not_recognised,8744,development
bb092fd9f9cec5027d04,1560,age_limit,1536,development
bb13954da9090d4b7ec5,9130,top_up_by_card_charge,8955,development
bb18cad8b0572562bd9d,5813,Refund_not_showing_up,5708,development
bb47464a6f68aea4fbb8,9732,apple_pay_or_google_pay,9546,development
bb7656046d3b3b6d0a42,1463,exchange_via_app,1443,development
bb773a8d4679f82915bf,5174,pending_card_payment,5079,development
bb78192d05c7c059d22f,842,pending_cash_withdrawal,830,development
bb7ec99aa0605d3112da,3613,card_payment_not_recognised,3551,development
bb9034505eda5e5e7c5b,2652,card_payment_fee_charged,2604,development
bb933d3119d8acef4b2e,6250,card_swallowed,6132,development
bb93e87b773dc4e43597,1768,pin_blocked,1740,development
bb9a901a248941400d10,6,card_arrival,6,development
bba7c244b81decc03f50,4968,declined_cash_withdrawal,4878,development
bbaa1dd53cc30545584d,6119,pending_transfer,6005,development
bbbf2b6aa3717ee1a44d,1792,contactless_not_working,1764,development
bbc26305a68ee930b454,2602,card_payment_fee_charged,2556,development
bbd59407abd609d76795,2289,top_up_limits,2247,development
bbd8ce48b5b0e7c81bd5,9305,activate_my_card,9124,development
bbd966a2c3ece5c54b47,4418,disposable_card_limits,4340,development
bbdcb782123c7c6b373f,441,card_payment_wrong_exchange_rate,436,development
bbe756d8ced11a5dd503,9981,country_support,9790,development
bbea183af07e84a8f3c1,3334,balance_not_updated_after_cheque_or_cash_deposit,3274,development
bc01bfc43c316277aa64,7132,beneficiary_not_allowed,6991,development
bc058a605b2dcd282374,7123,beneficiary_not_allowed,6982,development
bc0983b38d8fe864fb79,1351,card_not_working,1332,development
bc12bb7ed1968f20cf7d,3246,top_up_reverted,3187,development
bc1878895f7adf9c28b4,3502,card_payment_not_recognised,3440,development
bc1d0102211d03b06ab2,166,card_linking,165,development
bc1d44d03a3e534a1f2d,7024,beneficiary_not_allowed,6884,development
bc269e685fb56e3c5b14,3523,card_payment_not_recognised,3461,development
bc3bda56516d33123850,3371,balance_not_updated_after_cheque_or_cash_deposit,3310,development
bc3db2272f2c593f5b20,9058,exchange_charge,8883,development
bc3f5bfbc11ffb589dda,7438,failed_transfer,7294,development
bc40940c0848e6d201a5,840,pending_cash_withdrawal,828,development
bc4160be32a23ce9f460,446,card_payment_wrong_exchange_rate,441,development
bc41d97ec785ff48adf2,5626,declined_transfer,5525,development
bc4aa7d88ef2a630dcf0,5573,declined_transfer,5473,development
bc4eb665a88cc70601c2,9122,top_up_by_card_charge,8947,development
bc5360d98ba1ea1c9995,8522,top_up_failed,8351,development
bc54b761861429ff0d36,823,pending_cash_withdrawal,813,development
bc5cbd30e13706d459be,9315,activate_my_card,9134,development
bc6f658b645f4afaf364,7757,verify_top_up,7606,development
bc72836075a31955686a,7006,beneficiary_not_allowed,6867,development
bc7bb4cd050f881e05f7,9454,cash_withdrawal_charge,9272,development
bc7c16492c85240f8c4d,4264,topping_up_by_card,4187,development
bc82d03a3d101aeb69a4,8728,balance_not_updated_after_bank_transfer,8554,development
bc973fb9755c826d1b72,8572,top_up_failed,8399,development
bcac18f7689ef3fa845b,3149,card_acceptance,3094,development
bcac9d8d9a018b8a79cb,9092,top_up_by_card_charge,8917,development
bcaeeb5c2819b581217e,4427,disposable_card_limits,4348,development
bcb09456d270ac2a89a3,3637,card_payment_not_recognised,3575,development
bcb3eb3fdf4cd6a8bf20,1291,card_not_working,1272,development
bcbffb7fa9ef2e6a0b5e,4405,disposable_card_limits,4327,development
bcc34b3610446f29cece,8000,top_up_by_cash_or_cheque,7843,development
bccc18682febe6a9bfd5,8928,cash_withdrawal_not_recognised,8754,development
bccc3510cdf4a7dee49a,3300,top_up_reverted,3240,development
bce2ddc1a52f2ebda3c1,1474,exchange_via_app,1454,development
bce7192e51849dc47cd5,7801,verify_top_up,7646,development
bce74c92ed8dea5a526f,9154,top_up_by_card_charge,8978,development
bce969ea673ab6f629b8,5761,Refund_not_showing_up,5658,development
bcea4bc19729f505ca6f,6912,change_pin,6774,development
bcea9a849302d3deb341,4800,direct_debit_payment_not_recognised,4713,development
bcebf57d142d03ebfa9a,3714,edit_personal_details,3651,development
bcf4f9cec121957323c5,2557,card_payment_fee_charged,2512,development
bcf7a718133bc7c00ae2,5397,request_refund,5299,development
bd00f4988003cf12dbd6,7862,getting_spare_card,7706,development
bd07089531d4911652ba,1412,exchange_via_app,1393,development
bd0b462f06350b1279f0,3869,why_verify_identity,3803,development
bd0f8b95ae8f7ecb1b40,8827,cash_withdrawal_not_recognised,8653,development
bd153544662fe5ecf5b7,8035,top_up_by_cash_or_cheque,7877,development
bd1b4f3d5959478ea2a6,8001,top_up_by_cash_or_cheque,7844,development
bd1c1d1d6b06a8ca62ef,733,extra_charge_on_statement,724,development
bd2188db53e77dd17029,1691,pin_blocked,1664,development
bd26f40fe73c54969499,9194,activate_my_card,9018,development
bd2afa7ddd39c9bf6307,5910,declined_card_payment,5804,development
bd2bb44f85f14f162626,6134,pending_transfer,6019,development
bd36ca53ad0d7ff04705,1990,pending_top_up,1961,development
bd38b4e0cb8ed24e1086,3052,getting_virtual_card,3000,development
bd46bc3ab3470d1385ee,2608,card_payment_fee_charged,2562,development
bd48cd9fc2d4900fc2b4,5170,pending_card_payment,5075,development
bd49884415c159853ec4,6352,transaction_charged_twice,6234,development
bd5faef79c47bb6263d1,5042,declined_cash_withdrawal,4951,development
bd65453e33fb77235ffd,4557,atm_support,4475,development
bd66b5ead8e19e1cdf46,9874,country_support,9684,development
bd6f3331d193bb66f960,2461,wrong_amount_of_cash_received,2416,development
bd82be521698ce5a8bdc,6448,transaction_charged_twice,6326,development
bd933f8ed344a67117f5,6102,pending_transfer,5988,development
bda00e4e610f6b6e3345,7840,getting_spare_card,7684,development
bda0b344de3c3fdcf5da,5949,declined_card_payment,5842,development
bda4c9fe6ca470f0994f,3248,top_up_reverted,3189,development
bdada2af992471b75909,2820,transfer_not_received_by_recipient,2769,development
bdbbe70614702f5bdc0f,7279,transfer_fee_charged,7138,development
bdc02e6531d6fd407429,5895,declined_card_payment,5790,development
bddc81a19b0c89240152,7186,transfer_fee_charged,7045,development
bddcd4ea289a59d2845e,9509,cash_withdrawal_charge,9327,development
bde282e9ba446258d8c1,1926,top_up_by_bank_transfer_charge,1897,development
bde5436c5d3b0ab83224,6061,pending_transfer,5950,development
bdf09415547bf25e0a6d,6563,verify_source_of_funds,6435,development
bdfc0903ed50ea540370,5489,request_refund,5389,development
be033b8f44281dfef59d,3439,balance_not_updated_after_cheque_or_cash_deposit,3378,development
be0f17210339e0eec4b9,5637,declined_transfer,5535,development
be23fc810782c96eba1e,5641,declined_transfer,5539,development
be42cb8b01164c82dbde,6771,reverted_card_payment?,6636,development
be43a5ff2b0ed4da2cbe,9750,apple_pay_or_google_pay,9564,development
be452be4302aeff979b6,7848,getting_spare_card,7692,development
be456f4063c444d542d5,9483,cash_withdrawal_charge,9301,development
be5773da0d4e98f8cec3,3350,balance_not_updated_after_cheque_or_cash_deposit,3290,development
be5e6f2454f65579ca84,4491,compromised_card,4409,development
be630c1c2b21a6e46df5,9012,exchange_charge,8838,development
be66e54d30161a7c6460,4153,visa_or_mastercard,4084,development
be9cd520b4b6a63f4a6d,345,exchange_rate,342,development
bec3ad8756ae72fbec1a,7780,verify_top_up,7626,development
bec4835dcf78cc3fa683,7604,transfer_into_account,7459,development
becb536cb60139865302,6803,reverted_card_payment?,6668,development
becdf0e28667d32ea228,5564,declined_transfer,5464,development
bed04d25e0ac310020f8,5367,lost_or_stolen_phone,5269,development
bed1827ea1d1b617b7d8,2992,supported_cards_and_currencies,2940,development
bed98ccc18508cc4fce7,5269,lost_or_stolen_phone,5172,development
bede099527901dd23501,3305,balance_not_updated_after_cheque_or_cash_deposit,3245,development
bee1b92d9ea32e6dcff6,3153,card_acceptance,3098,development
bee561587e1342634496,6360,transaction_charged_twice,6242,development
bee58b1f16ca038cf993,5688,Refund_not_showing_up,5585,development
beed00c448f216b52572,9636,card_about_to_expire,9453,development
befb2f07e6636d73eb70,1421,exchange_via_app,1402,development
befff34483fa53323873,1955,pending_top_up,1926,development
bf039b0142243ca2698b,4132,visa_or_mastercard,4063,development
bf04e49a36bf860a7e30,7063,beneficiary_not_allowed,6923,development
bf08769967e5e53c02b9,9825,verify_my_identity,9638,development
bf123f22949b84f9b43b,699,extra_charge_on_statement,690,development
bf15490df80ad4663f72,2448,wrong_amount_of_cash_received,2403,development
bf192f8ae45e0b6156d3,1411,exchange_via_app,1392,development
bf265bfa7036643810f4,692,extra_charge_on_statement,684,development
bf29c6be771d4f51647b,1168,automatic_top_up,1152,development
bf2b39cf83e6b38f6793,4934,declined_cash_withdrawal,4845,development
bf3769cba23e004a21ee,2519,card_payment_fee_charged,2474,development
bf39e00c9d6bd0368dd4,2796,transfer_not_received_by_recipient,2745,development
bf3a50aa68b1cc387601,6890,change_pin,6752,development
bf4e3ccc5efe26772615,4445,disposable_card_limits,4365,development
bf573ce9896ca75d2c74,4036,get_physical_card,3969,development
bf663ae35c2ff814edfa,880,fiat_currency_support,868,development
bf6cea1a59d1929af9aa,1754,pin_blocked,1726,development
bf6d240203c3bf839b6b,4130,visa_or_mastercard,4061,development
bf6e45cf2e56f46c0204,3073,getting_virtual_card,3021,development
bf6f40492eaf1c656b91,2115,cancel_transfer,2078,development
bf7114d99ae3602b40b7,5139,pending_card_payment,5046,development
bf7ce11fb528f61eb4d0,3661,edit_personal_details,3599,development
bf8407c7db7275d90ce3,5254,lost_or_stolen_phone,5157,development
bf85e7f03bf81aaa9b41,6730,reverted_card_payment?,6596,development
bf86342c541a43053ce8,5860,declined_card_payment,5755,development
bf866aacf254e9871b2c,167,card_linking,166,development
bf8b82d3032efbc84da4,5476,request_refund,5376,development
bf9cb9805530ba0f234b,6194,terminate_account,6078,development
bfa710f33e5aa62552e8,2112,cancel_transfer,2075,development
bfafb774f3a13d922ade,6221,terminate_account,6104,development
bfbcb952aff2b739cbe0,8833,cash_withdrawal_not_recognised,8659,development
bfd052a87cfabc917645,963,fiat_currency_support,951,development
bfd6a893286a90dc0ace,6977,change_pin,6838,development
bfe66457dd05cd4a3a84,5575,declined_transfer,5475,development
bfe695735cb398f9fc73,6591,verify_source_of_funds,6461,development
bfea9becba504e320d36,6198,terminate_account,6082,development
bfffb257c2b293c91770,3768,edit_personal_details,3702,development
c00ae7fe7f84626114a9,4258,topping_up_by_card,4181,development
c00f321b6809255fe7fb,5075,declined_cash_withdrawal,4983,development
c01391d3291171e67104,6342,transaction_charged_twice,6224,development
c02fe87cca4962f0af9b,2082,cancel_transfer,2045,development
c0333a1689dc90e23f68,9500,cash_withdrawal_charge,9318,development
c0333db7a6dbe5b4f8fe,2116,cancel_transfer,2079,development
c04a933de677d51cb651,8138,order_physical_card,7977,development
c0571fb5255a405f6905,3309,balance_not_updated_after_cheque_or_cash_deposit,3249,development
c05a7c51fd8dd73c024b,2513,card_payment_fee_charged,2468,development
c06c31b44cf6384a9374,1976,pending_top_up,1947,development
c07fcad196fb58c775dc,7179,transfer_fee_charged,7038,development
c08310d8dcef627e40e0,5474,request_refund,5374,development
c0869c70673a37f5dfd4,2196,cancel_transfer,2157,development
c0910cf794db97d069e0,149,card_arrival,148,development
c093cd8f040770d2837a,8221,wrong_exchange_rate_for_cash_withdrawal,8059,development
c09aac6649a985342e9a,837,pending_cash_withdrawal,826,development
c0ac28b4632246e2d7c2,8231,wrong_exchange_rate_for_cash_withdrawal,8069,development
c0c5e1f7178f5091b6dc,8133,order_physical_card,7962,development
c0cbc29b2d710482fc66,7298,transfer_fee_charged,7156,development
c0cc8d4d53c87869dfa1,9708,apple_pay_or_google_pay,9524,development
c0cfa3f0e8409ccef4f7,4916,passcode_forgotten,4827,development
c0e3e4cb9ea80bc6aebd,508,card_payment_wrong_exchange_rate,503,development
c0eea4a4c43d6c470bd7,2434,wrong_amount_of_cash_received,2389,development
c0f9ba03d65e64937774,2204,cancel_transfer,2165,development
c0fa7870ce825241ad95,2206,cancel_transfer,2167,development
c101a8924356b559a3e2,929,fiat_currency_support,917,development
c11a86087da760f8ce5c,935,fiat_currency_support,923,development
c1306c1a72d51a978e73,7984,top_up_by_cash_or_cheque,7827,development
c138ede0f1301308625a,5221,pending_card_payment,5125,development
c148433957526c9b190a,2092,cancel_transfer,2055,development
c14fc38f4368d5ba6836,8571,top_up_failed,8398,development
c156fdbe214e1ccb66d2,9306,activate_my_card,9125,development
c162e9e5a90d985f5594,4117,visa_or_mastercard,4048,development
c170a8b75f3536ebdf81,2211,cancel_transfer,2172,development
c186531831ec9e92df5b,7281,transfer_fee_charged,7140,development
c187f0f11986d333bc61,3746,edit_personal_details,3681,development
c19dfdb6dab0f877dcca,3287,top_up_reverted,3227,development
c1a26a13dba9192cc731,7270,transfer_fee_charged,7129,development
c1b449613904d024ac07,3676,edit_personal_details,3614,development
c1b6fe03a30e025cb879,2278,top_up_limits,2210,development
c1b7747bc77a6ed96f04,8902,cash_withdrawal_not_recognised,8728,development
c1b7f4e7dc2a720dc37d,8452,get_disposable_virtual_card,8286,development
c1bab6494e4fea5fb8c5,7842,getting_spare_card,7686,development
c1bacb672e0d8951f60d,5959,declined_card_payment,5852,development
c1bdfca4dc1bf7700796,171,card_linking,170,development
c1d528c0316b1eeac2ac,2877,supported_cards_and_currencies,2826,development
c1da4a69880578eb4b6c,9712,apple_pay_or_google_pay,9527,development
c1dde2eadb774368f062,5645,declined_transfer,5543,development
c1e0b827cc4aaa527d61,9806,verify_my_identity,9619,development
c1e4d978e649e0b074cf,5989,pending_transfer,5881,development
c1e83d3575a6f7dd3a18,6966,change_pin,6827,development
c1e8ab513ed7c32f49ba,8755,balance_not_updated_after_bank_transfer,8581,development
c1ef3954056460c24f9e,7200,transfer_fee_charged,7059,development
c1efa3722e304375ddfe,9980,country_support,9789,development
c1f1ecfb985ba9d3dd15,5105,pending_card_payment,5012,development
c1f3cba2c726eac09730,5952,declined_card_payment,5845,development
c1f3cfdaa3d9c46e59f3,5726,Refund_not_showing_up,5623,development
c1f570c4cd212bd3b581,9514,cash_withdrawal_charge,9332,development
c200ad17306665f7b9b8,6367,transaction_charged_twice,6248,development
c207218b4bd9bb40de9b,775,pending_cash_withdrawal,765,development
c214f48f030fd13ad68b,9502,cash_withdrawal_charge,9320,development
c21e7971420c21edfc09,4582,atm_support,4499,development
c22465b34c68d04fc4fb,8083,order_physical_card,7925,development
c23818fdbcd7ee1e9316,1698,pin_blocked,1671,development
c24317504a8edd580f3e,443,card_payment_wrong_exchange_rate,438,development
c2507e26a9a737f45f9b,6959,change_pin,6821,development
c2513f4b7296ebcd486b,3210,top_up_reverted,3151,development
c25c6fd4b23a4af1e0c5,5062,declined_cash_withdrawal,4971,development
c25cb88eadfcda214cdb,4884,passcode_forgotten,4796,development
c261a58e9e2867aa1107,5127,pending_card_payment,5034,development
c283f1a9692efd963534,7575,transfer_into_account,7430,development
c2858d21e84c5258bf4d,330,exchange_rate,328,development
c2901241953c2448391b,9710,apple_pay_or_google_pay,9476,development
c294b49982bf97234ca5,5992,pending_transfer,5884,development
c2a8e0015cbf38f68005,5531,request_refund,5431,development
c2adc7b302baf5b7069d,6493,verify_source_of_funds,6370,development
c2b26949f833f89a3459,8375,get_disposable_virtual_card,8210,development
c2c7d6bc0649d7eaea66,382,exchange_rate,377,development
c2cd9b07df2e458b5fe7,2199,cancel_transfer,2160,development
c2d6a67343250defed40,7377,receiving_money,7233,development
c2da1a58303e496d5de0,4752,direct_debit_payment_not_recognised,4666,development
c2de4019b3b666970ae8,6943,change_pin,6805,development
c3029c6a6297f45388ec,5146,pending_card_payment,5052,development
c30e72a8adf79fd41f90,6422,transaction_charged_twice,6301,development
c315192db159c323d5aa,8403,get_disposable_virtual_card,8237,development
c319adce749dc1ecdea9,5049,declined_cash_withdrawal,4958,development
c319df4b5e427f5cefc4,6797,reverted_card_payment?,6662,development
c31d613bf35d672898ab,7936,top_up_by_cash_or_cheque,7780,development
c323b8b8a7f9f4a4df8b,8772,balance_not_updated_after_bank_transfer,8598,development
c3249bd4a3ad04abde11,3770,edit_personal_details,3704,development
c3332991da79ba4aabc4,6444,transaction_charged_twice,6322,development
c3422e89b7b34ed9dac7,3085,getting_virtual_card,3031,development
c34f5714cb21b8674e56,4403,disposable_card_limits,4325,development
c34ff6b86c7dbd326a17,5344,lost_or_stolen_phone,5246,development
c359effc7496e9793429,606,extra_charge_on_statement,600,development
c361e6d904fcbac8641a,7663,transfer_into_account,7518,development
c3657408e6fed8610a10,3928,unable_to_verify_identity,3862,development
c37461c559b8d3f13fad,5266,lost_or_stolen_phone,5169,development
c37b3e42af1bdeece7a0,2999,getting_virtual_card,2947,development
c37ea11557c651036a90,9340,cash_withdrawal_charge,9159,development
c37fbd9cf42a64f1aad9,9445,cash_withdrawal_charge,9263,development
c381245bf0593dbb138a,6454,transaction_charged_twice,6331,development
c387071b41198e8e4d27,2164,cancel_transfer,2126,development
c388ccc08dd88e37b129,9551,card_about_to_expire,9369,development
c38e086e41e1ece70224,5463,request_refund,5363,development
c39304f16b4b34bfef78,6755,reverted_card_payment?,6620,development
c3962c69211384d29197,498,card_payment_wrong_exchange_rate,493,development
c3980e5cef280fd1ffc9,3330,balance_not_updated_after_cheque_or_cash_deposit,3270,development
c39accd4c180673b33c7,2615,card_payment_fee_charged,2569,development
c39d04b16b6dd4438b77,423,card_payment_wrong_exchange_rate,418,development
c3a66797f1ea6a41a4e3,9659,apple_pay_or_google_pay,9476,development
c3aec214d30be40386d4,4094,get_physical_card,4027,development
c3b0e7af79058831a485,8209,wrong_exchange_rate_for_cash_withdrawal,8047,development
c3b2a1d0ec06f1c83da3,6089,pending_transfer,5976,development
c3b68714919d8dc47b0b,3823,why_verify_identity,3757,development
c3bc26b3168916153231,5539,request_refund,5439,development
c3bca6ae50ddee26758b,9361,cash_withdrawal_charge,9180,development
c3cf89aecb9131ad0d84,3250,top_up_reverted,3191,development
c3d045b638714173e03a,8861,cash_withdrawal_not_recognised,8687,development
c3dfc23dca64a3c3b65f,8036,top_up_by_cash_or_cheque,7878,development
c3e3f1a8e62951aafc74,7311,transfer_fee_charged,7169,development
c3e4c5ddf41840aff91f,2142,cancel_transfer,2105,development
c3e5a2e25c0798ab0d09,2192,cancel_transfer,2153,development
c3eb3b296820103bc713,1806,contactless_not_working,1778,development
c406fe2903bf83402803,8630,balance_not_updated_after_bank_transfer,8457,development
c40807b257b4574caefa,3315,balance_not_updated_after_cheque_or_cash_deposit,3255,development
c411a5d1af8b045767e3,1296,card_not_working,1277,development
c415aa49de06795ee5e6,33,card_arrival,33,development
c419a2ce4efdb6a3a10f,7172,transfer_fee_charged,7031,development
c41a91f83b894b34eb28,8341,wrong_exchange_rate_for_cash_withdrawal,8176,development
c41cdb3d9a600ff77eab,4114,visa_or_mastercard,4045,development
c425d9db46fde25fb1cf,7786,verify_top_up,7632,development
c4380aca28cb0ba6f8a5,1518,lost_or_stolen_card,1497,development
c43d95ac0e732adb0381,848,pending_cash_withdrawal,836,development
c451a5ea462678c3b4bd,6698,transfer_timing,6566,development
c457d18da4aa922e4d39,2223,cancel_transfer,2184,development
c45bea8eb3b536e3b00e,6410,transaction_charged_twice,6291,development
c460d5ff2614bbf3afe1,4016,get_physical_card,3949,development
c4685d0a29f9291a4d86,883,fiat_currency_support,871,development
c47707f1237c2eb1c292,5150,pending_card_payment,5056,development
c47bc4931abd0b9430ef,2209,cancel_transfer,2170,development
c47d5ad73ab03048d686,2065,pending_top_up,2030,development
c4869105aa3d499e1ab1,3148,card_acceptance,3093,development
c48ff2e52020f8d80ac0,7859,getting_spare_card,7703,development
c490268c87cafaeece9a,6607,transfer_timing,6477,development
c4936d490702f1cf9efd,9400,cash_withdrawal_charge,9219,development
c49888e3fa9eebd60155,867,pending_cash_withdrawal,855,development
c49910c0b387632e2df0,404,card_payment_wrong_exchange_rate,399,development
c4b2ec26c8d6d723729e,6815,reverted_card_payment?,6643,development
c4b35507e9c0cb933e56,8105,order_physical_card,7947,development
c4b9254510a4ff6eaad5,4976,declined_cash_withdrawal,4886,development
c4bad3c5ff0f4b7a70e1,3263,top_up_reverted,3204,development
c4c4270706cd59ec1f46,7232,transfer_fee_charged,7091,development
c4c47f6059d79f7264ae,9060,exchange_charge,8885,development
c4d1d6213afc810d34b3,3196,top_up_reverted,3138,development
c4d39eb1caca280548c6,5522,request_refund,5422,development
c4d4d10b14a81267c229,3136,card_acceptance,3082,development
c4da97ae6c09326416c2,3729,edit_personal_details,3666,development
c4dca084a5c07a1fff24,3672,edit_personal_details,3610,development
c4e2cea10107279e28f9,4846,passcode_forgotten,4759,development
c4e373456b3b226cce3a,6142,terminate_account,6026,development
c4e891f17971d881f380,5498,request_refund,5398,development
c4ec81878c565e94181e,3389,balance_not_updated_after_cheque_or_cash_deposit,3328,development
c4ee08267eb1e4b39072,6029,pending_transfer,5921,development
c4f159bdb03e377d399d,4026,get_physical_card,3959,development
c4f57ab59b3533dbef84,3337,balance_not_updated_after_cheque_or_cash_deposit,3277,development
c519f872dedaa8f272c2,7721,verify_top_up,7575,development
c524b508c43a0d7e23d3,6336,transaction_charged_twice,6218,development
c527020eaa37acc843cd,8367,wrong_exchange_rate_for_cash_withdrawal,8202,development
c52fed82f0f37275405c,5077,declined_cash_withdrawal,4985,development
c537d2202005af1e047b,1800,contactless_not_working,1772,development
c53f6b30d88662a45d71,8868,cash_withdrawal_not_recognised,8694,development
c54651d828d37ea16552,7919,getting_spare_card,7763,development
c56133283c176028548e,7803,verify_top_up,7599,development
c56dd70ae6f910704331,1667,pin_blocked,1640,development
c57ce56b8c25fd6df94e,1645,age_limit,1618,development
c57e14a684f63fd5b8f0,2484,wrong_amount_of_cash_received,2439,development
c58d132be1ea51b2e180,4487,compromised_card,4405,development
c58f27200155543f326a,3962,unable_to_verify_identity,3896,development
c5977a8ad0b541c3d172,8904,cash_withdrawal_not_recognised,8730,development
c598db9d390d780b96d4,7491,failed_transfer,7347,development
c5b42f0f027c8411e16e,2182,cancel_transfer,2144,development
c5bb4abeedb04425810a,7159,beneficiary_not_allowed,7018,development
c5c17b057bb302d2322c,8043,top_up_by_cash_or_cheque,7885,development
c5c39035291b9c24440d,6760,reverted_card_payment?,6625,development
c5c3c7a4468a32b9e78e,945,fiat_currency_support,933,development
c5cc5502958b80aa5850,368,exchange_rate,365,development
c5ce71b95b6801f4dc75,1413,exchange_via_app,1394,development
c5cf7c1dd14009ee92e8,4765,direct_debit_payment_not_recognised,4679,development
c5dec88fc1be8a801d7a,3939,unable_to_verify_identity,3873,development
c5e226a4e5712dffe724,1046,card_delivery_estimate,1033,development
c5e3673e9b1b9ed10a17,2027,pending_top_up,1993,development
c5e40c934d51a060c76f,3947,unable_to_verify_identity,3881,development
c5f827d8aadef4537b4f,9089,top_up_by_card_charge,8914,development
c5f8f86199719c6964c9,394,exchange_rate,389,development
c5fad06d5e0effc8db9c,2047,pending_top_up,2012,development
c603193c52031d20db29,6956,change_pin,6818,development
c6070de5885ed6d03c06,1022,card_delivery_estimate,1010,development
c615c8ff50c5c1456fd7,5337,lost_or_stolen_phone,5239,development
c632a5e470a85ebaea41,5333,lost_or_stolen_phone,5235,development
c64532fb1ab0d00d461e,432,card_payment_wrong_exchange_rate,427,development
c6461ab90af125e807e4,871,pending_cash_withdrawal,859,development
c6482852dcf1e9402f18,4616,atm_support,4532,development
c64a3ac6c2e894e479b0,440,card_payment_wrong_exchange_rate,435,development
c64f23bd45a90d2c631c,1066,card_delivery_estimate,1052,development
c6559d255fc5409e4b2e,275,card_linking,273,development
c65b480946ee28b37c46,2002,pending_top_up,1973,development
c65cb9d33e282624a247,6157,terminate_account,6041,development
c66cd7dd4a4d82315185,8170,virtual_card_not_working,8009,development
c66d88854fd84a5b703c,5957,declined_card_payment,5850,development
c6750419eec9fddfc321,1457,exchange_via_app,1437,development
c67973c6a6d327f85e58,3478,balance_not_updated_after_cheque_or_cash_deposit,3416,development
c67b0b13f26ac428acde,8885,cash_withdrawal_not_recognised,8711,development
c6809549800d9448fd6f,2826,transfer_not_received_by_recipient,2775,development
c68a5ffcf65c716d1e37,4120,visa_or_mastercard,4051,development
c68cd971b201c5edf92c,6625,transfer_timing,6495,development
c6981a3f7ab6621eb5d5,5798,Refund_not_showing_up,5694,development
c69edb06c22493ce99b8,9911,country_support,9721,development
c6a0088ad7cd7e4b0235,6361,transaction_charged_twice,6243,development
c6a7e2353d142617236e,5611,declined_transfer,5510,development
c6aa5aa7ee29b27b2d21,6795,reverted_card_payment?,6660,development
c6b1ab5492c234577466,456,card_payment_wrong_exchange_rate,451,development
c6c9797e9f52ea94c6ed,2286,top_up_limits,2244,development
c6d1e2ebabb49007aa5d,2623,card_payment_fee_charged,2577,development
c6dcf19db8d89a7f6c26,9823,verify_my_identity,9636,development
c6dd14f6c9adb40784b6,6031,pending_transfer,5923,development
c6e04e89ba5774c6e418,6681,transfer_timing,6550,development
c6f5740ff6768769c1ba,3019,getting_virtual_card,2967,development
c6f70cd8e6baff1432af,9258,activate_my_card,9080,development
c702478c9cbfd569a0a4,5430,request_refund,5331,development
c708e888864b8b139779,2119,cancel_transfer,2082,development
c72984e15d62b668343d,3908,unable_to_verify_identity,3842,development
c735d422f0542b6e1700,6614,transfer_timing,6484,development
c7373aeb097448bb3b3a,1135,automatic_top_up,1120,development
c747b154026fff4477ef,4004,get_physical_card,3937,development
c747c7e126a631da70ce,9133,top_up_by_card_charge,8958,development
c7494ca730dc70f11f9d,876,pending_cash_withdrawal,864,development
c74963d03dd332984531,1616,age_limit,1590,development
c74b2e18f26763fc098f,6137,terminate_account,6021,development
c755dfdf245de29cb1f1,137,card_arrival,136,development
c75be29dd837cf7eb7f3,2481,wrong_amount_of_cash_received,2436,development
c766bfc3de8df169bbd0,4392,disposable_card_limits,4314,development
c76c9dc7b7d1a52ac043,4974,declined_cash_withdrawal,4884,development
c7788fc88b666383b716,8369,wrong_exchange_rate_for_cash_withdrawal,8204,development
c779a2013f027b008f66,2207,cancel_transfer,2168,development
c784688c46752b7c7ae0,4000,get_physical_card,3933,development
c79225ef26633d540ef5,1087,card_delivery_estimate,1072,development
c7ae66492eb01e7ec076,8165,order_physical_card,8004,development
c7c8848f472ada528047,7875,getting_spare_card,7719,development
c7caecc062dfcf199a0a,5650,declined_transfer,5548,development
c7dc3c10cf3132f57ade,3181,top_up_reverted,3124,development
c7dcc22561d3115d5833,3516,card_payment_not_recognised,3454,development
c7e29a5798caa885a999,2468,wrong_amount_of_cash_received,2423,development
c7e32f35fc9be8371777,1450,exchange_via_app,1430,development
c7e4734240b29e7bc41c,7960,top_up_by_cash_or_cheque,7804,development
c7e759a70f7709e8be58,7131,beneficiary_not_allowed,6990,development
c7e8cbeb6604d4da1640,7794,verify_top_up,7639,development
c7ed0445163a210b19eb,4873,passcode_forgotten,4785,development
c7f5865d5c36d587b25f,3816,why_verify_identity,3750,development
c7f63958329a1c8fc6dd,8461,get_disposable_virtual_card,8294,development
c7fa075b56a5dc93e7af,3844,why_verify_identity,3778,development
c7fc41503581692ccb5e,727,extra_charge_on_statement,718,development
c7fd8590a858c1f419c0,9396,cash_withdrawal_charge,9215,development
c80249bb1b485f5a9e6d,5600,declined_transfer,5500,development
c810dedb3d4656c78e8f,4681,direct_debit_payment_not_recognised,4597,development
c810e5e279d307b857c5,1964,pending_top_up,1935,development
c83319f44033ced85834,6991,change_pin,6852,development
c83681e1a51c5c52c876,4757,direct_debit_payment_not_recognised,4671,development
c83ba602888286ca075e,9085,top_up_by_card_charge,8910,development
c83c5232dece667c8613,4087,get_physical_card,4020,development
c83e794276ada03806e9,6419,transaction_charged_twice,6299,development
c83f3c5cdcc7fc2cc983,9056,exchange_charge,8881,development
c8407e7e90def5f22bd9,7146,beneficiary_not_allowed,7005,development
c8416859f29e074c87b8,897,fiat_currency_support,885,development
c85b87285169c64470e6,8996,exchange_charge,8822,development
c879530fba712f7540d0,5183,pending_card_payment,5088,development
c87b36e58999127e1b61,7225,transfer_fee_charged,7084,development
c87b6be62ae21427e1ac,3399,balance_not_updated_after_cheque_or_cash_deposit,3338,development
c8838b045e0af4bbfa76,1241,automatic_top_up,1223,development
c885b8bf97e751f9fafb,54,card_arrival,54,development
c88641c0f7425abcc642,2773,transfer_not_received_by_recipient,2723,development
c88c6429b4888dd7ca5a,4003,get_physical_card,3936,development
c88ca387886b083290a9,9627,card_about_to_expire,9444,development
c8957d3216d26cdfd10c,3177,top_up_reverted,3120,development
c895a2e2c6477ae2ac54,3233,top_up_reverted,3174,development
c8a188c7d8a4c735d0ce,1954,pending_top_up,1925,development
c8b176671138d36aded4,3376,balance_not_updated_after_cheque_or_cash_deposit,3315,development
c8b8f9b08eb6bfe43920,698,extra_charge_on_statement,689,development
c8c5093adca7ee12dd7e,2879,supported_cards_and_currencies,2828,development
c8cc8dda8322c27f8605,517,card_payment_wrong_exchange_rate,512,development
c8cd0a6d0c65f1c52a60,949,fiat_currency_support,937,development
c8ce4a3f60258951f376,3600,card_payment_not_recognised,3538,development
c8d27d8894597a4cb886,4282,topping_up_by_card,4205,development
c8d6c29144b7f169aa72,9535,card_about_to_expire,9353,development
c8ec4cac4cafc4f60e8d,155,card_linking,154,development
c903350879934480e5ee,1194,automatic_top_up,1178,development
c903408e0ef08ef0ef47,5893,declined_card_payment,5788,development
c90f5503b3b0d3a03021,683,extra_charge_on_statement,675,development
c91c3124053f77419753,2702,transfer_not_received_by_recipient,2654,development
c91d95c0002bfbd4ad9c,7054,beneficiary_not_allowed,6914,development
c923e46000216e52d1c7,2478,wrong_amount_of_cash_received,2433,development
c925b0403d7c0f84696d,5977,declined_card_payment,5870,development
c9287266d019a297bd05,2472,wrong_amount_of_cash_received,2427,development
c94cce74e5a9c2d9eea2,9615,card_about_to_expire,9432,development
c955c06eb45098a46a57,2203,cancel_transfer,2164,development
c973ed43362d6ddb7b89,9141,top_up_by_card_charge,8965,development
c97db7290a6cbe84fc0d,8455,get_disposable_virtual_card,8288,development
c981bd0f6cf94f7db8c5,8698,balance_not_updated_after_bank_transfer,8524,development
c984565f8a7afa21edd8,704,extra_charge_on_statement,695,development
c9890561ba844c08d303,5556,declined_transfer,5456,development
c997e3d38d6fec464674,3295,top_up_reverted,3235,development
c9a53a0c5fa5c8ee3c5d,9789,verify_my_identity,9602,development
c9aa0883def74761b94b,5993,pending_transfer,5885,development
c9aaaaadfbe67b4737ba,5956,declined_card_payment,5849,development
c9ae05b2509fafd90266,5383,request_refund,5285,development
c9b1fdd3c7ef6195f949,1593,age_limit,1568,development
c9b440500dbaa9be61e0,1423,exchange_via_app,1404,development
c9b8cdf7f337f14e6fbe,7554,failed_transfer,7410,development
c9c1f0970526f79aac5c,188,card_linking,187,development
c9c5a9a2e046d5088764,2128,cancel_transfer,2091,development
c9e336baac910c5a58ed,5729,Refund_not_showing_up,5626,development
c9ea39d751ade0dc34b3,1618,age_limit,1592,development
c9f74d21dec39eff1a99,5695,Refund_not_showing_up,5592,development
c9fd05a13fae96945529,9838,verify_my_identity,9651,development
ca088f3e775bdd23f6ab,7931,getting_spare_card,7775,development
ca1658a53402c0b3481c,8632,balance_not_updated_after_bank_transfer,8459,development
ca186170f4af80330535,4245,topping_up_by_card,4168,development
ca19961f610316d158b1,8936,cash_withdrawal_not_recognised,8762,development
ca23e216c8b4c6cfb709,2579,card_payment_fee_charged,2533,development
ca2d17bf07fee27c8c78,6902,change_pin,6764,development
ca4e83972d2534642c77,9505,cash_withdrawal_charge,9323,development
ca65c12dbfebc3652995,661,extra_charge_on_statement,653,development
ca6fd16b6ceece32489f,9199,activate_my_card,9023,development
ca736a10a1a7991573b9,8693,balance_not_updated_after_bank_transfer,8519,development
ca7699d575cfa04b2113,1131,automatic_top_up,1116,development
ca77c69fe00c52a698a4,1439,exchange_via_app,1419,development
ca7b3e6236afdb87f47f,5687,Refund_not_showing_up,5584,development
ca80d6f309651d4f0457,3470,balance_not_updated_after_cheque_or_cash_deposit,3408,development
ca827f2bf69e1ab72273,506,card_payment_wrong_exchange_rate,501,development
ca880ed93b8d08c8d134,8215,wrong_exchange_rate_for_cash_withdrawal,8053,development
ca88f7c1c06efde63191,985,fiat_currency_support,973,development
ca90bce3850fa150edc9,8982,exchange_charge,8808,development
ca9c424b1b3a637288ce,4509,compromised_card,4427,development
caa52acdbef8316894ef,1169,automatic_top_up,1153,development
caab5c0891110d5190cb,6758,reverted_card_payment?,6623,development
cab21171cd5f8b5791cd,9993,country_support,9802,development
cabe9a15675826fd0eb8,2070,pending_top_up,2034,development
cad1bed27c6fd72c605b,2233,cancel_transfer,2194,development
cadcbd528285fb037a6f,6012,pending_transfer,5904,development
cadfa0afd42b826edfea,3083,getting_virtual_card,3029,development
cae13982b2e8679cc0c5,4277,topping_up_by_card,4200,development
cae3cdbb0f41aac71e9d,4730,direct_debit_payment_not_recognised,4645,development
cae4d3b1eba2889d6b0b,8381,get_disposable_virtual_card,8216,development
caee92ad2ad73765e9b0,8246,wrong_exchange_rate_for_cash_withdrawal,8084,development
caf3583a2fa100bbdf68,3732,edit_personal_details,3669,development
caf53aa8f45ee537ad38,6341,transaction_charged_twice,6223,development
caf952a334ce3dfb16a2,4660,direct_debit_payment_not_recognised,4576,development
cb014a8ec734613e9481,635,extra_charge_on_statement,627,development
cb0762c164b18f1ee757,2733,transfer_not_received_by_recipient,2685,development
cb0b88ea00656e46c6a4,9987,country_support,9796,development
cb0ba958ece43efe8c78,3655,edit_personal_details,3593,development
cb16099d903def03e1c9,6354,transaction_charged_twice,6236,development
cb2152ff108631fc8e64,7870,getting_spare_card,7714,development
cb3403756178aa504674,1267,card_not_working,1249,development
cb3afe4763b5c7b90734,218,card_linking,216,development
cb3dff724ff01af59dd2,965,fiat_currency_support,953,development
cb3e87f4d22e4b2f49de,1657,age_limit,1630,development
cb3effa9137d941d802d,195,card_linking,194,development
cb48d4ba782df17629cf,5179,pending_card_payment,5084,development
cb4d58a187f4b8740fe5,8784,cash_withdrawal_not_recognised,8610,development
cb4f66fc35da199c4081,4558,atm_support,4476,development
cb623005c156b8038b77,1349,card_not_working,1330,development
cb66144530276014b1fd,1295,card_not_working,1276,development
cb66cd93a1a6fd13e7a0,4875,passcode_forgotten,4787,development
cb74d6ba5c2161353273,5094,pending_card_payment,5001,development
cb792d1e8b515c780a09,1740,pin_blocked,1712,development
cb7fe542044a19ba906f,4363,disposable_card_limits,4285,development
cb824fa82957736c45b4,4549,atm_support,4467,development
cb8e9ff64eabb0ffbc81,2071,pending_top_up,2035,development
cb8f3a89dcc05d8a228c,4463,compromised_card,4381,development
cba3f460daa55f0b2bdf,8650,balance_not_updated_after_bank_transfer,8477,development
cbac3afc306107826374,1104,card_delivery_estimate,1089,development
cbb479ac72d4d94108a8,3441,balance_not_updated_after_cheque_or_cash_deposit,3380,development
cbbfc1b2de7bfdcabfec,340,exchange_rate,338,development
cbce92984d98fc648927,7468,failed_transfer,7324,development
cbd6ccd631171ef1a949,2977,supported_cards_and_currencies,2925,development
cbe4e4b903648317db67,5051,declined_cash_withdrawal,4960,development
cbef072994c3bc9653b9,5585,declined_transfer,5485,development
cbefb3b62311d2e5cd90,6328,transaction_charged_twice,6210,development
cbf6f553bdd70f01dda3,1544,lost_or_stolen_card,1464,development
cbf9bd3727cd6786264c,9164,top_up_by_card_charge,8988,development
cc008dd4ba0c5ba9368d,5142,pending_card_payment,5049,development
cc02249fcb42907e905c,191,card_linking,190,development
cc2fca6258c2d8fe5a28,682,extra_charge_on_statement,674,development
cc3c88625ed0b1c2ea91,4527,compromised_card,4445,development
cc495fd7c54d15bac5e6,2178,cancel_transfer,2140,development
cc4d71092c73f88b3482,4881,passcode_forgotten,4793,development
cc518c93c0690f92e3c1,7836,getting_spare_card,7680,development
cc581d9df95e39c37fd7,718,extra_charge_on_statement,709,development
cc619b22b5df8178490f,8776,balance_not_updated_after_bank_transfer,8602,development
cc685999462e457cd994,3358,balance_not_updated_after_cheque_or_cash_deposit,3297,development
cc6e2af0cf988b80b874,1716,pin_blocked,1689,development
cc6edb5511d5b42b87b6,783,pending_cash_withdrawal,773,development
cc84254ca595dbde60e3,5467,request_refund,5367,development
cc8b8cbd3774f102931d,9330,activate_my_card,9149,development
cc8df1bffe736f37fcdc,6078,pending_transfer,5966,development
cc8fd9b6dfa10dd69c8e,2856,transfer_not_received_by_recipient,2805,development
cc9fe60d8c4a676898f6,1528,lost_or_stolen_card,1507,development
cca29d42e189182fa885,4202,visa_or_mastercard,4130,development
ccb1ea2031872eb60f9e,2235,top_up_limits,2196,development
ccc009775d176ba07144,902,fiat_currency_support,890,development
ccd2dc6e895409996bc9,4280,topping_up_by_card,4203,development
cce006ae81e1a5b0d0f5,6432,transaction_charged_twice,6310,development
ccede50df85168f7b8f3,7579,transfer_into_account,7434,development
ccf175a276b79dad8ca6,5955,declined_card_payment,5848,development
cd055f03870cdbd44428,4137,visa_or_mastercard,4068,development
cd1c559193f76e2390d2,2114,cancel_transfer,2077,development
cd1e3f3b3fa60ab9c553,4964,declined_cash_withdrawal,4874,development
cd1e7158b593e73426a3,6921,change_pin,6783,development
cd20865c437f0f811692,8991,exchange_charge,8817,development
cd209aaf84385bf0d841,9422,cash_withdrawal_charge,9240,development
cd22c2f061839bb99f19,4158,visa_or_mastercard,4089,development
cd2b3a958bd269dca311,2968,supported_cards_and_currencies,2917,development
cd34ba62fbc9284a0faf,3310,balance_not_updated_after_cheque_or_cash_deposit,3250,development
cd352336087d93e6fae0,2156,cancel_transfer,2118,development
cd35526fe5594d3ef218,7333,receiving_money,7189,development
cd40c03cba7cb58fa4e0,4590,atm_support,4507,development
cd54245fa7d7f2bf5d30,5926,declined_card_payment,5820,development
cd58fd50689c9b51732c,9331,activate_my_card,9150,development
cd666e15181319d0b272,7243,transfer_fee_charged,7102,development
cd66e27fa5744678ffe8,1642,age_limit,1615,development
cd71b893f37087e9f967,749,pending_cash_withdrawal,739,development
cd84cfe47299c645cd78,4828,passcode_forgotten,4741,development
cd86023fcc91a12f27c1,9513,cash_withdrawal_charge,9331,development
cd8792d112feb8c87417,1655,age_limit,1628,development
cd88819685da662b16a4,914,fiat_currency_support,902,development
cd892fb15fd5f537a973,8773,balance_not_updated_after_bank_transfer,8599,development
cd8e5cabf8015272de57,2441,wrong_amount_of_cash_received,2396,development
cdbaa6a1b53aedc73a24,5802,Refund_not_showing_up,5698,development
cdbcdc7433a0a37aba17,2748,transfer_not_received_by_recipient,2699,development
cdbe631b590e32706941,4121,visa_or_mastercard,4052,development
cdced5e9dcf0a3ffd4dd,9801,verify_my_identity,9614,development
cde1f88983a07b90322e,2502,wrong_amount_of_cash_received,2457,development
cde56130ea7a26f61a6f,4307,topping_up_by_card,4230,development
cdec439fb610ba655b39,6990,change_pin,6851,development
cdf64eebddb275ed4d21,5502,request_refund,5402,development
cdfaddf03caeb30bf2c6,3542,card_payment_not_recognised,3480,development
cdfdc30767285701c518,9395,cash_withdrawal_charge,9214,development
ce0fc80761fe06e67e32,5327,lost_or_stolen_phone,5229,development
ce21a042d1209f4e164e,9676,apple_pay_or_google_pay,9493,development
ce2a163e1bfed7932f98,6542,verify_source_of_funds,6414,development
ce2af726d056a6fcd958,5582,declined_transfer,5482,development
ce34622c14841f3581cb,6126,pending_transfer,5910,development
ce34c6c76bb6c8c9814a,2908,supported_cards_and_currencies,2857,development
ce41929f8971c86be145,541,card_payment_wrong_exchange_rate,535,development
ce43db8995b43649f792,2890,supported_cards_and_currencies,2839,development
ce5054646ec5dbd8731d,1629,age_limit,1602,development
ce6bc525688547c15735,4175,visa_or_mastercard,4086,development
ce6ec739148b3a666c15,2791,transfer_not_received_by_recipient,2740,development
ce8ca96571227236a27d,9411,cash_withdrawal_charge,9229,development
ce978a56b4cad391aa4e,1409,exchange_via_app,1390,development
ce9a1cb65d094794fc7a,8154,order_physical_card,7993,development
cea55b69167e960d7746,932,fiat_currency_support,920,development
ceae868ee3658237dd8c,7245,transfer_fee_charged,7104,development
ceafed823c34ebd9df66,9671,apple_pay_or_google_pay,9488,development
ceb2ec9de97b0f0bbe48,7891,getting_spare_card,7735,development
cec4e668218b0f6f80bb,362,exchange_rate,359,development
ced11e851378bc0c16d4,2085,cancel_transfer,2048,development
ced48a2375ece28785b9,8293,wrong_exchange_rate_for_cash_withdrawal,8130,development
ced5cf1c6a1cfcc917eb,7722,verify_top_up,7576,development
ced791b815b1e5d25fe7,9967,country_support,9777,development
cee1188f452aac665df9,1732,pin_blocked,1704,development
cee12bf56a535637a6b0,1317,card_not_working,1298,development
cee54dd1de895a671583,5835,Refund_not_showing_up,5730,development
cef17cea42345c2c1e22,9581,card_about_to_expire,9398,development
cef3e81ed25107e1868a,9488,cash_withdrawal_charge,9306,development
cefc2d45f3de5fb60c03,9647,apple_pay_or_google_pay,9464,development
cf02121c219ff27b777c,3859,why_verify_identity,3793,development
cf0d440f680c3b2653b4,7769,verify_top_up,7617,development
cf112957b6f324a7ea30,9406,cash_withdrawal_charge,9225,development
cf16112a5455d37a022d,2388,wrong_amount_of_cash_received,2343,development
cf1d39f58d5ad919dffd,4198,visa_or_mastercard,4126,development
cf21a8f3dbc3b6ecc553,4212,visa_or_mastercard,4084,development
cf2833520614182b6d0d,7222,transfer_fee_charged,7081,development
cf2ba6a6660252bd9012,7807,getting_spare_card,7651,development
cf3804c230d86c1e62dd,2163,cancel_transfer,2125,development
cf3dbbd7272f4206cdd4,8859,cash_withdrawal_not_recognised,8685,development
cf42aeb93d6b4700b16c,247,card_linking,245,development
cf47b6762f4b6864ec09,8870,cash_withdrawal_not_recognised,8696,development
cf48fbf6dca4531032c6,2895,supported_cards_and_currencies,2844,development
cf49a6593cf43fdfe099,5092,pending_card_payment,4999,development
cf4e26a6724bae11b0d3,2058,pending_top_up,2023,development
cf6e05fbef5d6591ce36,7327,transfer_fee_charged,7183,development
cf7db8b06addf9356a6b,3408,balance_not_updated_after_cheque_or_cash_deposit,3347,development
cf7fd42d2c58069b497b,8071,order_physical_card,7913,development
cf84268fe3d7c8d6274a,326,exchange_rate,324,development
cf85896e19a0dd23ce79,18,card_arrival,18,development
cf8ab6ebba1e1dff119d,9640,card_about_to_expire,9457,development
cf8b61e5bcba9eda28ba,299,exchange_rate,297,development
cfa5b89988ffc9210e8a,8812,cash_withdrawal_not_recognised,8638,development
cfb1c3bbfcfb7699fb08,5401,request_refund,5303,development
cfb7d7e7e7605b859648,4644,direct_debit_payment_not_recognised,4560,development
cfba127cad9dcb0fd3e4,8822,cash_withdrawal_not_recognised,8648,development
cfbb209e67824f604839,8535,top_up_failed,8362,development
cfbc5d9f8cfca4f5ed56,1951,pending_top_up,1922,development
cfc086ef638e41533582,8263,wrong_exchange_rate_for_cash_withdrawal,8100,development
cfc911ce41682897d640,5902,declined_card_payment,5796,development
cfcab82622496cca4a62,6392,transaction_charged_twice,6273,development
cfce13d234ca1c931c2b,5901,declined_card_payment,5795,development
cfd19dd3863e4c265142,3327,balance_not_updated_after_cheque_or_cash_deposit,3267,development
cfd35e44bbe65104082b,6862,reverted_card_payment?,6726,development
cfd874bc01413ee19569,9398,cash_withdrawal_charge,9217,development
cfdf67dd886409490d8a,2788,transfer_not_received_by_recipient,2737,development
cfed3f34d204ea755788,721,extra_charge_on_statement,712,development
cff64939a946db0391b6,8397,get_disposable_virtual_card,8231,development
cffffd6e085c6b97c022,3840,why_verify_identity,3774,development
d004a894ba7f9e4e8aad,708,extra_charge_on_statement,699,development
d00df3de48a71da35326,9893,country_support,9703,development
d010ef813a91f372201d,6375,transaction_charged_twice,6256,development
d0237440f34f221cb8ec,838,pending_cash_withdrawal,827,development
d02667846bc3f40a4bcc,1328,card_not_working,1309,development
d02a0107fd02fbb7a8ae,4025,get_physical_card,3958,development
d030ca8e9d5153019288,5595,declined_transfer,5495,development
d031128e117367123dd7,6071,pending_transfer,5959,development
d032853f93573dd60730,6370,transaction_charged_twice,6251,development
d0404255205625222db9,5574,declined_transfer,5474,development
d0410adb8454cc87330b,7525,failed_transfer,7381,development
d0475008938ef1805a07,3258,top_up_reverted,3199,development
d059125724a7d39a0036,5149,pending_card_payment,5055,development
d05ff937334ce2fdfbba,6065,pending_transfer,5939,development
d0600cb8a3a6acd5330b,4435,disposable_card_limits,4355,development
d06b71bce60ba463e35e,5547,declined_transfer,5447,development
d06ba7cb62dc601f6ac2,1568,age_limit,1544,development
d0712cc759c4eb64a2f6,5890,declined_card_payment,5785,development
d0806e89681fe70f7259,3436,balance_not_updated_after_cheque_or_cash_deposit,3375,development
d08211049b9fdf91ebeb,3003,getting_virtual_card,2951,development
d0861f5e7660730353c3,5967,declined_card_payment,5860,development
d0891bb38112f7baf210,7703,verify_top_up,7558,development
d094776087e53b19411b,6096,pending_transfer,5982,development
d0ca779baf7ec06b1290,7372,receiving_money,7228,development
d0d3988270185ab34fd4,7647,transfer_into_account,7502,development
d0db4f2c010f58d22c7e,9566,card_about_to_expire,9383,development
d0ddd7a3d486b46f7c79,1354,card_not_working,1335,development
d0e1bfbebf1cfd364733,2149,cancel_transfer,2111,development
d0e2e1a9f36568cf2180,1664,age_limit,1637,development
d0e6a5cd5ba9816bd688,3340,balance_not_updated_after_cheque_or_cash_deposit,3280,development
d0f7ceafea60bdb62480,5912,declined_card_payment,5806,development
d0f8ee67c285850e7fe3,7563,failed_transfer,7343,development
d102216dff0e3c195be6,967,fiat_currency_support,955,development
d10292c8eab8e7d2b08c,5685,Refund_not_showing_up,5582,development
d1085e0b125071ddbda0,6636,transfer_timing,6506,development
d10eb955c66307572c31,5999,pending_transfer,5891,development
d1117fae6ff1519182d8,3765,edit_personal_details,3699,development
d13917d0868a054da2ff,6779,reverted_card_payment?,6644,development
d13b32cbd109744066d8,6272,card_swallowed,6154,development
d13cfe84222b76dbf955,8961,exchange_charge,8787,development
d14060bf4aa48316adb8,1325,card_not_working,1306,development
d140d938750cd8d09459,6479,transaction_charged_twice,6356,development
d1421486fc0e4f61caa7,1611,age_limit,1585,development
d1469311dc08d41d9ceb,2327,top_up_limits,2282,development
d15163fdd602d9d84d3d,1893,top_up_by_bank_transfer_charge,1865,development
d151699d5ff83cbbf621,9910,country_support,9720,development
d166ae66d7e2cd541ca4,8010,top_up_by_cash_or_cheque,7853,development
d1700ecbd93bdf710497,7223,transfer_fee_charged,7082,development
d170b82e4afeb19866f4,1479,lost_or_stolen_card,1459,development
d17ebdf1691b27376db6,8560,top_up_failed,8387,development
d180fb86e0c9d68dee2a,5245,pending_card_payment,5148,development
d192549513b60409d953,2780,transfer_not_received_by_recipient,2730,development
d19e8154943d086a45cb,7474,failed_transfer,7330,development
d1b1888db4d6d9b50ba8,8117,order_physical_card,7959,development
d1c205c6782e52cc0724,4551,atm_support,4469,development
d1c8b0bd76a1be1f3902,5696,Refund_not_showing_up,5593,development
d1cafef353ad54282673,560,card_payment_wrong_exchange_rate,554,development
d1ceeb420ceaa7c176b6,3365,balance_not_updated_after_cheque_or_cash_deposit,3304,development
d1da3b73ec315b38e7dd,3803,why_verify_identity,3737,development
d1dc6a7be9c1282ac110,1496,lost_or_stolen_card,1476,development
d201a7f730314ca49172,4011,get_physical_card,3944,development
d2038b6a7bb626b09e5c,9375,cash_withdrawal_charge,9194,development
d20c8d8fe9f988ebc6d4,9425,cash_withdrawal_charge,9243,development
d21d20512df2b660c2e7,3632,card_payment_not_recognised,3570,development
d223abb563cf3ab20967,7526,failed_transfer,7382,development
d225e8df4ef8c6c259bc,1383,exchange_via_app,1364,development
d2272f1ece531acdd863,6164,terminate_account,6048,development
d228f56cd7bda8e1a888,6401,transaction_charged_twice,6282,development
d232ce3e61b686ff21c1,1017,card_delivery_estimate,1005,development
d236fb26cdd1491ad087,5868,declined_card_payment,5763,development
d240dfce3e4a79b4d594,5944,declined_card_payment,5837,development
d2459ce400d5e40da968,9972,country_support,9781,development
d256f31cc408638a9b97,7347,receiving_money,7203,development
d25ade4320d06f9ed67f,3590,card_payment_not_recognised,3528,development
d25ba72388d9957ea7ef,157,card_linking,156,development
d25e29d001817be52295,6635,transfer_timing,6505,development
d25fff704eab225226db,1597,age_limit,1536,development
d261420b6f931c9d1f74,2369,wrong_amount_of_cash_received,2324,development
d264397a31407586521e,6618,transfer_timing,6488,development
d2693f41368da4a1d2fa,1898,top_up_by_bank_transfer_charge,1870,development
d2763669bdf513960f11,469,card_payment_wrong_exchange_rate,464,development
d2909248bb6e5f87adcf,9530,card_about_to_expire,9348,development
d2937d550280f527eec3,9919,country_support,9729,development
d293d14cfc57e70a22a5,2900,supported_cards_and_currencies,2849,development
d29bd453f20fb4dc5afb,2725,transfer_not_received_by_recipient,2677,development
d2a0dcc6194958e2eb9a,7430,failed_transfer,7286,development
d2a7ae59d538810fab9a,2719,transfer_not_received_by_recipient,2671,development
d2c17a8519d079f2a343,5774,Refund_not_showing_up,5671,development
d2cf0df5a11982266c9c,1838,top_up_by_bank_transfer_charge,1810,development
d2d228b1d484c9740110,7072,beneficiary_not_allowed,6932,development
d2dc5729b22c6e8d8fa5,4022,get_physical_card,3955,development
d2de45432ad7707e7427,6001,pending_transfer,5893,development
d2e409885c01ad532aeb,2917,supported_cards_and_currencies,2866,development
d2e9dad30590248d0a67,97,card_arrival,97,development
d2eba10b73c3d4cfc69d,6527,verify_source_of_funds,6402,development
d2fc5766d1d9da6879c3,8844,cash_withdrawal_not_recognised,8670,development
d304eb4ff3c33c58301b,2806,transfer_not_received_by_recipient,2755,development
d30a5c0e75fefdaec5da,6993,change_pin,6854,development
d30aaa587fd76aca0b7c,8031,top_up_by_cash_or_cheque,7874,development
d30ae0e4d02a89a12c0a,6774,reverted_card_payment?,6639,development
d312033b74fa9d7c020a,1156,automatic_top_up,1141,development
d3151d53ec1a82faf83c,3447,balance_not_updated_after_cheque_or_cash_deposit,3386,development
d319a23b797d8069c5b3,1617,age_limit,1591,development
d31e650226037bf69e11,1696,pin_blocked,1669,development
d333e8a0cc601836184c,9442,cash_withdrawal_charge,9260,development
d33cd19048f2cb1c7b61,7285,transfer_fee_charged,7143,development
d3430b1a840408a6185a,5345,lost_or_stolen_phone,5247,development
d3445301739e8ea826bf,3924,unable_to_verify_identity,3858,development
d345438eeb27fee76d8a,5584,declined_transfer,5484,development
d347fe87d4b81d98d8b0,7657,transfer_into_account,7512,development
d3598cd2264cbfee04f2,9891,country_support,9701,development
d3606cf38d26b474299f,6606,transfer_timing,6476,development
d360b4907667d9d89265,5304,lost_or_stolen_phone,5206,development
d36720e1f61fae99d3e2,1842,top_up_by_bank_transfer_charge,1814,development
d36f0aaccc68ead7cf9d,2565,card_payment_fee_charged,2519,development
d37096432c07664bda49,1230,automatic_top_up,1192,development
d3793b5289054899ea6c,4738,direct_debit_payment_not_recognised,4653,development
d3823a3ad1e798dc4a16,2283,top_up_limits,2241,development
d3824d844b442f17eb3b,8763,balance_not_updated_after_bank_transfer,8589,development
d389b476148892db63d3,6351,transaction_charged_twice,6233,development
d38c8ce27f5f282ea28b,9198,activate_my_card,9022,development
d38fae78f1c388e7bf23,7545,failed_transfer,7401,development
d3bdb734e0b78107187c,2184,cancel_transfer,2146,development
d3c1f74683e611825c00,4817,passcode_forgotten,4730,development
d3c23ae8240246aabb52,3126,card_acceptance,3072,development
d3c34476a882fda30b33,3954,unable_to_verify_identity,3888,development
d3c7da59bf58cb96b4da,8825,cash_withdrawal_not_recognised,8651,development
d3d2cc4937adb772a5cd,6556,verify_source_of_funds,6428,development
d3d8050a225285baea7d,8734,balance_not_updated_after_bank_transfer,8560,development
d3eccb5345f70b2feb14,7234,transfer_fee_charged,7093,development
d3f08f9254f70d0a1c82,7844,getting_spare_card,7688,development
d3fb5d5dd2979fb870a2,4294,topping_up_by_card,4217,development
d3fc653375d7b4966bd4,797,pending_cash_withdrawal,787,development
d3fe9798bb513c7a19b6,5916,declined_card_payment,5810,development
d3ff1bd515b19163c7de,5101,pending_card_payment,5008,development
d40d1e71af946c1b4255,5550,declined_transfer,5450,development
d40ea6960eb4e7eb9c27,4164,visa_or_mastercard,4095,development
d427825dc6cc36d5dc50,926,fiat_currency_support,914,development
d428848e7d0b5b834c16,5557,declined_transfer,5457,development
d42bd51a7b440b8f436f,7145,beneficiary_not_allowed,7004,development
d42d28cd17b5b0a44ea0,122,card_arrival,121,development
d439432d4f192c67eedd,5050,declined_cash_withdrawal,4959,development
d43c3acb36e728233144,3758,edit_personal_details,3692,development
d44253b308fdb204c611,7783,verify_top_up,7629,development
d44f641c452c50107fd9,8910,cash_withdrawal_not_recognised,8736,development
d458df2e37bb2d411e4b,2610,card_payment_fee_charged,2564,development
d459055f8729e4debe9e,7570,transfer_into_account,7425,development
d45ef157e0d7350f0dda,5671,declined_transfer,5568,development
d4774faeb0425bc1a9cc,1199,automatic_top_up,1183,development
d479d235b465ff639f81,1569,age_limit,1545,development
d480b55fb882f812174a,9183,activate_my_card,9007,development
d482791ad59622bcad72,6193,terminate_account,6077,development
d4889813b1a43ba6318e,162,card_linking,161,development
d48a5ee082fce86236f0,1892,top_up_by_bank_transfer_charge,1864,development
d48b4b2fe12efde94d96,4465,compromised_card,4383,development
d4921da30b5aa30fa45a,8318,wrong_exchange_rate_for_cash_withdrawal,8154,development
d4a2c3aa8ae67fa6d44f,4777,direct_debit_payment_not_recognised,4691,development
d4a44c63679e06e38015,7788,verify_top_up,7634,development
d4ab4faa73f37da06758,1747,pin_blocked,1719,development
d4ae5d9266e4633635a7,8465,get_disposable_virtual_card,8298,development
d4b1642e0beb635d4a0e,8745,balance_not_updated_after_bank_transfer,8571,development
d4b3f4a912cb658c1a9d,2404,wrong_amount_of_cash_received,2359,development
d4bd7ece55de551318d8,4929,declined_cash_withdrawal,4840,development
d4c1802d6e5ea495fda5,2798,transfer_not_received_by_recipient,2747,development
d4cf6b721e639cd9f73d,2578,card_payment_fee_charged,2532,development
d4d8acfdca7bf54de86b,2319,top_up_limits,2274,development
d4f1267b3ba69e219004,8981,exchange_charge,8807,development
d4fd2d1813915101ca6f,6666,transfer_timing,6536,development
d5235d337a4b60ca3d8f,6321,transaction_charged_twice,6203,development
d52418fbfb249176aa92,9144,top_up_by_card_charge,8968,development
d5280211ccfa5d2a6730,1826,top_up_by_bank_transfer_charge,1798,development
d528c56f599a551960d1,1157,automatic_top_up,1142,development
d53a7d089890fa14b875,4788,direct_debit_payment_not_recognised,4702,development
d53ae1dae0828a1e8ed2,5885,declined_card_payment,5780,development
d53dfa1d99de555453fe,6222,terminate_account,6105,development
d53f044cb051f2c434f3,4630,atm_support,4546,development
d54af06e2c2e10c0f38f,5869,declined_card_payment,5764,development
d551a663daa02a993c9e,3595,card_payment_not_recognised,3533,development
d55b505b7f5b62f1535b,8724,balance_not_updated_after_bank_transfer,8550,development
d55c346a30872d52318b,804,pending_cash_withdrawal,794,development
d5645a847924debe43fd,4089,get_physical_card,4022,development
d56494d594631114a558,7481,failed_transfer,7337,development
d56eba50703eea1383a1,5886,declined_card_payment,5781,development
d574fe7e065dff8aee49,6069,pending_transfer,5957,development
d5775f313409d0fcd303,7915,getting_spare_card,7759,development
d57936386f75e839679e,9035,exchange_charge,8861,development
d57a1e4b1185d414034e,763,pending_cash_withdrawal,753,development
d58cadfd0dd9e574e33c,2323,top_up_limits,2278,development
d58d849acca6004789c4,7042,beneficiary_not_allowed,6902,development
d598ae28dce25d2b63f9,8575,top_up_failed,8402,development
d599b0999c6a98a139cc,5386,request_refund,5288,development
d59f561af13e74573076,5546,declined_transfer,5446,development
d5a9f25e0bb93e90d8a1,6838,reverted_card_payment?,6702,development
d5b772dfef6fcc1c2807,9126,top_up_by_card_charge,8951,development
d5be3dd53a41dd2caeb7,1910,top_up_by_bank_transfer_charge,1881,development
d5c2c2e93a2aa5464336,1896,top_up_by_bank_transfer_charge,1868,development
d5c973d9eefc51007695,7484,failed_transfer,7340,development
d5d7601952defc6dafa1,222,card_linking,220,development
d6051bc7a77089402922,6747,reverted_card_payment?,6613,development
d60ef2beaadd2dc165d8,3862,why_verify_identity,3796,development
d61726298403a44e13a6,8387,get_disposable_virtual_card,8222,development
d61810321b55748ef5c6,6468,transaction_charged_twice,6345,development
d61cc74dc9fce7d7ff87,5782,Refund_not_showing_up,5679,development
d62d2427bf1331422322,1828,top_up_by_bank_transfer_charge,1800,development
d635848dd53048534214,4866,passcode_forgotten,4779,development
d63c1a6b480aeaef1797,8659,balance_not_updated_after_bank_transfer,8486,development
d64ac8813d340754f961,4807,direct_debit_payment_not_recognised,4720,development
d653bd429c7a6baf74d3,1765,pin_blocked,1737,development
d654da88257c9e3b5521,3193,top_up_reverted,3136,development
d66408d44b9b4f440f6d,7485,failed_transfer,7341,development
d664f83a9f80a5f76c4a,1793,contactless_not_working,1765,development
d66fc94c4660be8b45e7,7805,getting_spare_card,7649,development
d675864049a08b447e32,6786,reverted_card_payment?,6651,development
d680d06ef010f74c3cd2,9452,cash_withdrawal_charge,9270,development
d6a8255e9f0ed678f4b2,1478,lost_or_stolen_card,1458,development
d6a877dbe140dace9223,4082,get_physical_card,4015,development
d6aa36c9921930d5e1e1,9833,verify_my_identity,9646,development
d6b75d77b558589ad8cf,7594,transfer_into_account,7449,development
d6bc0c866a091f3ffe08,1914,top_up_by_bank_transfer_charge,1885,development
d6cbc7a941a3c83932ca,4451,disposable_card_limits,4370,development
d6e2a76367096ab1ea86,4611,atm_support,4527,development
d6e58bb2c1d8a3efafff,5592,declined_transfer,5492,development
d6eb439e43c0af556e49,4712,direct_debit_payment_not_recognised,4628,development
d717304202dd79683888,9797,verify_my_identity,9610,development
d73073f02f5ab9375b94,969,fiat_currency_support,957,development
d7358f350642ecf21c23,199,card_linking,197,development
d7398216b6a2463ac6f5,7152,beneficiary_not_allowed,7011,development
d73ba611b5d8c1e27484,7336,receiving_money,7192,development
d747779865ef731ffe5c,5896,declined_card_payment,5791,development
d74a073175529259b437,72,card_arrival,72,development
d7544685c5485fac73df,7544,failed_transfer,7400,development
d75742a93b7ced9a0841,1767,pin_blocked,1739,development
d762b96c6d2e533297cc,8600,top_up_failed,8427,development
d762be3f77d5ead4614d,4936,declined_cash_withdrawal,4847,development
d7632e8ccc63769d1d46,2984,supported_cards_and_currencies,2932,development
d7634aa3bcae11224322,3386,balance_not_updated_after_cheque_or_cash_deposit,3325,development
d777c82107b2396f0e24,5305,lost_or_stolen_phone,5207,development
d782483fc44f3d8b24fa,4957,declined_cash_withdrawal,4849,development
d782fd387beb41d4e68c,9898,country_support,9708,development
d7848d2965fb4f2e33d2,9664,apple_pay_or_google_pay,9481,development
d785116c1729b06952a0,9468,cash_withdrawal_charge,9286,development
d78ad2e22150fed5f552,1584,age_limit,1560,development
d78e92558a0a8d61032b,9037,exchange_charge,8863,development
d7915d865fd679447aa6,979,fiat_currency_support,967,development
d792e623e55b8f4dc0be,7230,transfer_fee_charged,7089,development
d793737496b09accebfe,6042,pending_transfer,5934,development
d79d5b87b6899adf0d4e,5605,declined_transfer,5504,development
d79e09e6b3e34b478af7,3892,unable_to_verify_identity,3826,development
d7a9eb0e55a6d452865f,2516,card_payment_fee_charged,2471,development
d7ab933d0c5715c3ad1c,9913,country_support,9723,development
d7b19f9b85877b83f66a,2459,wrong_amount_of_cash_received,2414,development
d7b6c98871d87962a398,3719,edit_personal_details,3656,development
d7bd0ae9443366da4a71,2232,cancel_transfer,2193,development
d7c008fd1470922c8cbd,6654,transfer_timing,6524,development
d7c02d6521e4a55649d5,5349,lost_or_stolen_phone,5251,development
d7c267db799c097f2ebb,2713,transfer_not_received_by_recipient,2665,development
d7c4389d4f95a7dbd5ab,1037,card_delivery_estimate,1025,development
d7c67dc80bc55d4121c9,7937,top_up_by_cash_or_cheque,7781,development
d7c955816e5188d74063,5426,request_refund,5327,development
d7caf1b662fc51c1e2e9,5048,declined_cash_withdrawal,4957,development
d7d9fc24a8e067eeeb3e,1981,pending_top_up,1952,development
d7ec1192c57314fd51dc,1585,age_limit,1536,development
d7f73b708f9d13cbc18d,6283,card_swallowed,6165,development
d7f789c449fc611fab3f,891,fiat_currency_support,879,development
d7fe653bbab9d99bc645,1948,pending_top_up,1919,development
d7fe894a412ff892bdcc,4988,declined_cash_withdrawal,4898,development
d80af4861c013bebdfce,3696,edit_personal_details,3633,development
d8115393b6ac3abddc5c,234,card_linking,232,development
d815355cddbc988b099c,479,card_payment_wrong_exchange_rate,474,development
d829d9d0fd0eebbcc687,7759,verify_top_up,7608,development
d8333fd8eeae270ebf78,9211,activate_my_card,9034,development
d8383860ab5470f29d92,1252,card_not_working,1234,development
d838c895c70181b1e075,6807,reverted_card_payment?,6672,development
d838f9a37e16a04ea6b7,715,extra_charge_on_statement,706,development
d83b77c9b7760fb48fb7,4306,topping_up_by_card,4229,development
d84d57fb592ea7291c0b,594,extra_charge_on_statement,588,development
d868d3d0a1d078cccfea,4333,topping_up_by_card,4256,development
d86999aea6a2af39245c,4882,passcode_forgotten,4794,development
d87474c817cee399e622,2627,card_payment_fee_charged,2581,development
d887adfad691376d0490,5666,declined_transfer,5564,development
d88b85faad8da611b320,942,fiat_currency_support,930,development
d8901abb0aba7fba2d76,5424,request_refund,5325,development
d8980df0752c50f5552b,3119,card_acceptance,3065,development
d898ba4800748b1a5241,7264,transfer_fee_charged,7123,development
d8a25c54eefc612dfecc,7364,receiving_money,7220,development
d8a59f47a0753c7e747b,9156,top_up_by_card_charge,8980,development
d8a5ed5d3b7a9ccbc376,7768,verify_top_up,7616,development
d8a88473526f4e37f79a,9328,activate_my_card,9147,development
d8bc41322166a3aaf744,1340,card_not_working,1321,development
d8c96ea7789036282c5e,8094,order_physical_card,7936,development
d8cd4ed3fe875f1fae04,646,extra_charge_on_statement,638,development
d8d24e2af05309ceb921,7747,verify_top_up,7599,development
d8d87878a4b260c03b44,2094,cancel_transfer,2057,development
d8da4a26f68ab7ceb7ad,386,exchange_rate,381,development
d8e1dc171dfc502bf4a9,7749,verify_top_up,7600,development
d8e29e8a4d53f5c943a1,9080,top_up_by_card_charge,8905,development
d8ea4929b4bca5d7400a,5684,Refund_not_showing_up,5581,development
d8ef34193bfcd648b14c,4290,topping_up_by_card,4213,development
d8f39c6663e24fd8288e,1582,age_limit,1558,development
d8f43b9bc784b853a37d,1186,automatic_top_up,1170,development
d8f6276711dddabc2c82,5140,pending_card_payment,5047,development
d8f6db3fc005c7164731,6846,reverted_card_payment?,6710,development
d909a77a64a884590a74,7827,getting_spare_card,7671,development
d9107fb93ddaabefb0e1,9431,cash_withdrawal_charge,9249,development
d91cf4b183b79fd785de,6453,transaction_charged_twice,6201,development
d91f4aa977e2e14bec3d,7667,transfer_into_account,7522,development
d92526ddbace88f48d81,825,pending_cash_withdrawal,815,development
d92cf8e7a17c4e4cec56,1702,pin_blocked,1675,development
d931b9a7ed23eabcceb3,110,card_arrival,110,development
d939a29751b888718c00,6203,terminate_account,6087,development
d94370db7040378e722d,5493,request_refund,5393,development
d9491355cad8c2052375,4748,direct_debit_payment_not_recognised,4663,development
d94d9125c500fe615d33,6525,verify_source_of_funds,6400,development
d955243ecf873511236c,6501,verify_source_of_funds,6378,development
d965ff4aecbaa8c9c7bc,4540,compromised_card,4458,development
d96e0847ef601e1752d9,3007,getting_virtual_card,2955,development
d97610e8d17f46991a64,8207,virtual_card_not_working,8045,development
d97c2be05c1ecd55a71a,2588,card_payment_fee_charged,2542,development
d987413122d87c8fbb11,3359,balance_not_updated_after_cheque_or_cash_deposit,3298,development
d989938e7f09663a88aa,4241,topping_up_by_card,4164,development
d98c237c6d83e09ebaec,5299,lost_or_stolen_phone,5201,development
d98ef182d5e2c62b6b64,9163,top_up_by_card_charge,8987,development
d98f1596144f6ce3efec,7209,transfer_fee_charged,7068,development
d98f679de0ecc0d00e39,9453,cash_withdrawal_charge,9271,development
d9a292cd7858a9dfabf4,2457,wrong_amount_of_cash_received,2412,development
d9aa726ee5cbc920e6e0,8945,exchange_charge,8771,development
d9b1d4ee12600b531b30,2868,transfer_not_received_by_recipient,2817,development
d9b735f88f2f284fd252,8317,wrong_exchange_rate_for_cash_withdrawal,8153,development
d9ba8f05cb56fbc4d4ab,1293,card_not_working,1274,development
d9cda3092c72e7623cc8,892,fiat_currency_support,880,development
d9dab8c83fdc601fe520,268,card_linking,266,development
d9dc839eff5ea6d74d4a,7765,verify_top_up,7613,development
d9df0e65b9afaf521b41,5231,pending_card_payment,5135,development
d9e1c437f9ee1f74f02c,6111,pending_transfer,5997,development
d9eea91df9d4a308ec0e,7319,transfer_fee_charged,7176,development
d9f31c4933bf1476b97e,3722,edit_personal_details,3659,development
d9f4c7bd84b47c42f5f8,4906,passcode_forgotten,4818,development
d9f81488a457472289b1,9764,apple_pay_or_google_pay,9577,development
d9f89f4f95c8d4b83149,5638,declined_transfer,5536,development
d9f8f817fb1437799f48,2095,cancel_transfer,2058,development
da0ee2875aced4b53a9e,6524,verify_source_of_funds,6399,development
da15b38b3d2e59f0076a,1036,card_delivery_estimate,1024,development
da210cd89a8f738f50e1,2140,cancel_transfer,2103,development
da2544e77c1f4c16b1cd,2004,pending_top_up,1975,development
da3d1eda43b9b01a210f,2147,cancel_transfer,2109,development
da4173832bf1aa79dbf9,2533,card_payment_fee_charged,2488,development
da4a3ef61e4bab3d9dd2,5817,Refund_not_showing_up,5712,development
da51b4b6e416e472fa84,3875,why_verify_identity,3809,development
da5338d504a107a46fba,3674,edit_personal_details,3612,development
da54550be9c940702c06,4034,get_physical_card,3967,development
da57be3791acc81425d3,9517,card_about_to_expire,9335,development
da66070e89809746afdd,1748,pin_blocked,1720,development
da66a46a676c7f59f27d,5317,lost_or_stolen_phone,5219,development
da67ac00c472b52458aa,9302,activate_my_card,9121,development
da6f3ce207e30606893d,9382,cash_withdrawal_charge,9201,development
da7d29426a59ce2b6ffe,5800,Refund_not_showing_up,5696,development
da7f857addc048ace552,4327,topping_up_by_card,4250,development
da851b9653b85aea41cd,1524,lost_or_stolen_card,1503,development
da88f35a34c3b3faed66,5408,request_refund,5310,development
da8e80ef7e155370d128,1731,pin_blocked,1703,development
da8e8cd76be2038b9ac0,3428,balance_not_updated_after_cheque_or_cash_deposit,3367,development
da8e9e81cc15a19cb38a,6201,terminate_account,6085,development
da8f432374359544ae55,3575,card_payment_not_recognised,3513,development
da8f7e8c767cebb9465f,7981,top_up_by_cash_or_cheque,7824,development
daa233d3e2c5e0e2d9a7,2816,transfer_not_received_by_recipient,2765,development
daa4aff9b1dca5687cc5,7660,transfer_into_account,7515,development
daaebceb3090c17ea413,8205,virtual_card_not_working,8043,development
dab6d9ab6e9fb3390588,6996,change_pin,6857,development
dac8f0d8f18e1af83bc9,2521,card_payment_fee_charged,2476,development
dadf89f1cea4e75084a0,8735,balance_not_updated_after_bank_transfer,8561,development
dae1d7e7e993ff9d5b83,6514,verify_source_of_funds,6391,development
dae8f5afc132a81a8ebd,9999,country_support,9808,development
daf4cc23683e33c42744,8162,order_physical_card,8001,development
daf7c8a4c4eb5589f8f7,8558,top_up_failed,8385,development
db00ffd07d6ecc16c6a2,4344,disposable_card_limits,4267,development
db043de66c74f7eeb7c6,2037,pending_top_up,2003,development
db0a0dccf3127a898eeb,1465,exchange_via_app,1445,development
db1620df179a4476cf4d,4316,topping_up_by_card,4239,development
db1e2d7f6938e5200309,5296,lost_or_stolen_phone,5198,development
db20af3f658123b67fba,986,fiat_currency_support,974,development
db26b817e1d16031c2f4,3587,card_payment_not_recognised,3525,development
db36e608e36617bc9eaf,8244,wrong_exchange_rate_for_cash_withdrawal,8082,development
db3d74a78878290c04ca,8093,order_physical_card,7935,development
db449041c7900d1692eb,2054,pending_top_up,2019,development
db47e5ad97962af2824a,9639,card_about_to_expire,9456,development
db4942c12aa448d50a1f,6395,transaction_charged_twice,6276,development
db4f9ae49fc61da1d2ec,4548,atm_support,4466,development
db529bb5a9a38b85ee78,4367,disposable_card_limits,4289,development
db58235262216431f604,5737,Refund_not_showing_up,5634,development
db65ccd20ee56e1357de,8881,cash_withdrawal_not_recognised,8707,development
db6bb0c4900dd1ae65c3,3301,balance_not_updated_after_cheque_or_cash_deposit,3241,development
db6f00f43612a8a72f20,6232,terminate_account,6115,development
db6f2e616884eeb4ea04,1888,top_up_by_bank_transfer_charge,1860,development
db8a4b1a877803db9c2d,1445,exchange_via_app,1425,development
db8b1768a2242d179f6a,2322,top_up_limits,2277,development
db908cb9eee499b24ead,4460,compromised_card,4378,development
db95b06e31b48d68763e,9962,country_support,9772,development
db9d72f3e7271832b488,6794,reverted_card_payment?,6659,development
dba9df6430ac652dafe4,1966,pending_top_up,1937,development
dbac1b52dd3556beb2ee,7190,transfer_fee_charged,7049,development
dbac786409f28cb1369e,2031,pending_top_up,1997,development
dbb963058dc4038939fa,1877,top_up_by_bank_transfer_charge,1849,development
dbc143a11d22c8aef0c9,1081,card_delivery_estimate,1066,development
dbc366bf512ab8686221,4911,passcode_forgotten,4823,development
dbcf003d48411fc84ba8,7254,transfer_fee_charged,7113,development
dbe212dd763cf5b79011,8685,balance_not_updated_after_bank_transfer,8511,development
dbe9669446993a282fee,8890,cash_withdrawal_not_recognised,8716,development
dbf3dd800acab1010027,3584,card_payment_not_recognised,3522,development
dbf87b7b2a9bf9ee48cd,5674,Refund_not_showing_up,5571,development
dbf8cc4739b8414b5834,5686,Refund_not_showing_up,5583,development
dbfad39aa66107232dfd,428,card_payment_wrong_exchange_rate,423,development
dc01daa24c9e328f7e61,1171,automatic_top_up,1155,development
dc03139ea4b6767562be,374,exchange_rate,370,development
dc037209af888e6a60b3,6569,verify_source_of_funds,6440,development
dc0900fe5cc08bd7ad5c,7944,top_up_by_cash_or_cheque,7788,development
dc0b04b52adc86645535,60,card_arrival,60,development
dc1c6e6291e844139793,5194,pending_card_payment,5099,development
dc22cebd836a3fa4aad1,3135,card_acceptance,3081,development
dc31da5edfe162ccd6a6,4923,declined_cash_withdrawal,4834,development
dc4204b41a3ed449ed53,206,card_linking,204,development
dc42beafeaf44a25f07b,8688,balance_not_updated_after_bank_transfer,8514,development
dc45278299f1e23c459a,4023,get_physical_card,3956,development
dc468949896848bec4b8,194,card_linking,193,development
dc4ce4f7228f48a88d43,5172,pending_card_payment,5077,development
dc5178ce56b1cd6f1436,3387,balance_not_updated_after_cheque_or_cash_deposit,3326,development
dc6153590f40cf26c799,6804,reverted_card_payment?,6669,development
dc638f905dd4cc2da48e,6439,transaction_charged_twice,6317,development
dc71b0397f35571293dc,354,exchange_rate,351,development
dc74e2614b9fab92d831,9172,top_up_by_card_charge,8996,development
dc758a4a19db6c93849d,701,extra_charge_on_statement,692,development
dc77f6c5fc1e29490a95,1851,top_up_by_bank_transfer_charge,1823,development
dc7fc962760e65c8ce52,1668,pin_blocked,1641,development
dc82bb064ea3b412aeb7,8552,top_up_failed,8379,development
dc8a72cf2a93cf668d70,6358,transaction_charged_twice,6240,development
dc8c22ff869df51c574c,5217,pending_card_payment,5121,development
dc8d37c10c0eccb5708f,1226,automatic_top_up,1209,development
dc9233dea1b280624a57,5898,declined_card_payment,5793,development
dc94e3ca2dd467c1c6f2,3887,why_verify_identity,3821,development
dc9b09ccff73618e8926,1836,top_up_by_bank_transfer_charge,1808,development
dcb43d6d8d88ef10b254,6927,change_pin,6789,development
dcc7e261d063daf75874,8869,cash_withdrawal_not_recognised,8695,development
dccb277ac409ed20a867,8183,virtual_card_not_working,8021,development
dccf7a7e7c0ee995d5a0,9811,verify_my_identity,9624,development
dcdb07b27a574724d2b6,6674,transfer_timing,6544,development
dcea27cf0f78285acacd,1027,card_delivery_estimate,1015,development
dcee9b151f1ed3453a5e,6465,transaction_charged_twice,6342,development
dcfbd2f84a897c5c95e8,7304,transfer_fee_charged,7162,development
dd096df295143a5c46ed,7640,transfer_into_account,7495,development
dd13508a4a6472236302,4,card_arrival,4,development
dd215bd1bfd8adc25bf7,9578,card_about_to_expire,9395,development
dd262ba4488b8477f0cb,3909,unable_to_verify_identity,3843,development
dd285aace6d6cb349122,2397,wrong_amount_of_cash_received,2352,development
dd33066cc426ee258f20,1671,pin_blocked,1644,development
dd392b6e44cb786baac1,5357,lost_or_stolen_phone,5259,development
dd40c51d25cfa0f1db21,3006,getting_virtual_card,2954,development
dd43e221a4e46393d74c,1347,card_not_working,1328,development
dd485b64b6731ad945ce,3437,balance_not_updated_after_cheque_or_cash_deposit,3376,development
dd490aa983def5486d06,3203,top_up_reverted,3144,development
dd4bccfcdd846e865f8f,3112,card_acceptance,3058,development
dd55e15fa0627d91d8ed,5850,declined_card_payment,5745,development
dd58d8e8e91497486b03,2550,card_payment_fee_charged,2505,development
dd6bf96f90295993fcb6,6590,verify_source_of_funds,6460,development
dd776f3c3e29f6e6f379,1874,top_up_by_bank_transfer_charge,1846,development
dd7c053c4813ffe68010,6013,pending_transfer,5905,development
dd7fe5972185fa230c9f,7210,transfer_fee_charged,7069,development
dd8a74ee0fab006d67e6,1050,card_delivery_estimate,1037,development
dd985f3be319220b278c,7272,transfer_fee_charged,7131,development
dd9eaea9d484c39c49a6,1121,automatic_top_up,1106,development
dd9f6f19caf0eabed618,1209,automatic_top_up,1193,development
dda11940d5b2d518d5f2,4200,visa_or_mastercard,4128,development
dda407eb7d6357f41589,2180,cancel_transfer,2142,development
dda5c16d92b3274dd141,7108,beneficiary_not_allowed,6968,development
ddb85746c6a7b6f0a186,9603,card_about_to_expire,9420,development
ddc0a44471176b5b7d05,9687,apple_pay_or_google_pay,9504,development
ddc5ace731c62c888c81,652,extra_charge_on_statement,644,development
ddd033b9d0285cd874dc,5857,declined_card_payment,5752,development
ddd285ec81b77b9b98fe,7989,top_up_by_cash_or_cheque,7832,development
ddd4a25a6487f0455107,426,card_payment_wrong_exchange_rate,421,development
ddd6e50319585fa88f89,2931,supported_cards_and_currencies,2880,development
dde61dee8e37bd59a12c,3597,card_payment_not_recognised,3535,development
ddf613dc0915e3984373,7181,transfer_fee_charged,7040,development
de0aefcb717ae15a4ac7,98,card_arrival,98,development
de11cd63088ed28d6454,6202,terminate_account,6086,development
de2a94b0e5f91648912b,598,extra_charge_on_statement,592,development
de38a9a288ddd42d4dcd,4847,passcode_forgotten,4760,development
de3c40ae0e28370205d2,8019,top_up_by_cash_or_cheque,7862,development
de406d12e9e9924e1576,5778,Refund_not_showing_up,5675,development
de474f27a1be23779d79,6424,transaction_charged_twice,6303,development
de5ac9afcee613eb08dd,4949,declined_cash_withdrawal,4860,development
de6380baed5b64a3bce8,4767,direct_debit_payment_not_recognised,4681,development
de663a924f1257e87063,8543,top_up_failed,8370,development
de6c74a935cd3067e622,8354,wrong_exchange_rate_for_cash_withdrawal,8189,development
de6d4283c93cbb1d7f44,248,card_linking,246,development
de6f6c3faddf13037f55,2967,supported_cards_and_currencies,2916,development
de7e3dca55b108040e25,7719,verify_top_up,7573,development
de7ea516d2fa0907c025,3667,edit_personal_details,3605,development
de84480ba81c795e91a8,3792,why_verify_identity,3726,development
de87d9f50f6a606d18bd,397,exchange_rate,392,development
de892978d0c569353be1,3996,get_physical_card,3929,development
de8fb725104fb084f92f,2353,wrong_amount_of_cash_received,2308,development
debc2bbcdc980c209bac,9108,top_up_by_card_charge,8933,development
dee019437e4e2baef64b,2050,pending_top_up,2015,development
dee7448daf0ca86893d3,6931,change_pin,6793,development
def076f9cb34763081a1,8427,get_disposable_virtual_card,8261,development
def6a0e53ec2d67fe28b,1091,card_delivery_estimate,1076,development
df08ff83a5e370d8d051,3015,getting_virtual_card,2963,development
df0a1de5fa8533d8e6cd,4898,passcode_forgotten,4810,development
df0c7b21b7b06135a45a,3047,getting_virtual_card,2995,development
df4fa792e56f7bb2f2aa,2403,wrong_amount_of_cash_received,2358,development
df68f3831f66bf3ef0e1,8398,get_disposable_virtual_card,8232,development
df6eb1368a6186518e35,7352,receiving_money,7208,development
df8508a3bd57118aa016,597,extra_charge_on_statement,591,development
df9073ec3ef5732419b7,2349,wrong_amount_of_cash_received,2304,development
df93dd037b1871c0bd4d,267,card_linking,265,development
df971fc46be55c8a2697,4872,passcode_forgotten,4736,development
dfa122e430766b20a5fb,3002,getting_virtual_card,2950,development
dfaf13d190d0d0fc296c,5593,declined_transfer,5493,development
dfaff48792150250962d,1063,card_delivery_estimate,1049,development
dfc414f66c924ff52d40,9293,activate_my_card,9113,development
dfc72cb85b04d0d00dc1,9516,card_about_to_expire,9334,development
dfcfe1cbf2bfbf265431,100,card_arrival,100,development
dfdb3d4e506cac30fc37,3088,getting_virtual_card,3034,development
dfdf41434ecac7fa40d1,8198,virtual_card_not_working,8036,development
dfed5907384cc4891084,2650,card_payment_fee_charged,2602,development
dff1790403378a375038,1803,contactless_not_working,1775,development
e003864203dcdb26fb3d,8431,get_disposable_virtual_card,8265,development
e00c428fff06ae44c7af,4084,get_physical_card,4017,development
e00f7aad82f35a7c321e,5764,Refund_not_showing_up,5661,development
e01b73c6fee0d689a788,2587,card_payment_fee_charged,2541,development
e01cfd613574aea1dba7,2302,top_up_limits,2259,development
e026143c892a7de3e4a7,5213,pending_card_payment,5117,development
e02c9c14dad226db2e0a,4680,direct_debit_payment_not_recognised,4596,development
e036fe48f04309f06b91,4123,visa_or_mastercard,4054,development
e061036fe7f8478d7c3c,982,fiat_currency_support,970,development
e06e1cfb3f3b7f309997,311,exchange_rate,309,development
e076b1f89ca91afca34b,9231,activate_my_card,9054,development
e07b1a03beb9d4045fbb,4615,atm_support,4531,development
e080b62e892d2a2a37f9,2850,transfer_not_received_by_recipient,2799,development
e08764ef150596b48209,4899,passcode_forgotten,4811,development
e08c89a617753d226f52,7163,transfer_fee_charged,7022,development
e09830113a79a4a2d2f5,5911,declined_card_payment,5805,development
e0ac27249e9358c6227c,439,card_payment_wrong_exchange_rate,434,development
e0b5afbc79d7c59316c5,9842,verify_my_identity,9655,development
e0c530d1666709e7b11b,140,card_arrival,139,development
e0d5d05f5a13320a97ce,9310,activate_my_card,9129,development
e0da1b3453827602d2f9,3235,top_up_reverted,3176,development
e0e03e17b73badc6b348,1275,card_not_working,1257,development
e0e122b75c3b619289fa,9770,verify_my_identity,9583,development
e0ec6460bdb225d746a8,7818,getting_spare_card,7662,development
e0ec6c97a8a60c886926,5627,declined_transfer,5526,development
e0f6550f54e37f40d738,8720,balance_not_updated_after_bank_transfer,8546,development
e0f93e18e2c5a43bb8ed,7616,transfer_into_account,7471,development
e0fa7649d9edc0a040f4,3066,getting_virtual_card,3014,development
e103271b627bc29ed82d,1401,exchange_via_app,1382,development
e10c91ccb44fddb2965f,4609,atm_support,4525,development
e1277ca3c6c45e2ff3e8,8374,get_disposable_virtual_card,8209,development
e12dfabcad16b533bf17,6210,terminate_account,6094,development
e13caa09124d3641c8af,4758,direct_debit_payment_not_recognised,4672,development
e13cbffd3830e1339e52,8141,order_physical_card,7980,development
e13dd06fd05343d01ef3,9626,card_about_to_expire,9443,development
e148289e9a2d3bb42c05,9276,activate_my_card,9097,development
e14bc5ffd34c8cdd8d21,2866,transfer_not_received_by_recipient,2815,development
e15c137a9500caa56e34,4956,declined_cash_withdrawal,4867,development
e15e927d77c057aa6c82,5099,pending_card_payment,5006,development
e160dcbcdcaf4be71c6c,3469,balance_not_updated_after_cheque_or_cash_deposit,3407,development
e1729e5d4ee9ec934453,7071,beneficiary_not_allowed,6931,development
e1783d33ff3a691c3547,1890,top_up_by_bank_transfer_charge,1862,development
e17861813344f95b1282,9272,activate_my_card,9093,development
e17a5b4566c47097b154,8217,wrong_exchange_rate_for_cash_withdrawal,8055,development
e17b2763c73f09807d2e,2150,cancel_transfer,2112,development
e18b01a9e869ced62b9a,907,fiat_currency_support,895,development
e18cb5f34b41c3ad9675,259,card_linking,257,development
e190b4594c9bb6ad2108,1869,top_up_by_bank_transfer_charge,1841,development
e191b286eecb4ff2092d,409,card_payment_wrong_exchange_rate,404,development
e197f0a52d06a293ab85,4714,direct_debit_payment_not_recognised,4630,development
e1a4961f6bc085decf53,2646,card_payment_fee_charged,2598,development
e1a49b271515abda98fe,7592,transfer_into_account,7447,development
e1a50a8792d9c4eb6925,752,pending_cash_withdrawal,742,development
e1a57c96109bfa300e60,9591,card_about_to_expire,9408,development
e1b0a644bf21db849f9c,2957,supported_cards_and_currencies,2906,development
e1c1f7bf56d78dbf676d,9307,activate_my_card,9126,development
e1ce32f605a84701a613,6056,pending_transfer,5946,development
e1d8e278b29e749cfb12,4314,topping_up_by_card,4237,development
e1d9962d5fdc1780bf99,4178,visa_or_mastercard,4106,development
e1f4e953341ce7230603,557,card_payment_wrong_exchange_rate,551,development
e1ff218073d81f8320dc,5770,Refund_not_showing_up,5667,development
e20392cc4f9d30cd3d57,73,card_arrival,73,development
e207adc8355ea4b726fa,6350,transaction_charged_twice,6232,development
e229f5ed9a0096cc012a,4228,visa_or_mastercard,4151,development
e22f052ae41d99b9032d,4090,get_physical_card,4023,development
e2305e9558ff0db61a23,1206,automatic_top_up,1190,development
e234e813fe54cd5887d5,8550,top_up_failed,8377,development
e23a44b3dc299b38d515,1068,card_delivery_estimate,1054,development
e2466e76d51245cfb01a,6229,terminate_account,6112,development
e256df78b80fa3b3e5e4,7656,transfer_into_account,7511,development
e2628c9be90385518f8a,7731,verify_top_up,7585,development
e2706c01f4711f9520c9,1049,card_delivery_estimate,1036,development
e27708bf778aeef83852,438,card_payment_wrong_exchange_rate,433,development
e28819edfa9465ffb43c,2055,pending_top_up,2020,development
e2a6998f20a83b0b47dd,5953,declined_card_payment,5846,development
e2bb0815d11bfcf5bd13,380,exchange_rate,375,development
e2c7a40f72b5c8516465,9316,activate_my_card,9135,development
e2ca3e2ab54335508f16,5014,declined_cash_withdrawal,4924,development
e2ccc94cb52f00a07952,8566,top_up_failed,8393,development
e2eefeead564864efcf3,2138,cancel_transfer,2101,development
e2f1a8cc96f34a311861,3236,top_up_reverted,3177,development
e2fbde5a4647c9fb15b7,1030,card_delivery_estimate,1018,development
e2fcd1bc053f649a4ae5,4693,direct_debit_payment_not_recognised,4609,development
e3049b7354fd64e7b6a5,6212,terminate_account,6095,development
e30ba848e170238d0205,8666,balance_not_updated_after_bank_transfer,8492,development
e31becd149db699c324f,1038,card_delivery_estimate,1026,development
e31c6c3a1a12c794ae58,6982,change_pin,6843,development
e321ed544375713b274c,5749,Refund_not_showing_up,5646,development
e3232127d55300ffbe0b,6120,pending_transfer,6006,development
e323cf97c1f3af884e2e,2025,pending_top_up,1991,development
e32c7103ccaf33d9f012,2499,wrong_amount_of_cash_received,2454,development
e32c736f43dd1b0b8ede,9124,top_up_by_card_charge,8949,development
e338cba51c22eb112a09,6809,reverted_card_payment?,6674,development
e33dc3018cb15abdd38d,8328,wrong_exchange_rate_for_cash_withdrawal,8163,development
e341bc1862dcda493c94,3040,getting_virtual_card,2988,development
e34ef19737661e629f90,2747,transfer_not_received_by_recipient,2698,development
e357f8c6c1264ead2bf6,291,card_linking,289,development
e35d85bb072a4dcb1706,3491,card_payment_not_recognised,3429,development
e36d2542d8a5ecc9795c,9137,top_up_by_card_charge,8906,development
e374dea604e95a9bcb02,2809,transfer_not_received_by_recipient,2758,development
e37a4e65f0a34be4dc98,324,exchange_rate,322,development
e37f0055d25a63dae888,4960,declined_cash_withdrawal,4870,development
e3829e4badc4e12c9321,9244,activate_my_card,9067,development
e382fa9e7b86074e2a78,4225,visa_or_mastercard,4149,development
e38acf067883ad8743ef,6736,reverted_card_payment?,6602,development
e397c9a26f3a69b33e26,2614,card_payment_fee_charged,2568,development
e399e315eff2e0197c6b,5457,request_refund,5358,development
e39c841f5c5936c82e21,5951,declined_card_payment,5844,development
e3a10acbbc5fe6bc5f64,9573,card_about_to_expire,9390,development
e3aca7c3ed0c77f79a4d,9738,apple_pay_or_google_pay,9552,development
e3ae64a47fdd5fdbc97c,2366,wrong_amount_of_cash_received,2321,development
e3b1062e14532c6bef79,9262,activate_my_card,9084,development
e3c966208e53819b5939,4092,get_physical_card,4025,development
e3cf1e1c6cca0abbcddb,5532,request_refund,5432,development
e3cf359a5a50d8b3c765,5454,request_refund,5355,development
e3d292970fbfd368364d,3372,balance_not_updated_after_cheque_or_cash_deposit,3311,development
e3e2aeb60b1548ee5271,7920,getting_spare_card,7764,development
e3f385877aa6e641caf0,1019,card_delivery_estimate,1007,development
e3f6c31f0be92cd780ca,6589,verify_source_of_funds,6459,development
e3fbcf7adb23cb22f90d,1117,card_delivery_estimate,1102,development
e410f44e36a620c5f7b8,9970,country_support,9779,development
e4185f8aa8e214fee1dc,1306,card_not_working,1287,development
e41df7faad564f990f70,8063,order_physical_card,7905,development
e41f848f6d2f246a0acd,7457,failed_transfer,7313,development
e420db63ccf61f51a251,4236,topping_up_by_card,4159,development
e4266e32e655d60d78d0,1961,pending_top_up,1932,development
e42780e6af8acd47bc23,113,card_arrival,113,development
e4361622f9b4aef8f74c,7824,getting_spare_card,7668,development
e437879e7a5cae94f000,9668,apple_pay_or_google_pay,9485,development
e46fd68c34288f8de98b,3798,why_verify_identity,3732,development
e49816bf5bbcbcc8a357,6886,change_pin,6748,development
e49afcdc119d0be9c3f4,1382,exchange_via_app,1363,development
e49f61a6c83daac395ad,7429,failed_transfer,7285,development
e4a28a5490d4745cc238,9143,top_up_by_card_charge,8967,development
e4ae16ccf02fc62dc5b0,7055,beneficiary_not_allowed,6915,development
e4b81365d519654eb761,6294,card_swallowed,6176,development
e4ba4c4d73797b2d3f61,8568,top_up_failed,8395,development
e4c5d71de7d06742b816,9923,country_support,9733,development
e4cbb4b4b374bad14b47,5371,lost_or_stolen_phone,5273,development
e4d1e8c9dc277121a749,5074,declined_cash_withdrawal,4982,development
e4d58b9069655bca6c21,6513,verify_source_of_funds,6390,development
e4eb91d90f66344e72cf,9727,apple_pay_or_google_pay,9542,development
e4f5fb85f67b24635e67,6708,transfer_timing,6575,development
e4fa99e08ac313dc1f54,6206,terminate_account,6090,development
e505a1c58766a37856f1,1489,lost_or_stolen_card,1469,development
e50aa044ba7051f92557,1107,card_delivery_estimate,1092,development
e50cc337131b79bee535,4790,direct_debit_payment_not_recognised,4704,development
e51a6b8bbc62b94d7646,1449,exchange_via_app,1429,development
e520214f2ecce2fffe98,7947,top_up_by_cash_or_cheque,7791,development
e52ce8dec52836dcec01,973,fiat_currency_support,961,development
e536b7027450f5599407,976,fiat_currency_support,964,development
e53b4b829db783904784,1690,pin_blocked,1663,development
e5449010e3df18ecaf3e,8258,wrong_exchange_rate_for_cash_withdrawal,8096,development
e54888935eef94e4f715,2367,wrong_amount_of_cash_received,2322,development
e54c40b5678f59756cfc,400,exchange_rate,395,development
e55041314b74cbc6cca0,1824,top_up_by_bank_transfer_charge,1796,development
e559f52ab65ed0aa1726,126,card_arrival,125,development
e5680a1b7e3fc1a0886a,5827,Refund_not_showing_up,5722,development
e56a233169a3e9ef60a9,6045,pending_transfer,5937,development
e57936b99001a82b9cd2,5033,declined_cash_withdrawal,4942,development
e57d8a2f09b1aca66c09,9472,cash_withdrawal_charge,9290,development
e57f88ac5cdca4c854c9,5373,request_refund,5275,development
e580377ef3725632314c,2062,pending_top_up,2027,development
e5838f9772e9ff973763,3041,getting_virtual_card,2989,development
e5857e1106ac407eb3c9,2759,transfer_not_received_by_recipient,2710,development
e58dbc2d7c4d9ca45a2b,6133,pending_transfer,6018,development
e58f17e1c120a7950916,4602,atm_support,4518,development
e58f999778285ad4d6fe,8709,balance_not_updated_after_bank_transfer,8535,development
e591c5abac0d3f2594bd,9081,top_up_by_card_charge,8906,development
e5b3cd5136c4a78a84f2,8402,get_disposable_virtual_card,8236,development
e5d0e88e77a8fdc23456,4311,topping_up_by_card,4234,development
e5d5245b1438919536da,9155,top_up_by_card_charge,8979,development
e5e431ebda8ebd4557fe,6140,terminate_account,6024,development
e5ebfbdee4ac28350897,7764,verify_top_up,7612,development
e5edc1017b5a67529409,3981,unable_to_verify_identity,3914,development
e5f47ce5107da083b679,9481,cash_withdrawal_charge,9299,development
e5f6286ae6c9f4766999,2938,supported_cards_and_currencies,2887,development
e60b233e2905475ecff6,741,pending_cash_withdrawal,731,development
e60e36a43df6eeee78f5,351,exchange_rate,348,development
e6130b6e3495f955908f,2496,wrong_amount_of_cash_received,2451,development
e614bfedcece460cd40e,8013,top_up_by_cash_or_cheque,7856,development
e623ace80650ec3d00c1,4088,get_physical_card,4021,development
e62e52fce387baf628e9,1461,exchange_via_app,1441,development
e643648004a16de918a4,6231,terminate_account,6114,development
e652033e2d1edcb242bf,6019,pending_transfer,5911,development
e65cd453d28daed55027,8837,cash_withdrawal_not_recognised,8663,development
e6602409477e4d736b21,2126,cancel_transfer,2089,development
e667f7133ef61ece5dcf,4458,disposable_card_limits,4376,development
e66cec01b62e46046887,1278,card_not_working,1260,development
e6767dea987e035b2ef3,4571,atm_support,4489,development
e67d2b9b4b5aae8ae9be,1315,card_not_working,1296,development
e683d28683d9ae54dbfa,9042,exchange_charge,8868,development
e689b4b47b41d9aedcb3,7450,failed_transfer,7306,development
e69373bdd8bc923b29b9,4147,visa_or_mastercard,4078,development
e6a75735228098257160,1092,card_delivery_estimate,1077,development
e6b0cc36db0eea4855fc,4764,direct_debit_payment_not_recognised,4678,development
e6c4e82f88a03711628b,1894,top_up_by_bank_transfer_charge,1866,development
e6c5f7e9cce566193f71,454,card_payment_wrong_exchange_rate,449,development
e6c917198257d4c7fd85,3949,unable_to_verify_identity,3883,development
e6cd7c82f338614d8a5a,453,card_payment_wrong_exchange_rate,448,development
e6d424878e9662e8a63a,5852,declined_card_payment,5747,development
e6d45896efb89a21ab56,6750,reverted_card_payment?,6615,development
e6d7836d4c33233fc2a0,8158,order_physical_card,7997,development
e6e9f63cd1ab9081e885,2720,transfer_not_received_by_recipient,2672,development
e6ec0b4374703c446f5c,9342,cash_withdrawal_charge,9161,development
e6ef42dc8b8bc80e8392,5863,declined_card_payment,5758,development
e6fa4ac8cdb0688b324d,4346,disposable_card_limits,4269,development
e70cd9c42b1cb9b738dc,9475,cash_withdrawal_charge,9293,development
e711c35e2a3cafde5f6f,3445,balance_not_updated_after_cheque_or_cash_deposit,3384,development
e71407392270fd09d018,9309,activate_my_card,9128,development
e7257cd4d15ec67ddf8c,513,card_payment_wrong_exchange_rate,508,development
e72c2508bd3c0f20ec83,9045,exchange_charge,8871,development
e736efd7d8ea9d8edc86,5018,declined_cash_withdrawal,4928,development
e73abfa3af1486d8969e,6844,reverted_card_payment?,6708,development
e73ea45a673a80ecb430,2108,cancel_transfer,2071,development
e7439505447ebbd6835b,46,card_arrival,46,development
e74d9c0451f008356b8f,152,card_arrival,151,development
e74e6f66254ea08312d0,6665,transfer_timing,6535,development
e7585bbf990b5e408643,3410,balance_not_updated_after_cheque_or_cash_deposit,3349,development
e778a2f529912f068b66,5265,lost_or_stolen_phone,5168,development
e77cee4c40d8c4557b8d,5509,request_refund,5409,development
e7830e8058f3c64ee65a,5779,Refund_not_showing_up,5676,development
e79cc0fb7322f8c26115,588,extra_charge_on_statement,582,development
e79ebf1caef56f9c0897,952,fiat_currency_support,940,development
e7a8645133329d424c71,8449,get_disposable_virtual_card,8283,development
e7ade54d9ef7da7b0645,8972,exchange_charge,8798,development
e7aeeaf5546169bb04a5,8273,wrong_exchange_rate_for_cash_withdrawal,8110,development
e7b729d7964f29e59bf0,3790,why_verify_identity,3724,development
e7ba3fe5856d6ded0974,1707,pin_blocked,1680,development
e7bbec86b84ca1503c67,554,card_payment_wrong_exchange_rate,548,development
e7d061568ce9c32f9dc4,3633,card_payment_not_recognised,3571,development
e7d17dc7aa0b292c7f0d,919,fiat_currency_support,907,development
e7e287d893dda30c8bc9,8641,balance_not_updated_after_bank_transfer,8468,development
e7e2e485ffd8d4995494,1532,lost_or_stolen_card,1465,development
e7e3b044ad40b71a5042,2436,wrong_amount_of_cash_received,2391,development
e7f366685f35d3c6f02a,86,card_arrival,86,development
e7f6ab812cd909889945,9557,card_about_to_expire,9375,development
e7f7915c851069ef6047,2575,card_payment_fee_charged,2529,development
e7f9dd8d60723f016b05,1778,pin_blocked,1750,development
e7ff833e8e5a923add0e,190,card_linking,189,development
e7ffbc7685408ad6b7f3,4887,passcode_forgotten,4799,development
e808843f1fbe34141394,8417,get_disposable_virtual_card,8251,development
e80f3d13d1cd63518998,5961,declined_card_payment,5854,development
e810ccc372406b4e0c02,2745,transfer_not_received_by_recipient,2696,development
e8163ae02aa91456a1dd,9931,country_support,9741,development
e82c74590a457cb379da,6068,pending_transfer,5956,development
e82ed7eda02802653e9e,106,card_arrival,106,development
e83bb258bfd6f84455a9,5219,pending_card_payment,5123,development
e851c48ab45436af639b,3054,getting_virtual_card,3002,development
e85503ee1340542a4c80,2474,wrong_amount_of_cash_received,2429,development
e857d0564c53e7b127b6,5874,declined_card_payment,5769,development
e85aba1aad0f527f655b,3034,getting_virtual_card,2982,development
e86ddf38e4354e063344,5700,Refund_not_showing_up,5597,development
e8729e1612e9219ce67e,6338,transaction_charged_twice,6220,development
e87bbf455b6e14213d4c,6849,reverted_card_payment?,6713,development
e88104f6634d7d1c2993,4167,visa_or_mastercard,4098,development
e8858521a4d7c57e0d66,5754,Refund_not_showing_up,5651,development
e88a252f574a7c72a7ff,5083,declined_cash_withdrawal,4990,development
e88d2bcd82c17eaf6ed8,546,card_payment_wrong_exchange_rate,540,development
e892ad380a12ce34923d,8097,order_physical_card,7939,development
e89375e0b1b6e0c42cd9,6519,verify_source_of_funds,6395,development
e894cf740be6e524764d,4339,disposable_card_limits,4262,development
e895a1b58313378dbb6b,4978,declined_cash_withdrawal,4888,development
e8986c89507f8e0341c3,9376,cash_withdrawal_charge,9195,development
e8a5b564bc12375e763c,3826,why_verify_identity,3760,development
e8a7db45b06c9f7e82cd,76,card_arrival,76,development
e8b04b006efe7d4caaba,4796,direct_debit_payment_not_recognised,4710,development
e8b97b348594d5b34559,3846,why_verify_identity,3780,development
e8c0a056c0d07aacc7d1,4177,visa_or_mastercard,4105,development
e8c4b7e0d315ecbe8530,3140,card_acceptance,3086,development
e8cb488cf83dd549c157,7428,failed_transfer,7284,development
e8d47ea40b0a4b6ef9fa,680,extra_charge_on_statement,672,development
e8dd10429672d2e67f75,5192,pending_card_payment,5097,development
e8f4c9fac0dd9a427a6f,1918,top_up_by_bank_transfer_charge,1889,development
e8f5fa166c8e12ba072e,3393,balance_not_updated_after_cheque_or_cash_deposit,3332,development
e8f7cca989f2cb304078,4093,get_physical_card,4026,development
e8f9f8f35586adb10b30,3178,top_up_reverted,3121,development
e9095af1ece6ce46eec0,5002,declined_cash_withdrawal,4912,development
e90c6e82cd44e68d00c4,3288,top_up_reverted,3228,development
e90cf6f601edc7490b83,2605,card_payment_fee_charged,2559,development
e90d2361108dab318678,1166,automatic_top_up,1150,development
e918cec69426e72ed4b2,7237,transfer_fee_charged,7096,development
e91a7a4ecf24bfc7076c,8305,wrong_exchange_rate_for_cash_withdrawal,8142,development
e92e94b233cf35fff837,473,card_payment_wrong_exchange_rate,468,development
e934902702a44032b867,66,card_arrival,66,development
e936c8e68f30f22d5935,9498,cash_withdrawal_charge,9316,development
e95026993f42430d77d8,1378,exchange_via_app,1359,development
e95027de1c682fc24dcc,455,card_payment_wrong_exchange_rate,450,development
e95dc12a433dcaf8398e,8069,order_physical_card,7911,development
e95f9bd10b7cb2a11617,123,card_arrival,122,development
e97f74acdaf7244313d4,6880,reverted_card_payment?,6743,development
e9853891b3a5ab899c3f,1816,contactless_not_working,1788,development
e990364a1bbc4c7c62d3,1788,contactless_not_working,1760,development
e999e5836ef1ad41f78b,3504,card_payment_not_recognised,3442,development
e99b0af1783f1aa51232,6516,verify_source_of_funds,6393,development
e9a1942b39cf789ef9b1,6323,transaction_charged_twice,6205,development
e9a3a725e996348d4fe9,6508,verify_source_of_funds,6385,development
e9a811deb8f42a57f6b4,2452,wrong_amount_of_cash_received,2407,development
e9b558c96539a3707f93,4073,get_physical_card,4006,development
e9b94a8f5c2edb9fdcd2,5414,request_refund,5316,development
e9bc6fc6ff6c09950498,8526,top_up_failed,8354,development
e9c0043de37b3535b059,1041,card_delivery_estimate,1029,development
e9c827d1dbb3a66c9867,9567,card_about_to_expire,9384,development
e9d2cd89fb1874b38f20,8280,wrong_exchange_rate_for_cash_withdrawal,8117,development
e9d6aca8c234100e2eb6,2249,top_up_limits,2210,development
e9d811ded591092c701f,1882,top_up_by_bank_transfer_charge,1854,development
e9e1612ac9410fd1cd8f,9149,top_up_by_card_charge,8973,development
e9e796ad26eebee659cb,1216,automatic_top_up,1199,development
e9e827657171d79ec7d2,1460,exchange_via_app,1440,development
e9f3d49668a60933453e,9760,apple_pay_or_google_pay,9573,development
ea1e7071c92bd7b01ab2,2423,wrong_amount_of_cash_received,2378,development
ea39560e4d6cc75adc2b,3366,balance_not_updated_after_cheque_or_cash_deposit,3305,development
ea3caf58ecf2535ac2fb,2837,transfer_not_received_by_recipient,2786,development
ea45fb6ee4440c223ce4,3843,why_verify_identity,3777,development
ea501b80f76717d2383a,3763,edit_personal_details,3697,development
ea5022b73970877d0ed4,7861,getting_spare_card,7705,development
ea52e48d83a661016a08,9041,exchange_charge,8867,development
ea54410f9bf910487755,5881,declined_card_payment,5776,development
ea609a7bd3e7e536b522,6430,transaction_charged_twice,6308,development
ea733bb0e9670b464363,5609,declined_transfer,5508,development
ea7dd7d9d5ccc80edc1a,6971,change_pin,6832,development
ea92dd4bd209cf423842,6653,transfer_timing,6523,development
ea94c7d1680316e326dc,3124,card_acceptance,3070,development
ea998f421ef492917e02,9932,country_support,9742,development
eaa4e74e6caf2dba4367,5451,request_refund,5352,development
eaab65c952a9b5767696,5413,request_refund,5315,development
eab59a23f363c864659c,4173,visa_or_mastercard,4103,development
eab6fcd036c93d321d2f,3599,card_payment_not_recognised,3537,development
eac40510e2dd0d70776c,9240,activate_my_card,9063,development
eac7cd80396758ec7fc7,7970,top_up_by_cash_or_cheque,7813,development
eacff04b5bb534486190,4993,declined_cash_withdrawal,4903,development
eacff9fc2576af48b3d7,550,card_payment_wrong_exchange_rate,544,development
eadcef63b38e27f7940f,1004,fiat_currency_support,992,development
eae4b2c1b4041369948c,413,card_payment_wrong_exchange_rate,408,development
eaea1fa335a09aa07bac,3669,edit_personal_details,3607,development
eaec1c9ede9692753007,4795,direct_debit_payment_not_recognised,4709,development
eaf210d70badf937fb25,2721,transfer_not_received_by_recipient,2673,development
eaf2bd885505e6504617,4925,declined_cash_withdrawal,4836,development
eb0392c2355e59c3db56,1558,age_limit,1534,development
eb03dc9921f70a81120a,2019,pending_top_up,1986,development
eb07bda35d1e45c3eaa3,9637,card_about_to_expire,9454,development
eb24fe5dd311af4bb961,1193,automatic_top_up,1177,development
eb30bad19c2f8236506d,9866,verify_my_identity,9677,development
eb4259ccdcd9240b3e47,7106,beneficiary_not_allowed,6966,development
eb5351cc40ecb33db6a9,4315,topping_up_by_card,4238,development
eb5b183c8a8076771107,3322,balance_not_updated_after_cheque_or_cash_deposit,3262,development
eb6227f4bc7d6189037c,7083,beneficiary_not_allowed,6943,development
eb656e4ec6c86f6e5a31,7760,verify_top_up,7609,development
eb69887b5c8de13c996f,6579,verify_source_of_funds,6449,development
eb6b7bbeff8cdd1dad95,2,card_arrival,2,development
eb72e6c87e3d9d85bbc8,3084,getting_virtual_card,3030,development
eb752b0196501ec16515,8335,wrong_exchange_rate_for_cash_withdrawal,8170,development
eb7b7e2250eecedd34a3,4059,get_physical_card,3992,development
eb7bb0b593f09dac8e5e,9815,verify_my_identity,9628,development
eb7cd9b6098cd430de4e,4186,visa_or_mastercard,4114,development
eb7d239eb3b386447e15,6566,verify_source_of_funds,6437,development
eb7e6ddca4d25c6f9544,3228,top_up_reverted,3169,development
eb8ea6636cd5ccf0f13c,7744,verify_top_up,7596,development
eb917c9f524edb1cc082,3561,card_payment_not_recognised,3499,development
eb98613a4a57c61a77d7,1775,pin_blocked,1747,development
eb9aa9ea51431cff70e6,1289,card_not_working,1271,development
eb9ac6c9dccd7acea2ef,5998,pending_transfer,5890,development
eba0d8a8ab9f65dfd7bd,1592,age_limit,1567,development
eba50b1df64747dbf564,1921,top_up_by_bank_transfer_charge,1892,development
eba6be337b04a93797c7,684,extra_charge_on_statement,676,development
ebaac49d1064e2860d79,4618,atm_support,4534,development
ebad473049bc13f491ae,4440,disposable_card_limits,4360,development
ebb109570db1ce3f579e,6765,reverted_card_payment?,6630,development
ebb38c69837b496c5983,1591,age_limit,1566,development
ebbf3dbee2633e0ef567,4211,visa_or_mastercard,4138,development
ebc10f78007b13fbb70a,6353,transaction_charged_twice,6235,development
ebd3b370026fd5c34a6f,7343,receiving_money,7199,development
ebd4ff1c2c0e3ad5ebba,5801,Refund_not_showing_up,5697,development
ebd871c96fe35528067f,370,exchange_rate,367,development
ebdc28b6b750910cd121,4485,compromised_card,4403,development
ebde6cffda0f6714909d,436,card_payment_wrong_exchange_rate,431,development
ebf790ed29d08d3857a1,6084,pending_transfer,5971,development
ebf88a4f19a605c72ad0,8916,cash_withdrawal_not_recognised,8742,development
ec0b1c461f6e717f27e1,6641,transfer_timing,6511,development
ec19824e22316a5bde87,3401,balance_not_updated_after_cheque_or_cash_deposit,3340,development
ec1feb4bb30d76e6f11e,3190,top_up_reverted,3133,development
ec2517ea053aa192eac0,8057,order_physical_card,7899,development
ec4948bcc33a4a15440e,249,card_linking,247,development
ec557210f6704f283629,1753,pin_blocked,1725,development
ec56b64f4706731d96c6,1265,card_not_working,1247,development
ec5889a0366a62e0dc1f,5234,pending_card_payment,5138,development
ec58b5d025171c8edd7a,5342,lost_or_stolen_phone,5244,development
ec62915380527d7f1ac0,2532,card_payment_fee_charged,2487,development
ec6457cd47f0cfa7daaf,6791,reverted_card_payment?,6656,development
ec64a15ee381f3fb8715,8059,order_physical_card,7901,development
ec663d480d53308a5d29,8279,wrong_exchange_rate_for_cash_withdrawal,8116,development
ec66ab6e4f211e7a651e,2728,transfer_not_received_by_recipient,2680,development
ec6a41153dbd855937b7,1024,card_delivery_estimate,1012,development
ec6b298e61e321268b86,3446,balance_not_updated_after_cheque_or_cash_deposit,3385,development
ec74b3027cc47d3943ff,6377,transaction_charged_twice,6258,development
ec7a76fa5313b282f048,4723,direct_debit_payment_not_recognised,4639,development
ec7f50fd03735c6654b7,1825,top_up_by_bank_transfer_charge,1797,development
ec80b1367a11904263b2,5391,request_refund,5293,development
ec84f1a665c5a141496c,7653,transfer_into_account,7508,development
ec8a8d3e4eb378ba471a,2659,card_payment_fee_charged,2611,development
ec8aa551fe5a310bc0c2,801,pending_cash_withdrawal,791,development
ec8b2c85e36cd821668b,5279,lost_or_stolen_phone,5181,development
ec94a275715dff5f6e31,8704,balance_not_updated_after_bank_transfer,8530,development
ec96e7be5a5ea7375ef0,2889,supported_cards_and_currencies,2838,development
ec9ce090727e14c9e698,2217,cancel_transfer,2178,development
eca4f3591b1ca7e8238a,7691,verify_top_up,7546,development
eca5c171070cedd042e4,5554,declined_transfer,5454,development
ecb2546c064f752d4fb3,77,card_arrival,77,development
ecb2a99e6705dfbced84,4743,direct_debit_payment_not_recognised,4658,development
ecc20ae5d8b6fb866284,7095,beneficiary_not_allowed,6955,development
ecd17d1a05e6f293069c,8665,balance_not_updated_after_bank_transfer,8491,development
ecd6c14518f957a6b7ec,1943,pending_top_up,1914,development
ecd86d06339e694884e1,833,pending_cash_withdrawal,822,development
ecdb06371e26dbc5ab9f,1494,lost_or_stolen_card,1474,development
ecdc314be5271fcb58c6,7716,verify_top_up,7570,development
ecf02d27b583f3408d6b,4701,direct_debit_payment_not_recognised,4617,development
ed04ab12eca181c13cbf,1069,card_delivery_estimate,1055,development
ed07cf1fc6c74a9ae16b,8975,exchange_charge,8801,development
ed0865241b9630d2ad54,2188,cancel_transfer,2149,development
ed166bd8b1f5dbd44353,2010,pending_top_up,1955,development
ed1f129e240e94b0104c,9,card_arrival,9,development
ed253ba9ca01d00aa891,3053,getting_virtual_card,3001,development
ed28194646e17cd409c6,8576,top_up_failed,8403,development
ed2c713d844e09ff24e9,688,extra_charge_on_statement,680,development
ed30c90fecedb17b257b,1137,automatic_top_up,1122,development
ed376742a737d2c040b0,352,exchange_rate,349,development
ed403394a9cb92da3273,8750,balance_not_updated_after_bank_transfer,8576,development
ed423a97638d5cb78640,405,card_payment_wrong_exchange_rate,400,development
ed4c566b2723599ca12d,3114,card_acceptance,3060,development
ed4e2ed2735747577dad,8852,cash_withdrawal_not_recognised,8678,development
ed4f4eac4b56f6f192dd,7353,receiving_money,7209,development
ed586fbff3d5245c3381,7069,beneficiary_not_allowed,6929,development
ed643bc8e49c8a1ec402,6851,reverted_card_payment?,6715,development
ed7061ce64f4c1f2b4e2,3740,edit_personal_details,3676,development
ed7226c4235b271c9129,6593,verify_source_of_funds,6463,development
ed7a368c7061dec0099c,7777,verify_top_up,7624,development
ed7dee28f386cad937dd,6117,pending_transfer,6003,development
ed832d5889be9ee714d1,7125,beneficiary_not_allowed,6984,development
ed8cd1292a6c92004e2f,8687,balance_not_updated_after_bank_transfer,8513,development
ed9584e0bb8c438806b5,5594,declined_transfer,5494,development
ed9daafafc8c628a2710,2983,supported_cards_and_currencies,2931,development
eda22da7e06bc7926edf,2596,card_payment_fee_charged,2550,development
edc10e63080467166ede,5908,declined_card_payment,5802,development
edc601cc4bb5b2305e8b,8106,order_physical_card,7948,development
edc7a0f2d7e900129280,8609,top_up_failed,8436,development
edc7b1164ebacf716a1a,9526,card_about_to_expire,9344,development
edd2637e73bf11fc5f1b,7581,transfer_into_account,7436,development
edd7f308ef83deb73c53,4260,topping_up_by_card,4183,development
eddb39d2aa49b4101c92,4504,compromised_card,4422,development
ede30d6429d385581ca0,5377,request_refund,5279,development
edf8e0af3bcb9d4001fe,4830,passcode_forgotten,4743,development
edfa604c9edfdd0fe36b,5552,declined_transfer,5452,development
edfe28022f4f2d4e94c9,9068,top_up_by_card_charge,8893,development
ee05eeeade4d96f2ee3a,5501,request_refund,5401,development
ee061075358c9e4f66e3,2382,wrong_amount_of_cash_received,2337,development
ee0a42cc5d1b60d36765,8340,wrong_exchange_rate_for_cash_withdrawal,8175,development
ee0e9d804428b1551223,3423,balance_not_updated_after_cheque_or_cash_deposit,3362,development
ee12d792e283be39675c,9228,activate_my_card,9051,development
ee14364412256d6ee032,1808,contactless_not_working,1780,development
ee1468bc9c10a562b22e,1675,pin_blocked,1648,development
ee23ff4732aad6e166d6,5347,lost_or_stolen_phone,5249,development
ee24a9e8b67b6e04f11b,1552,lost_or_stolen_card,1528,development
ee2c748e8aaef6bf0434,8193,virtual_card_not_working,8031,development
ee2fb2f971ae3c23a33d,2059,pending_top_up,2024,development
ee307459a52a86c24151,1659,age_limit,1632,development
ee3badc1d27346dd31c0,6768,reverted_card_payment?,6633,development
ee3e73d4d3718588ee4a,7790,verify_top_up,7636,development
ee409b55af17478dfa2b,746,pending_cash_withdrawal,736,development
ee439f60a69ab3129111,9672,apple_pay_or_google_pay,9489,development
ee44602b3f7f8a418f37,8177,virtual_card_not_working,8016,development
ee44fc3672a186558d7e,1425,exchange_via_app,1406,development
ee4b0fa0d6e18e46b310,411,card_payment_wrong_exchange_rate,406,development
ee4b8d49a58d681044ca,3775,why_verify_identity,3709,development
ee519c180e45d40f367e,4525,compromised_card,4443,development
ee55c38e681db18ca753,6110,pending_transfer,5996,development
ee5bbec0019476584c6f,622,extra_charge_on_statement,615,development
ee5e29d41bd6406e2cdc,2133,cancel_transfer,2096,development
ee5ed141466bd5a24bda,9274,activate_my_card,9095,development
ee5ffa986c237ef8527b,608,extra_charge_on_statement,602,development
ee630a7da4398ad650e5,8603,top_up_failed,8430,development
ee6974cdecd86ff22e5a,1448,exchange_via_app,1428,development
ee6c0a0dae0a2800d680,1170,automatic_top_up,1154,development
ee6c1b072cd99854547a,3454,balance_not_updated_after_cheque_or_cash_deposit,3393,development
ee7d8d121046e96e961e,7883,getting_spare_card,7727,development
ee86b22842d68efef562,5102,pending_card_payment,5009,development
ee876458eedde28f2c3a,1074,card_delivery_estimate,1059,development
ee9aadd87630ee6e8808,7482,failed_transfer,7338,development
eea1adda954ab3997585,5319,lost_or_stolen_phone,5221,development
eeab321408d60402ae30,7967,top_up_by_cash_or_cheque,7811,development
eeb12013b4b4d01cf6d9,4292,topping_up_by_card,4215,development
eeb2403c10ee558989c6,2590,card_payment_fee_charged,2544,development
eeb37db8bd3e90a70623,8765,balance_not_updated_after_bank_transfer,8591,development
eebababeda2f76b09c08,6000,pending_transfer,5892,development
eebb9a6ea8efea062aa6,9583,card_about_to_expire,9400,development
eed722eae3ff33b7b12c,2573,card_payment_fee_charged,2527,development
eee00a9a7cef9225f6c3,9341,cash_withdrawal_charge,9160,development
eeeb6fbb82481ca3cb61,3448,balance_not_updated_after_cheque_or_cash_deposit,3387,development
eeed5a8f379c57d89d33,2955,supported_cards_and_currencies,2904,development
eeee315d86d463f8ae9f,5308,lost_or_stolen_phone,5210,development
eeefe93cdda8c7740623,6561,verify_source_of_funds,6433,development
eef85c7db4869c14fa01,5440,request_refund,5341,development
eeff20de55f708df1980,6459,transaction_charged_twice,6336,development
ef0403fd57b853d72a06,2426,wrong_amount_of_cash_received,2381,development
ef08a8cec8fac1dd6616,6588,verify_source_of_funds,6458,development
ef133dca6eafb818e673,7942,top_up_by_cash_or_cheque,7786,development
ef14545801bde4605ed0,2737,transfer_not_received_by_recipient,2689,development
ef25a469160a4d93111a,9196,activate_my_card,9020,development
ef2723d4571604911158,8547,top_up_failed,8374,development
ef3c7d5429e12d5d07cc,2487,wrong_amount_of_cash_received,2442,development
ef3efb7a1e3d7d8b66e3,6236,terminate_account,6118,development
ef411d8fa17f14110a39,1908,top_up_by_bank_transfer_charge,1879,development
ef5369237d784479aac4,2712,transfer_not_received_by_recipient,2664,development
ef5ac3bfb2d671407707,4263,topping_up_by_card,4186,development
ef71e132c979a2b53835,7755,verify_top_up,7595,development
ef79143fb9237bc01603,9161,top_up_by_card_charge,8985,development
ef7e0860604f22ce48e6,4189,visa_or_mastercard,4117,development
ef7eb7767d3030058305,3822,why_verify_identity,3756,development
ef8db3b98b55de47d9e6,8388,get_disposable_virtual_card,8223,development
ef96e8b14de8bb38fd69,1694,pin_blocked,1667,development
ef97eb0bee80c28e7876,3543,card_payment_not_recognised,3481,development
efa06a971327ece4c15f,7176,transfer_fee_charged,7035,development
efaaeff37bc014edc909,3703,edit_personal_details,3640,development
efb89c01b90b85a81a06,4382,disposable_card_limits,4304,development
efc804d79e4e2e40694a,9623,card_about_to_expire,9440,development
efcd1543307392485250,2214,cancel_transfer,2175,development
efd6df2e37ed044c3a76,4395,disposable_card_limits,4317,development
efd90479068148a16b33,5181,pending_card_payment,5086,development
efebb697679d0c60d8e8,3797,why_verify_identity,3731,development
eff31fe587fe527c736e,7258,transfer_fee_charged,7117,development
eff9fd0d22c1f707343e,5335,lost_or_stolen_phone,5237,development
effa0e569d2dbe92f256,226,card_linking,224,development
f0289bff678719c3f05e,8265,wrong_exchange_rate_for_cash_withdrawal,8102,development
f02eb89951fd05387556,3501,card_payment_not_recognised,3439,development
f03ce0118e615a149077,8591,top_up_failed,8418,development
f0625c930826bc001f1d,6594,transfer_timing,6464,development
f06468c31a87bb49b037,3998,get_physical_card,3931,development
f0679882952769335bce,9781,verify_my_identity,9594,development
f06d95326fcd97d1ae33,2914,supported_cards_and_currencies,2863,development
f06df85c59a304ae816f,6723,reverted_card_payment?,6589,development
f07575fc3a502f107f09,2987,supported_cards_and_currencies,2935,development
f07673ab2b4e72d9877b,7384,receiving_money,7240,development
f0783369e8c28694416b,5000,declined_cash_withdrawal,4910,development
f0795e82d75b55d100cd,7839,getting_spare_card,7683,development
f07ae9509f0d1664f45b,8911,cash_withdrawal_not_recognised,8737,development
f07f47165e9496c4af4d,3571,card_payment_not_recognised,3509,development
f0859784fff8e00cbfe0,3988,unable_to_verify_identity,3921,development
f08bdf9016db3b8ed98f,9650,apple_pay_or_google_pay,9467,development
f095cac78c77a16fea8a,6273,card_swallowed,6155,development
f098e19378237001bf66,4470,compromised_card,4388,development
f0a160f1562c2deeb590,3544,card_payment_not_recognised,3482,development
f0b2163db92f27619ec2,9654,apple_pay_or_google_pay,9471,development
f0c29422ee8c0da552fd,995,fiat_currency_support,983,development
f0dd6642b5c819249621,5781,Refund_not_showing_up,5678,development
f101bba68df82dd153ba,3166,top_up_reverted,3110,development
f10acdc1c745103fa00e,9810,verify_my_identity,9623,development
f10e717781ddd76f6498,2385,wrong_amount_of_cash_received,2340,development
f10fea45726c1bc2b6b2,4449,disposable_card_limits,4368,development
f135582abef0fa548b43,6487,verify_source_of_funds,6364,development
f13da6f0fba844e47722,8934,cash_withdrawal_not_recognised,8760,development
f13e2eab10137fbff479,1887,top_up_by_bank_transfer_charge,1859,development
f155fcd54059d8ef9bae,8315,wrong_exchange_rate_for_cash_withdrawal,8151,development
f1652efee8fa97373046,8292,wrong_exchange_rate_for_cash_withdrawal,8129,development
f1689a33373aad7d54ab,4797,direct_debit_payment_not_recognised,4711,development
f16b7c291d89dd10b29f,8390,get_disposable_virtual_card,8225,development
f1757c538690a2a20cfb,3063,getting_virtual_card,3011,development
f17901ae26dfd5a1564c,1402,exchange_via_app,1383,development
f17f824699cdcdd368f9,9356,cash_withdrawal_charge,9175,development
f17fc6db67c0ff033679,69,card_arrival,69,development
f17fee64a359e1233686,2620,card_payment_fee_charged,2574,development
f185225cc2dd23f5246b,5252,lost_or_stolen_phone,5155,development
f18638adc11340219d6f,9006,exchange_charge,8832,development
f18f070ea2a5e942aa46,4713,direct_debit_payment_not_recognised,4629,development
f197b6cb3153417ebb33,1998,pending_top_up,1969,development
f19c5d8b85d404d12c8d,9191,activate_my_card,9015,development
f1be6217aa6bf6e7219c,6145,terminate_account,6029,development
f1c87dcad8ce3f768100,6983,change_pin,6844,development
f1cea05acc962b781b02,8891,cash_withdrawal_not_recognised,8717,development
f1d442fdd7dab290b315,7853,getting_spare_card,7697,development
f1dc5dbf1e819d8aef58,1256,card_not_working,1238,development
f1e9ccd6bd2dc4c83727,8028,top_up_by_cash_or_cheque,7871,development
f1ef5f407352e7be68e9,3462,balance_not_updated_after_cheque_or_cash_deposit,3400,development
f1ef9c6263ad6bb20ebf,8754,balance_not_updated_after_bank_transfer,8580,development
f1f5daa5aa7d917d5115,3538,card_payment_not_recognised,3476,development
f1feb31013abd272c33e,6462,transaction_charged_twice,6339,development
f2064d632aabe95ef0ac,1287,card_not_working,1269,development
f206dfbb73ab4e7ae058,4931,declined_cash_withdrawal,4842,development
f207deb11dc1897a40f8,8621,balance_not_updated_after_bank_transfer,8448,development
f20e51fdedaff91d271b,3955,unable_to_verify_identity,3889,development
f219143e037d61e42bd1,3936,unable_to_verify_identity,3870,development
f22902976890714a5713,1043,card_delivery_estimate,1030,development
f22cf3146356d64de404,4705,direct_debit_payment_not_recognised,4621,development
f23c7680b5e62e8227aa,6238,terminate_account,6120,development
f23fb93c398db98ba10b,6865,reverted_card_payment?,6719,development
f247e5471106d412b183,5577,declined_transfer,5477,development
f24a808b692ee65c1fd9,529,card_payment_wrong_exchange_rate,523,development
f2562f139f2b44a12470,2832,transfer_not_received_by_recipient,2781,development
f2585ca4c1c290749adf,6014,pending_transfer,5906,development
f2641c6fb4ae7d01d27a,10000,country_support,9809,development
f2670b1c8a8c79df451f,4442,disposable_card_limits,4362,development
f27dbb067ce446f9bbb7,2941,supported_cards_and_currencies,2890,development
f282a039949afd32b790,3852,why_verify_identity,3786,development
f2855b07c958a215df7d,2959,supported_cards_and_currencies,2908,development
f288788491f261facfc8,5354,lost_or_stolen_phone,5256,development
f292052da5e1b3ad0c77,3850,why_verify_identity,3784,development
f2a45077b9753f8835f5,5529,request_refund,5429,development
f2b7db3dfa6e2c28d3c6,8134,order_physical_card,7974,development
f2bcc809ebd0e41cd7c8,6894,change_pin,6756,development
f2c37e36eede92308737,300,exchange_rate,298,development
f2cf9f4d025cfe778bc3,2822,transfer_not_received_by_recipient,2771,development
f2d65b4ca11da1f0bf0d,1798,contactless_not_working,1770,development
f2d732a8445d9e14206b,6552,verify_source_of_funds,6424,development
f2d7676a968fd5b0cf9e,4505,compromised_card,4423,development
f2e1a5be9441c46333a5,7553,failed_transfer,7409,development
f2ef76dfe9f6c09e0e5a,7067,beneficiary_not_allowed,6927,development
f2f6a1e0fb905d2c12bc,2497,wrong_amount_of_cash_received,2452,development
f312821e9ca1d25ec1fc,6114,pending_transfer,6000,development
f313cd3e591ab22159fb,4760,direct_debit_payment_not_recognised,4674,development
f313d8b89e8a1b93157c,7325,transfer_fee_charged,7181,development
f31e80d427f6ec163181,1515,lost_or_stolen_card,1494,development
f31f2d0c954e3af68246,4024,get_physical_card,3957,development
f3298e28b1ff704e7ba6,4457,disposable_card_limits,4375,development
f339103bf9b8b4266a20,6496,verify_source_of_funds,6373,development
f339dd5a82f40757fab9,1980,pending_top_up,1951,development
f33d104e2283c9fd38e0,1929,pending_top_up,1900,development
f3455b141069c9620ec9,4349,disposable_card_limits,4272,development
f349ef563cbac0b9bdab,6063,pending_transfer,5952,development
f356fbe42781ad70deaa,8326,wrong_exchange_rate_for_cash_withdrawal,8161,development
f359f0969332ce338ae8,481,card_payment_wrong_exchange_rate,476,development
f37c634cd8bad62d5f9d,240,card_linking,238,development
f37e8b46d12614d4b61e,9095,top_up_by_card_charge,8920,development
f381130c28d18d232bf5,1773,pin_blocked,1745,development
f381525ec9c55f7c5e61,5679,Refund_not_showing_up,5576,development
f38cf93a5aca6576bf42,4055,get_physical_card,3988,development
f38d319d20cb058b5e73,4798,direct_debit_payment_not_recognised,4712,development
f38d579c007ec852f2bc,4394,disposable_card_limits,4316,development
f3a9fdd90fbae43eb460,6790,reverted_card_payment?,6655,development
f3b8aa5f4d9fbd2c67bb,7576,transfer_into_account,7431,development
f3bea7241f41a095635d,760,pending_cash_withdrawal,750,development
f3c50c1195cfd024e50f,8592,top_up_failed,8419,development
f3d7be8b58bb8663d00e,4462,compromised_card,4380,development
f3e2bd3be609fa2547ab,6189,terminate_account,6073,development
f3ef704d150f86d45d67,4640,direct_debit_payment_not_recognised,4556,development
f3f1a81d85906db50112,8926,cash_withdrawal_not_recognised,8752,development
f3f7ab331d968bd7b195,3751,edit_personal_details,3686,development
f3f9b3f27208bfe2cd82,3396,balance_not_updated_after_cheque_or_cash_deposit,3335,development
f407f38068206ea6ac42,5980,declined_card_payment,5873,development
f41e02138c0e749c7768,7360,receiving_money,7216,development
f41ff8bca1a252db53b1,2945,supported_cards_and_currencies,2894,development
f41ffba7f9d67e27d931,6155,terminate_account,6039,development
f4296f77a93b9a2a2933,8789,cash_withdrawal_not_recognised,8615,development
f43573a33299cc409617,829,pending_cash_withdrawal,818,development
f43d770af802b255dd62,6540,verify_source_of_funds,6412,development
f43e62fa21f32c68d042,6402,transaction_charged_twice,6283,development
f440b354e4a51602e324,8509,top_up_failed,8338,development
f4429cbe10d697d5d1ff,9952,country_support,9762,development
f4483eb378c9aa29c082,209,card_linking,207,development
f44a0de5e18927cd1f1b,900,fiat_currency_support,888,development
f44c403ca3ecb8cd4403,4190,visa_or_mastercard,4118,development
f450caa5a3f7d24a9f09,8565,top_up_failed,8392,development
f473eb5a9ce416add51a,4702,direct_debit_payment_not_recognised,4618,development
f476f8f0f1b5ac5e6e34,5339,lost_or_stolen_phone,5241,development
f47b5faa4247d08d9f43,3660,edit_personal_details,3598,development
f480a698ca41cb2717f9,1652,age_limit,1625,development
f486b52a605e669eebd3,7507,failed_transfer,7363,development
f48fdfc6fb73f997cac1,8450,get_disposable_virtual_card,8284,development
f496c66b81bf5a3c3e31,4810,direct_debit_payment_not_recognised,4723,development
f49d9f9462e1ed06ab11,9091,top_up_by_card_charge,8916,development
f4b650c90bc52dd240d9,154,card_linking,153,development
f4b9dc1569b4583f75aa,6247,card_swallowed,6129,development
f4cc278181323dd9be48,8947,exchange_charge,8773,development
f4d346b82ad0d43d3c22,5458,request_refund,5359,development
f4d51c113392c2288a42,4825,passcode_forgotten,4738,development
f4e25b3b3bc1ed79d998,7330,transfer_fee_charged,7186,development
f4eb88bf82b240284147,2324,top_up_limits,2279,development
f4eead528fab3616d0b9,2653,card_payment_fee_charged,2605,development
f4f2736876f9aeaee512,4446,disposable_card_limits,4366,development
f504d2be7786f9109e2a,3610,card_payment_not_recognised,3548,development
f519ef994377a37d2faa,8125,order_physical_card,7966,development
f51cba399904a822e85e,1065,card_delivery_estimate,1051,development
f523aee9c23e345d0a27,3145,card_acceptance,3090,development
f524fbd9302e4c700d8c,2392,wrong_amount_of_cash_received,2347,development
f526b47a0f19b77bd0d2,47,card_arrival,47,development
f530225062df6043b021,6749,reverted_card_payment?,6593,development
f546083311a2e5cae754,7204,transfer_fee_charged,7063,development
f5463ffaa1002911be35,1357,exchange_via_app,1338,development
f54942bd9cb001bc6fc6,4143,visa_or_mastercard,4074,development
f554aed083878d4236d9,7035,beneficiary_not_allowed,6895,development
f5554f53defb5abe8fd6,6502,verify_source_of_funds,6379,development
f55850c7c0b54e09add0,6271,card_swallowed,6153,development
f55d2f63818c2094b9cd,6740,reverted_card_payment?,6606,development
f564211a1d231e7b838d,25,card_arrival,25,development
f564a0bd966140601e97,9020,exchange_charge,8846,development
f56d4fb62e8aa8134d2b,7797,verify_top_up,7642,development
f56f930aedfebafe0a55,4340,disposable_card_limits,4263,development
f5868a0e7e232edd9f52,1844,top_up_by_bank_transfer_charge,1816,development
f58c08c9f92245c98c1e,1704,pin_blocked,1677,development
f58fea3d1011123f9ff7,9014,exchange_charge,8840,development
f5948511f96239596517,7886,getting_spare_card,7730,development
f5a302e1f3ac00c4c83b,6812,reverted_card_payment?,6677,development
f5a4767695777c774ad0,2946,supported_cards_and_currencies,2895,development
f5a7ba471a1c39b643bd,8719,balance_not_updated_after_bank_transfer,8545,development
f5ab8bb094bb5f05f747,8783,balance_not_updated_after_bank_transfer,8609,development
f5b80af0d0a0d5f6da50,9178,top_up_by_card_charge,9002,development
f5b871d3b3278ec42a55,2237,top_up_limits,2198,development
f5bc84590a17003850b7,8475,top_up_failed,8305,development
f5c4c077c221d63e2591,4692,direct_debit_payment_not_recognised,4608,development
f5d851200fbf19e9c1ab,7226,transfer_fee_charged,7085,development
f5e22902ecbcb24a4002,2855,transfer_not_received_by_recipient,2804,development
f5e4fad42dfbf44301c0,7569,transfer_into_account,7424,development
f5ef6a1f8ebe7729d99e,9958,country_support,9768,development
f5f482979c456e62c82e,9554,card_about_to_expire,9372,development
f5f73867f991b9902565,6721,transfer_timing,6587,development
f600d0b1f8e27a1b9046,7615,transfer_into_account,7470,development
f605401b1464bf8474c2,9386,cash_withdrawal_charge,9205,development
f6076889e953db0d8a65,7122,beneficiary_not_allowed,6981,development
f61588297cdc46c552d6,6719,transfer_timing,6585,development
f62eb544abcbee351cad,3808,why_verify_identity,3742,development
f635d9a1348b252e6419,2033,pending_top_up,1999,development
f638b347b287703e18d4,2824,transfer_not_received_by_recipient,2773,development
f642784846632d42475f,6275,card_swallowed,6157,development
f643c3d24255f287f7a4,8824,cash_withdrawal_not_recognised,8650,development
f65f0a46f468cfce906b,276,card_linking,274,development
f65f3cb972f51fcd5f9c,5233,pending_card_payment,5137,development
f662a8bcfa52aae13f4c,2351,wrong_amount_of_cash_received,2306,development
f664665728bd6b283630,7124,beneficiary_not_allowed,6983,development
f671d237b8fc8eed5f4d,341,exchange_rate,339,development
f6753c47dbc13d9d5467,6160,terminate_account,6044,development
f67b433f5bcd36c476bf,3208,top_up_reverted,3149,development
f67d92e25577323e6407,1208,automatic_top_up,1192,development
f6a71e8a7151d787c1dc,7252,transfer_fee_charged,7111,development
f6a947fa76dd54e77272,1531,lost_or_stolen_card,1510,development
f6b79687afc1efc327e2,4108,visa_or_mastercard,4040,development
f6c703a5a7b0f8400827,7365,receiving_money,7221,development
f6c858e823deccabdb8b,3606,card_payment_not_recognised,3544,development
f6cb549c1b1fd65ad6c9,6534,verify_source_of_funds,6408,development
f6d02e035fab09df38ff,7799,verify_top_up,7644,development
f6d3d834ced0c7421a81,7950,top_up_by_cash_or_cheque,7794,development
f6d8f8125d95dcf11a5a,8039,top_up_by_cash_or_cheque,7881,development
f6e076866e2b422d8d0a,5283,lost_or_stolen_phone,5185,development
f6e3769f7ef1bc2b45e1,6332,transaction_charged_twice,6214,development
f6e9b346dce76853628a,2445,wrong_amount_of_cash_received,2400,development
f6f11378de08df109557,3782,why_verify_identity,3716,development
f70afdb7b7c36af8363c,3319,balance_not_updated_after_cheque_or_cash_deposit,3259,development
f70d97f5b2a8e6735115,5567,declined_transfer,5467,development
f71f281d83219ad48b1a,7940,top_up_by_cash_or_cheque,7784,development
f726001717b12ebe3328,7224,transfer_fee_charged,7083,development
f727ed7fe526a501c176,5043,declined_cash_withdrawal,4952,development
f728a741990c33f35c58,6379,transaction_charged_twice,6260,development
f73336bcc79f36b03ce9,2344,wrong_amount_of_cash_received,2299,development
f74267c5624b535fa5f3,8066,order_physical_card,7908,development
f74a9e0ec7251d057495,2348,wrong_amount_of_cash_received,2303,development
f7556c4b986e99bee4f9,2936,supported_cards_and_currencies,2885,development
f75a8bc101e4e44beef1,3969,unable_to_verify_identity,3903,development
f7671205c9aa5733b60c,8096,order_physical_card,7938,development
f768163226eea2385c17,1909,top_up_by_bank_transfer_charge,1880,development
f772e1b67d26cdb38899,4952,declined_cash_withdrawal,4863,development
f798fe4f4228725fedc2,5196,pending_card_payment,5101,development
f7a13e095bddf5819445,9795,verify_my_identity,9608,development
f7a47566783f2c136578,7814,getting_spare_card,7658,development
f7a877c506fb98f6cc48,3197,top_up_reverted,3139,development
f7a94801fdd0e3a5abe2,3752,edit_personal_details,3687,development
f7ba4660ae9ec45f39bd,7487,failed_transfer,7343,development
f7c022588b130b84794c,6705,transfer_timing,6572,development
f7c20cda810a38a3aa4e,1103,card_delivery_estimate,1088,development
f7c9a0c623bf93c2d5f0,1711,pin_blocked,1684,development
f7d36d5902db4a569c74,530,card_payment_wrong_exchange_rate,524,development
f7d9eac35ac0f1b00df4,1989,pending_top_up,1960,development
f7dcee8c08018c52712f,6261,card_swallowed,6143,development
f7dec3bcb08a55f4995c,6656,transfer_timing,6526,development
f7f62012a8323372d802,9047,exchange_charge,8872,development
f7f6b35050aa17190698,147,card_arrival,146,development
f7f82555aa48b6660139,8029,top_up_by_cash_or_cheque,7872,development
f7fd534b73efd0447de4,5988,declined_card_payment,5880,development
f7ff24bf7324f0ef9116,4972,declined_cash_withdrawal,4882,development
f80cb0150e29aa85fd0e,6252,card_swallowed,6134,development
f80ce209bb227c0087df,6224,terminate_account,6107,development
f8168e5e654d17cbd169,6311,transaction_charged_twice,6193,development
f8195d7fa6cc25490964,7445,failed_transfer,7301,development
f81a2b6147c0989951de,642,extra_charge_on_statement,634,development
f82484d87c505d941d1f,7197,transfer_fee_charged,7056,development
f8289ba63520f29aa2d9,4501,compromised_card,4419,development
f82cb6bbc3cf79e6484d,6083,pending_transfer,5970,development
f830a7af8118f3e48d95,5469,request_refund,5369,development
f8320462978bbc698659,2645,card_payment_fee_charged,2597,development
f834859a5f2e4808da21,2408,wrong_amount_of_cash_received,2363,development
f83ff6c4f4b59afdca1f,8479,top_up_failed,8309,development
f845935cf949a1228ff8,3530,card_payment_not_recognised,3468,development
f84957b28a122983bb07,1458,exchange_via_app,1438,development
f8630a87b4aee9a46282,2756,transfer_not_received_by_recipient,2707,development
f866d7ac4b3fdf142030,1337,card_not_working,1318,development
f8672be059e6d0100916,6629,transfer_timing,6499,development
f8694481dd3cb7bf4ecd,3212,top_up_reverted,3153,development
f86d570c15dbb56518d8,3891,why_verify_identity,3825,development
f87b085c92bed07411f3,8344,wrong_exchange_rate_for_cash_withdrawal,8179,development
f87cbe1e77b6dd090a61,7813,getting_spare_card,7657,development
f87db85f9cf59916e0f1,3415,balance_not_updated_after_cheque_or_cash_deposit,3354,development
f8a0a0e502348d9d84bb,5692,Refund_not_showing_up,5589,development
f8b0f6b20f38ebfc0a9c,6972,change_pin,6833,development
f8bdc701737db57ecdb6,2690,card_payment_fee_charged,2642,development
f8bf1ffb2aa4b640eb02,817,pending_cash_withdrawal,807,development
f8c354273208eb0cd17e,2700,transfer_not_received_by_recipient,2652,development
f8d0d599fe2371379a4f,6025,pending_transfer,5917,development
f8d1fb127c896281604b,603,extra_charge_on_statement,597,development
f8d57a9f35d564261c25,3841,why_verify_identity,3775,development
f8e0d7c13b2499efcc4d,8159,order_physical_card,7998,development
f8ff5a4a035cb63a80c4,7562,failed_transfer,7418,development
f9023680ec18cc060083,8647,balance_not_updated_after_bank_transfer,8474,development
f90adc61af65c73e198e,7770,verify_top_up,7618,development
f90edc481a6cdf758d1f,3554,card_payment_not_recognised,3492,development
f91350efe3c5235d5611,5691,Refund_not_showing_up,5588,development
f916a73542a9118d491d,4779,direct_debit_payment_not_recognised,4693,development
f93006e26c3f7b9a3e0f,5167,pending_card_payment,5031,development
f938b13c72d24fe2dfb0,8948,exchange_charge,8774,development
f94036d1ae4d4d83eddf,4366,disposable_card_limits,4288,development
f945e64342cec0d61c12,6006,pending_transfer,5898,development
f94aaaff98dd8a25f4e9,1823,top_up_by_bank_transfer_charge,1795,development
f950a5da00ebe321e8a4,9392,cash_withdrawal_charge,9211,development
f963e0c6cda399bfc8aa,1039,card_delivery_estimate,1027,development
f967579ceda7a365f7dc,7847,getting_spare_card,7691,development
f97d98de02ffc4cbe884,1928,pending_top_up,1899,development
f98718d7f20cf2d56aa6,2008,pending_top_up,1979,development
f98f7681d6f15a2b973e,3635,card_payment_not_recognised,3573,development
f9959deeb0d0c500e5f5,2558,card_payment_fee_charged,2513,development
f99989a3809e4cfbe07b,9446,cash_withdrawal_charge,9264,development
f9a4904faead81c240ba,1649,age_limit,1622,development
f9ab10b521a3a984879d,1529,lost_or_stolen_card,1508,development
f9b1c70bfcb44d9739fe,9123,top_up_by_card_charge,8948,development
f9c633ac69c54571a7b1,1057,card_delivery_estimate,1044,development
f9c782326756570afed0,636,extra_charge_on_statement,628,development
f9e35a2f5eb640df50f8,3966,unable_to_verify_identity,3900,development
f9e9089115b836713849,4122,visa_or_mastercard,4053,development
f9efd0746598b74e835c,9779,verify_my_identity,9592,development
f9f497f06ffbc2ec646b,6667,transfer_timing,6537,development
f9f7609e1242a68b1ac5,5220,pending_card_payment,5124,development
fa079733a978c34b9693,7453,failed_transfer,7309,development
fa22ec3a94e0dc0e12c4,3467,balance_not_updated_after_cheque_or_cash_deposit,3405,development
fa28939fb294597cf5f5,4002,get_physical_card,3935,development
fa2fedb621788b815901,3659,edit_personal_details,3597,development
fa45d7a1adbee58eeb87,1991,pending_top_up,1962,development
fa4e3640480a985017e4,3464,balance_not_updated_after_cheque_or_cash_deposit,3402,development
fa52f09f7e1d8c68a8a9,3654,edit_personal_details,3592,development
fa5716589fa9dd8297d1,59,card_arrival,59,development
fa59f5f40b75e9e8d08d,242,card_linking,240,development
fa7644e499dd399cc4de,6485,verify_source_of_funds,6362,development
fa76cee7fec2a300defc,9259,activate_my_card,9081,development
fa7e89f6b5ee8d90b6c5,3870,why_verify_identity,3804,development
fa7f814a8a79bbece423,6310,transaction_charged_twice,6192,development
fa9c4318ed67725c0a24,6209,terminate_account,6093,development
faa95d4f0d8a3a150b97,2688,card_payment_fee_charged,2640,development
fab0c8f839dcda437562,9024,exchange_charge,8850,development
faca870187b63ef1136e,7436,failed_transfer,7292,development
fae39de176def8b7ff44,3812,why_verify_identity,3746,development
fae8ef0583f333ccafd9,9000,exchange_charge,8826,development
fae9caf8fac9e95a81ef,4699,direct_debit_payment_not_recognised,4615,development
faeb821a2dfdb58d6df8,5298,lost_or_stolen_phone,5200,development
fb053eb16131c5392b29,1234,automatic_top_up,1216,development
fb0b3fc3be64ff44d59c,3708,edit_personal_details,3645,development
fb15a79578f1766a7242,5421,request_refund,5322,development
fb25a6c8754353999b84,6087,pending_transfer,5974,development
fb27cd69758a72da6d89,5311,lost_or_stolen_phone,5213,development
fb2bc5fec116334ada25,8927,cash_withdrawal_not_recognised,8753,development
fb2e2c398f40dfd26fc7,4729,direct_debit_payment_not_recognised,4644,development
fb33541cf2c573c5445b,5274,lost_or_stolen_phone,5166,development
fb3b86a4a5dd05fbb85c,8985,exchange_charge,8811,development
fb448b5b6562949cfc01,2970,supported_cards_and_currencies,2819,development
fb4cd27ebf7887254fbb,1854,top_up_by_bank_transfer_charge,1826,development
fb5688cbc414573ab72e,5307,lost_or_stolen_phone,5209,development
fb58cbf09d6fbf822875,8404,get_disposable_virtual_card,8238,development
fb5ee11f69435f28823d,7019,beneficiary_not_allowed,6878,development
fb6791db69b96252d74f,6172,terminate_account,6056,development
fb7669eb46c3d70bb73c,9717,apple_pay_or_google_pay,9532,development
fb7684578448773dfb43,6581,verify_source_of_funds,6451,development
fb8457da52d1dae91237,4653,direct_debit_payment_not_recognised,4569,development
fb85148f74486280db28,1,card_arrival,1,development
fb89896f5995171d7af0,1653,age_limit,1626,development
fb8a75163cbf970baa97,1270,card_not_working,1252,development
fb8b68d11feae661c4d7,6100,pending_transfer,5986,development
fb8c3ad6d6c9b6f0960e,8775,balance_not_updated_after_bank_transfer,8601,development
fb9777eabab37330b712,4419,disposable_card_limits,4341,development
fb9de69fc9a2e4525a65,1110,card_delivery_estimate,1095,development
fba290f1fe0a14145b28,5672,declined_transfer,5569,development
fbab14fc36d68a33e604,9353,cash_withdrawal_charge,9172,development
fbaf715e6a681959fa78,9963,country_support,9773,development
fbb35ff0acde5eb9dfe6,8103,order_physical_card,7945,development
fbb46652701ea24653aa,2948,supported_cards_and_currencies,2897,development
fbc7b5dcc176f76cad68,5275,lost_or_stolen_phone,5177,development
fbde1b269818b55f8805,5258,lost_or_stolen_phone,5161,development
fbeced682cdb39e7d20e,1483,lost_or_stolen_card,1463,development
fc059df2866a97089c37,5032,declined_cash_withdrawal,4941,development
fc08ef2de7eb9ad749e2,3518,card_payment_not_recognised,3456,development
fc0a067b36deed4679bb,6334,transaction_charged_twice,6216,development
fc0a372f63dd6db0a11c,3265,top_up_reverted,3206,development
fc0c199fa18c4d3f4481,9084,top_up_by_card_charge,8909,development
fc0e9aa9cbac226d4298,6097,pending_transfer,5983,development
fc13ab5f2de6b0e087f1,1148,automatic_top_up,1133,development
fc22923b234860cd1e17,6256,card_swallowed,6138,development
fc24f8d5c4fea5ed39a8,1575,age_limit,1551,development
fc26f5ccaee7fbdb2d37,8633,balance_not_updated_after_bank_transfer,8460,development
fc312fe0bc8a25b766ca,1939,pending_top_up,1910,development
fc3c9a42c028c00e31f2,5119,pending_card_payment,5026,development
fc4054b623560b95ffba,9723,apple_pay_or_google_pay,9538,development
fc4da56a9ef6409445f1,7276,transfer_fee_charged,7135,development
fc4fecaf0eb82ce72a83,4180,visa_or_mastercard,4108,development
fc5679e1d183b096cebc,2711,transfer_not_received_by_recipient,2663,development
fc5a2ada3f665eb073e0,1484,lost_or_stolen_card,1464,development
fc5e59891cc8f86b3d4e,3563,card_payment_not_recognised,3501,development
fc61d3034bc16728cb96,5734,Refund_not_showing_up,5631,development
fc6611d9a17507c13ddc,7068,beneficiary_not_allowed,6928,development
fc6b778b39af254c7211,6903,change_pin,6765,development
fc6ba9eaa01196b8161f,9458,cash_withdrawal_charge,9276,development
fc8d27b23db5737f5d82,2818,transfer_not_received_by_recipient,2767,development
fc8d6d79946e2b7f07a6,6962,change_pin,6824,development
fc8f64896a28ab0bbfdf,5198,pending_card_payment,5103,development
fc935a470b89d9da0e02,4728,direct_debit_payment_not_recognised,4643,development
fc9c170603783d2e0cc8,8456,get_disposable_virtual_card,8289,development
fca2d6672d587678ebde,4844,passcode_forgotten,4757,development
fce234548fbf21b6172f,3213,top_up_reverted,3154,development
fce5d2d90a15ce5e0170,8682,balance_not_updated_after_bank_transfer,8508,development
fcee574c11dc90bf67e5,4210,visa_or_mastercard,4137,development
fcfd7df03c40344d280b,647,extra_charge_on_statement,639,development
fd0364590f1a80a40789,873,pending_cash_withdrawal,861,development
fd0c66c021fb0aabfad2,1428,exchange_via_app,1409,development
fd1cc4131cac53e9dd36,8594,top_up_failed,8421,development
fd1dd15957f6a27b3999,2001,pending_top_up,1972,development
fd2b6676ea755711c252,1098,card_delivery_estimate,1083,development
fd2ecb1c47424792ecca,45,card_arrival,45,development
fd324bae3452e8505935,2839,transfer_not_received_by_recipient,2788,development
fd414e49e48bb38c0cf3,3547,card_payment_not_recognised,3485,development
fd431ee24ba43aa3be29,6700,transfer_timing,6548,development
fd45660a2c0ff92caf3d,2571,card_payment_fee_charged,2525,development
fd465929bf4d229fb688,584,extra_charge_on_statement,578,development
fd56457a8a6690acc8c8,6033,pending_transfer,5925,development
fd5ba635e03a080de2f2,5058,declined_cash_withdrawal,4967,development
fd626d3340f2ddea090f,5819,Refund_not_showing_up,5714,development
fd6435d2127df35a15ea,1435,exchange_via_app,1415,development
fd70c2bae87dbdb3f403,7249,transfer_fee_charged,7108,development
fd83ac0d38d162da565d,4605,atm_support,4521,development
fd854734f56576aafac9,7431,failed_transfer,7287,development
fd944441859d61b2ab6e,6317,transaction_charged_twice,6199,development
fd99cf5f3f9506e5d419,7446,failed_transfer,7302,development
fd9a68e2cf45b8ecd9e7,7032,beneficiary_not_allowed,6892,development
fd9f64515fcbff198791,8756,balance_not_updated_after_bank_transfer,8582,development
fda60381912a8566f381,4109,visa_or_mastercard,4038,development
fda7a6723b0493f5bb11,3640,card_payment_not_recognised,3578,development
fdb9c0460b27ce290a4b,711,extra_charge_on_statement,702,development
fdbbc71b3f84200b7dc8,7773,verify_top_up,7621,development
fdbe2220e09b4699f623,1861,top_up_by_bank_transfer_charge,1833,development
fdd517cb283ce136d03e,8261,wrong_exchange_rate_for_cash_withdrawal,8098,development
fde36cb9efeb3fc65466,6979,change_pin,6840,development
fde3bb54eddab01312c8,43,card_arrival,43,development
fde7ddaef16a8e9782d6,2896,supported_cards_and_currencies,2845,development
fdea610b5cfe1b4e56fb,2428,wrong_amount_of_cash_received,2383,development
fdf6e74bdadc3b4a8525,8226,wrong_exchange_rate_for_cash_withdrawal,8064,development
fdf72e500d2bdff5812d,5446,request_refund,5347,development
fdfc0bd7d5e1713d7c7e,5775,Refund_not_showing_up,5672,development
fdfe1a46aca224bc1de6,173,card_linking,172,development
fe1e5c4b30696b9ada69,1603,age_limit,1577,development
fe206e1ae470146829fc,6713,transfer_timing,6580,development
fe27a1633552fe10cfca,5348,lost_or_stolen_phone,5250,development
fe2cf647260683082ff1,1417,exchange_via_app,1398,development
fe2ecc4c4ef582ca864f,7376,receiving_money,7232,development
fe3dbeb7a9600e934d81,9210,activate_my_card,9033,development
fe3fa09acf9bacd64e49,7147,beneficiary_not_allowed,7006,development
fe45b5421c9b10561584,1847,top_up_by_bank_transfer_charge,1819,development
fe4dd1b72fee9304f045,7082,beneficiary_not_allowed,6942,development
fe5b456e63f4b77f92b2,2529,card_payment_fee_charged,2484,development
fe5bec88c14ff3e78875,56,card_arrival,56,development
fe611cb012a59e78d03c,1174,automatic_top_up,1158,development
fe8cada7d4e03bd0de6b,9491,cash_withdrawal_charge,9309,development
fe8cb24a6f332c918588,2723,transfer_not_received_by_recipient,2675,development
fea208e058c211f28a02,5320,lost_or_stolen_phone,5222,development
fea3220411c198ab5088,7335,receiving_money,7191,development
fea740301166224f3fe5,910,fiat_currency_support,898,development
feadc363904dda5509e1,3086,getting_virtual_card,3032,development
feb1b6b6fc3d6a8881a2,8061,order_physical_card,7903,development
febd4cb6d666718f991c,1028,card_delivery_estimate,1016,development
febd59c6d7453dada06b,3049,getting_virtual_card,2997,development
fecae0bcca42d8ab4692,2200,cancel_transfer,2161,development
fed4b183610cad9bfe32,1599,age_limit,1573,development
fed9be48776c856d8711,5644,declined_transfer,5542,development
feebd6262161fe4c67fe,3352,balance_not_updated_after_cheque_or_cash_deposit,3242,development
fef5cb2caa066bfbeb64,198,card_linking,186,development
fef70def97a732773eac,9653,apple_pay_or_google_pay,9470,development
fef7bec10e48d60affaa,4010,get_physical_card,3943,development
ff0024ffe7ceb80d8e6c,1391,exchange_via_app,1372,development
ff0ad3a0fb0a2f8723fa,7189,transfer_fee_charged,7048,development
ff0d8dd4c91795cafc85,2606,card_payment_fee_charged,2560,development
ff17df79a5664b9ad3bd,6475,transaction_charged_twice,6352,development
ff24c5f6936bd8e78cc6,6998,change_pin,6859,development
ff26989c22f44235638b,6953,change_pin,6815,development
ff2c9b747c0b63bbe3ce,3010,getting_virtual_card,2958,development
ff30f011b1e9249657cb,3519,card_payment_not_recognised,3457,development
ff3cf63fcdbe623e9127,5833,Refund_not_showing_up,5728,development
ff3ef4489bd7f650f2ca,5291,lost_or_stolen_phone,5193,development
ff40f3f1a3368c6b8035,3067,getting_virtual_card,3015,development
ff44769626b59d81ee84,8990,exchange_charge,8816,development
ff44d1cbd26523d4abf3,4385,disposable_card_limits,4307,development
ff5728877a450d5bb879,4768,direct_debit_payment_not_recognised,4682,development
ff5f14165e4e843b3a83,3734,edit_personal_details,3671,development
ff6568110fac7789cf30,6320,transaction_charged_twice,6202,development
ff6c3d5cca0c25a23cf0,653,extra_charge_on_statement,645,development
ff75a635f4f6c227899d,2843,transfer_not_received_by_recipient,2792,development
ff8305d70d17d72ca313,367,exchange_rate,364,development
ff8c7271bdfcb5764a2e,9001,exchange_charge,8827,development
ff8df59e160d17b03b93,8478,top_up_failed,8308,development
ff8faec51fdd3c3bd8db,8898,cash_withdrawal_not_recognised,8724,development
ff8fce1717c2f503bb37,2736,transfer_not_received_by_recipient,2688,development
ffb2f88accc8a3bd0cc9,1393,exchange_via_app,1374,development
ffb85b96b7367ea76608,1145,automatic_top_up,1130,development
ffc039ba12d6bf7b89af,8024,top_up_by_cash_or_cheque,7867,development
ffc15fc77ad601bee3c4,1899,top_up_by_bank_transfer_charge,1814,development
ffc69bbcf6d042a61ad3,1735,pin_blocked,1707,development
ffc6ce47036bec515338,9875,country_support,9685,development
fffa83b3945a37efdb9c,1764,pin_blocked,1736,development
ffff40cb40b337c0f9ac,6047,pending_transfer,5939,development
0068d0dc59dc9f0c5957,7169,transfer_fee_charged,7028,excluded_test_overlap
0446dc7b876aea928661,1620,age_limit,1594,excluded_test_overlap
05e8d19daac22cb678f6,1197,automatic_top_up,1181,excluded_test_overlap
062d857ff80befe717f7,2316,top_up_limits,2271,excluded_test_overlap
069ba899de3b275ca290,1220,automatic_top_up,1203,excluded_test_overlap
06c403ff9ad36188bb97,2081,cancel_transfer,2041,excluded_test_overlap
0742cf2e0bb7833dfea5,5680,Refund_not_showing_up,5577,excluded_test_overlap
08d07391bbdb7eb32e58,9572,card_about_to_expire,9389,excluded_test_overlap
091ce4b27897379cbfe5,3854,why_verify_identity,3788,excluded_test_overlap
0b809a2cc7c0e351951a,2134,cancel_transfer,2097,excluded_test_overlap
0c997460cea97cdf71e6,2950,supported_cards_and_currencies,2899,excluded_test_overlap
0fa02e6e8238d7cae62a,6504,verify_source_of_funds,6381,excluded_test_overlap
11164c4c90420c9c11cf,9697,apple_pay_or_google_pay,9513,excluded_test_overlap
121e34e2dc8b1e50e5a4,9657,apple_pay_or_google_pay,9474,excluded_test_overlap
12621e2f749d42851c60,3976,unable_to_verify_identity,3909,excluded_test_overlap
13798b37e5bc5309d21a,1533,lost_or_stolen_card,1511,excluded_test_overlap
1383669a29f3db133ed2,7238,transfer_fee_charged,7097,excluded_test_overlap
16143626ebd629b9886f,7412,receiving_money,7268,excluded_test_overlap
16d84a0076d396ae7761,3103,card_acceptance,3049,excluded_test_overlap
18fd218db8b79581b817,9261,activate_my_card,9083,excluded_test_overlap
1a332532d32dac9d8a5b,738,pending_cash_withdrawal,728,excluded_test_overlap
1b922e78099c8bafa6b2,5633,declined_transfer,5502,excluded_test_overlap
1e9535815cf3f66b635c,9799,verify_my_identity,9612,excluded_test_overlap
1f62639d10ff5699c90c,2063,pending_top_up,2028,excluded_test_overlap
210f30c9e4f19034a056,7778,verify_top_up,7551,excluded_test_overlap
24e230847a7f707733c1,5145,pending_card_payment,5015,excluded_test_overlap
2519d91ed2a453979e83,8626,balance_not_updated_after_bank_transfer,8453,excluded_test_overlap
26910b9c73b426cae265,2321,top_up_limits,2276,excluded_test_overlap
26bf67d265b713a87c4b,6324,transaction_charged_twice,6206,excluded_test_overlap
26c1eef52d4ce01e0926,5799,Refund_not_showing_up,5695,excluded_test_overlap
2a0d14558e00e6158998,7030,beneficiary_not_allowed,6890,excluded_test_overlap
2c1c2fe5f4bc16e12beb,628,extra_charge_on_statement,618,excluded_test_overlap
30266691b43cb78594d7,6080,pending_transfer,5903,excluded_test_overlap
3038d43dce3aead8ff04,1333,card_not_working,1314,excluded_test_overlap
30eab9eb4a4445039b54,9162,top_up_by_card_charge,8986,excluded_test_overlap
31dfbaf2e93b6aa14e60,4839,passcode_forgotten,4752,excluded_test_overlap
321a450d88041e100e06,7687,verify_top_up,7542,excluded_test_overlap
33f234f13ae2e6a46356,8004,top_up_by_cash_or_cheque,7847,excluded_test_overlap
35f5480e518fb21b9b41,6050,pending_transfer,5941,excluded_test_overlap
38777a7e3a0e26421863,4889,passcode_forgotten,4801,excluded_test_overlap
398ccaf097c29c33e445,4078,get_physical_card,4011,excluded_test_overlap
3a3d5fd60f2b3b55fe12,7521,failed_transfer,7377,excluded_test_overlap
3b141c427b62bdee923d,2091,cancel_transfer,2054,excluded_test_overlap
3c00d3cbf92c2bf194e3,3889,why_verify_identity,3823,excluded_test_overlap
3cce2185a4522a3fc30e,4359,disposable_card_limits,4281,excluded_test_overlap
3e2f26ac5b568cf704e4,1958,pending_top_up,1929,excluded_test_overlap
3faaa5fac1804784eac9,7701,verify_top_up,7556,excluded_test_overlap
400c6b7a16a7d3310d41,793,pending_cash_withdrawal,783,excluded_test_overlap
40d50252b8566b41900c,1132,automatic_top_up,1117,excluded_test_overlap
41492399de35c301ae61,6053,pending_transfer,5941,excluded_test_overlap
428e8cd6b86adcda515c,6528,verify_source_of_funds,6403,excluded_test_overlap
43e44d66a26423a38dc3,2143,cancel_transfer,2106,excluded_test_overlap
4430420610d8ffbd63c4,5922,declined_card_payment,5816,excluded_test_overlap
448b266333086794826b,1579,age_limit,1555,excluded_test_overlap
451c11d6c7e6c8ca79d0,4375,disposable_card_limits,4297,excluded_test_overlap
467c2764dbc51778a3d4,8582,top_up_failed,8409,excluded_test_overlap
4a3aaa49c860a9531de3,8187,virtual_card_not_working,8025,excluded_test_overlap
4b9ecd5dd3222ee85292,2640,card_payment_fee_charged,2593,excluded_test_overlap
4efb70afeba33488edf2,5025,declined_cash_withdrawal,4900,excluded_test_overlap
509779eaf730b421c5ce,1817,top_up_by_bank_transfer_charge,1789,excluded_test_overlap
55b8f6b252666e9f09c4,9969,country_support,9778,excluded_test_overlap
55d33b7a7272eb2c89b8,7742,verify_top_up,7551,excluded_test_overlap
576001b27d31f8a29b78,8383,get_disposable_virtual_card,8218,excluded_test_overlap
57939976872ba3b38b7a,224,card_linking,222,excluded_test_overlap
594253cb23ea34b92914,5602,declined_transfer,5451,excluded_test_overlap
597e4ca6f72163fd1f9f,3550,card_payment_not_recognised,3488,excluded_test_overlap
5aab004c4b104816732a,8135,order_physical_card,7890,excluded_test_overlap
5ba0ed34a63c148403c7,2330,top_up_limits,2285,excluded_test_overlap
5da36b50765d5282d027,8473,top_up_failed,8303,excluded_test_overlap
6001d6a6e7cc746d77b4,5548,declined_transfer,5448,excluded_test_overlap
62189a291cae631b986a,8145,order_physical_card,7984,excluded_test_overlap
62e306f399cc74f6f1b1,1548,lost_or_stolen_card,1524,excluded_test_overlap
6373b4fe8a6d8c553b65,5108,pending_card_payment,5015,excluded_test_overlap
64b2c1f12c95fd4ef070,4376,disposable_card_limits,4298,excluded_test_overlap
681d723c2af282530e08,2097,cancel_transfer,2060,excluded_test_overlap
6b32dc206b3e7917d119,8080,order_physical_card,7922,excluded_test_overlap
6c0d94ca0f5cc0426e3c,7341,receiving_money,7197,excluded_test_overlap
6c10d8e29fa9130a2d37,375,exchange_rate,371,excluded_test_overlap
6c2d8ca792f382d26160,4819,passcode_forgotten,4732,excluded_test_overlap
6c780b5e4ea96eb0d562,7076,beneficiary_not_allowed,6936,excluded_test_overlap
6f088ff985bac74c6b44,6495,verify_source_of_funds,6372,excluded_test_overlap
70214b9eea079e4844dc,320,exchange_rate,318,excluded_test_overlap
707103aa37da6e56985b,1965,pending_top_up,1936,excluded_test_overlap
72124273786783676131,6141,terminate_account,6025,excluded_test_overlap
73362c9517ff73763806,3705,edit_personal_details,3642,excluded_test_overlap
745d3855f903f0d21c48,3972,unable_to_verify_identity,3906,excluded_test_overlap
7536d4701a72be23cb58,6856,reverted_card_payment?,6720,excluded_test_overlap
789f41541eda023279f1,3156,top_up_reverted,3101,excluded_test_overlap
78a51ecbb6a7e3edfbcc,5559,declined_transfer,5459,excluded_test_overlap
7a8ae664427fda3ecf39,6764,reverted_card_payment?,6629,excluded_test_overlap
7abaeb114558bf58c33f,9327,activate_my_card,9146,excluded_test_overlap
7bb22d5dc5cfb5b2005c,7696,verify_top_up,7551,excluded_test_overlap
7d9335898153e0fb1964,6842,reverted_card_payment?,6706,excluded_test_overlap
7da9dc1ab1e5c5d0a591,2915,supported_cards_and_currencies,2864,excluded_test_overlap
7f0a80ce3aca5eb2b3b1,2981,supported_cards_and_currencies,2929,excluded_test_overlap
831a8f8f0cb5b2ffee64,8943,cash_withdrawal_not_recognised,8769,excluded_test_overlap
8525cdf7c716b418361d,6011,pending_transfer,5903,excluded_test_overlap
85e885c52d21526dfc52,4990,declined_cash_withdrawal,4900,excluded_test_overlap
883547c3c0c288551833,3095,getting_virtual_card,3041,excluded_test_overlap
887c955e61226f70aa93,8457,get_disposable_virtual_card,8290,excluded_test_overlap
8b6273b6ddfbe6cb6430,7979,top_up_by_cash_or_cheque,7822,excluded_test_overlap
8e3001a3079234a422d6,8048,order_physical_card,7890,excluded_test_overlap
91b7b84b237aac182276,1562,age_limit,1538,excluded_test_overlap
91d01be753dc6dbfb45c,3713,edit_personal_details,3650,excluded_test_overlap
94e4036e51d85bbad9fd,7888,getting_spare_card,7732,excluded_test_overlap
969ad886c565f2f5a1d5,9849,verify_my_identity,9662,excluded_test_overlap
96fbdab86ec6487db603,1784,contactless_not_working,1756,excluded_test_overlap
99ad785f7cc49f40b9f2,8573,top_up_failed,8400,excluded_test_overlap
9d7f3789b35a285d676e,2315,top_up_limits,2270,excluded_test_overlap
9da06f2d6101abdbf5db,7972,top_up_by_cash_or_cheque,7815,excluded_test_overlap
9e0e61b5f571ec2c243a,3721,edit_personal_details,3658,excluded_test_overlap
a00dfcab0600ae7e1344,3027,getting_virtual_card,2975,excluded_test_overlap
a1e4246d4b62c25eeb8d,3116,card_acceptance,3062,excluded_test_overlap
a392217b0897e841a1c6,3683,edit_personal_details,3621,excluded_test_overlap
a39808c1c6d725d74bb7,8525,top_up_failed,8353,excluded_test_overlap
a4794d30f0c2f82bc211,2420,wrong_amount_of_cash_received,2375,excluded_test_overlap
a6512dd5113a67c104d0,5551,declined_transfer,5451,excluded_test_overlap
a798ecec96c6adaf2026,5313,lost_or_stolen_phone,5215,excluded_test_overlap
a7b8c98a3d884b1f5d86,7073,beneficiary_not_allowed,6933,excluded_test_overlap
a9b8689d4c301c512ac9,6219,terminate_account,6102,excluded_test_overlap
a9c73f89f5893c29ab1e,2152,cancel_transfer,2114,excluded_test_overlap
ab1cad67f6317068ce25,5995,pending_transfer,5887,excluded_test_overlap
ab636ef71c70163bfc31,6539,verify_source_of_funds,6403,excluded_test_overlap
ada98c56dff3d03d18b4,1163,automatic_top_up,1117,excluded_test_overlap
ae4314dc5feec901ed35,9658,apple_pay_or_google_pay,9475,excluded_test_overlap
aef35738ce142a58299c,9921,country_support,9731,excluded_test_overlap
af520124db543f2eeca0,9991,country_support,9800,excluded_test_overlap
b030044faf2db084256f,8271,wrong_exchange_rate_for_cash_withdrawal,8108,excluded_test_overlap
b070bc65dc994ddc9f2a,789,pending_cash_withdrawal,779,excluded_test_overlap
b11bae47e9c914086d6b,9689,apple_pay_or_google_pay,9474,excluded_test_overlap
b1cdb6f15da35e8d9f97,7680,verify_top_up,7535,excluded_test_overlap
b215d32361d2ed697ab8,625,extra_charge_on_statement,618,excluded_test_overlap
b3805eb1b216fcb8e3f8,5670,declined_transfer,5459,excluded_test_overlap
b60e92cbda1c580ca140,6583,verify_source_of_funds,6453,excluded_test_overlap
b77ea62265378b03e100,3036,getting_virtual_card,2984,excluded_test_overlap
b7a9dd4df79fa47bce02,9730,apple_pay_or_google_pay,9513,excluded_test_overlap
b80affa7397275ccbfa0,2527,card_payment_fee_charged,2482,excluded_test_overlap
b97d6cb138a37d798dfc,3896,unable_to_verify_identity,3830,excluded_test_overlap
c1d0095a4c407f5458be,2584,card_payment_fee_charged,2538,excluded_test_overlap
c2f60ac48b7a3fc9f7f3,3078,getting_virtual_card,3026,excluded_test_overlap
c38e18b3e6243079d5fb,369,exchange_rate,366,excluded_test_overlap
c46d533947701cd844f8,3477,balance_not_updated_after_cheque_or_cash_deposit,3415,excluded_test_overlap
c9c1dfee2ddb52e6e560,1155,automatic_top_up,1140,excluded_test_overlap
cc35baebac72306b3f66,3715,edit_personal_details,3652,excluded_test_overlap
cccd5c07e6df9c75c7e5,9678,apple_pay_or_google_pay,9495,excluded_test_overlap
cdf7db4b7d59b7733514,3118,card_acceptance,3064,excluded_test_overlap
ced0eb58b1df7065b41b,4476,compromised_card,4394,excluded_test_overlap
ced517d579e37768579d,3061,getting_virtual_card,3009,excluded_test_overlap
cf2cbc313d90b6c1289c,8142,order_physical_card,7981,excluded_test_overlap
cf5b806c8fe553055510,7889,getting_spare_card,7733,excluded_test_overlap
cfed0ba3f676e98c97cb,8545,top_up_failed,8372,excluded_test_overlap
d0b7fae88f70d1efb7a3,2276,top_up_limits,2205,excluded_test_overlap
d6b06968c6c99282efeb,3900,unable_to_verify_identity,3834,excluded_test_overlap
d83c22cefc280ceab75c,4576,atm_support,4463,excluded_test_overlap
d8964c88696d2a9c6fd9,6488,verify_source_of_funds,6365,excluded_test_overlap
db0ccc0433e6a76fdb42,7531,failed_transfer,7387,excluded_test_overlap
deb4af34d0be857539a5,4369,disposable_card_limits,4291,excluded_test_overlap
e1937878e0707e122b4f,7538,failed_transfer,7394,excluded_test_overlap
e39fb9366bc4dbdb5b0c,3094,getting_virtual_card,3040,excluded_test_overlap
e59337f12244df6d3914,7128,beneficiary_not_allowed,6987,excluded_test_overlap
e848b29cc0ec3fb8d193,1722,pin_blocked,1695,excluded_test_overlap
e8b04ec41ce0a6fe89f0,5834,Refund_not_showing_up,5729,excluded_test_overlap
e9dde214456b6c2d882b,4545,atm_support,4463,excluded_test_overlap
eae9303f863bf102f541,2873,supported_cards_and_currencies,2822,excluded_test_overlap
eae9c79ecfc7bb9066fb,2559,card_payment_fee_charged,2482,excluded_test_overlap
ebceaa60f6df3e6257a4,2639,card_payment_fee_charged,2592,excluded_test_overlap
ec614921afd114a53896,9596,card_about_to_expire,9413,excluded_test_overlap
ed1fe670d3cf7e8dd265,7530,failed_transfer,7386,excluded_test_overlap
ed2b4cbb0f626f49781b,6984,change_pin,6845,excluded_test_overlap
eeb790045ccf92f1c474,5930,declined_card_payment,5816,excluded_test_overlap
f19b6d1d122e811a4477,3754,edit_personal_details,3689,excluded_test_overlap
f2f72906fd1cc3d74a51,5603,declined_transfer,5502,excluded_test_overlap
f30c3fafdcd19c07f5a7,4877,passcode_forgotten,4789,excluded_test_overlap
f35d0e90ff3054895f14,2297,top_up_limits,2254,excluded_test_overlap
f3ada9f3550d68f3892f,3830,why_verify_identity,3764,excluded_test_overlap
f4e424aed9428a3dde46,8826,cash_withdrawal_not_recognised,8652,excluded_test_overlap
f4ff64b4c26427ca912d,3141,card_acceptance,3087,excluded_test_overlap
f917fe2e02e1d8f5f35c,9324,activate_my_card,9143,excluded_test_overlap
fa26c5a533124efcbe20,5932,declined_card_payment,5825,excluded_test_overlap
fa52d28f2b2423d2ce17,3742,edit_personal_details,3642,excluded_test_overlap
faf390b6b0c74fe4b062,8515,top_up_failed,8344,excluded_test_overlap
fc448b00d434772cc8c5,3755,edit_personal_details,3608,excluded_test_overlap
fd1801d1e0b224b00144,9839,verify_my_identity,9652,excluded_test_overlap
002164403682cbe24d64,9715,apple_pay_or_google_pay,9530,validation
003a4d14977d158a8951,1724,pin_blocked,1683,validation
003cffc16b244019bcb6,3743,edit_personal_details,3678,validation
004989479dc7bbfeda44,9985,country_support,9794,validation
0069e2b7f026d318c80f,3749,edit_personal_details,3684,validation
00724bb574bf129b22f7,6397,transaction_charged_twice,6278,validation
00858c609f67b776f872,6741,reverted_card_payment?,6607,validation
009d011916e9ac0b47b8,7297,transfer_fee_charged,7155,validation
00af57f86f159ece41cb,4750,direct_debit_payment_not_recognised,4664,validation
00d6db448df05432059f,1787,contactless_not_working,1759,validation
00fa5dbe1f2aa4bc8887,7524,failed_transfer,7380,validation
01309ff7849d8feb6380,3533,card_payment_not_recognised,3471,validation
0147b315899ed24120c5,9669,apple_pay_or_google_pay,9486,validation
02151af8a6a75d367b75,1638,age_limit,1611,validation
0254ca852c70d8be7d7b,552,card_payment_wrong_exchange_rate,546,validation
02d04110caccb39b5405,5211,pending_card_payment,5116,validation
031313e1c3fa05afeb57,4740,direct_debit_payment_not_recognised,4655,validation
03342b9edaaa01b12e3a,3280,top_up_reverted,3220,validation
039078049039449f467d,6630,transfer_timing,6500,validation
03b5cd49df3a35f12be3,9880,country_support,9690,validation
03edb664dd0353b3279a,736,extra_charge_on_statement,726,validation
0404302510c1c94f69de,977,fiat_currency_support,965,validation
0436d178cd6aaa7dc6a3,8761,balance_not_updated_after_bank_transfer,8587,validation
044b8a560f8bed7862b8,8845,cash_withdrawal_not_recognised,8671,validation
045663f6b7cd9a4e48a3,5001,declined_cash_withdrawal,4911,validation
046fa20f13a2288601ad,9761,apple_pay_or_google_pay,9574,validation
04788873dfe81c7220ea,7461,failed_transfer,7317,validation
0491eae4dbb44cc0c465,9604,card_about_to_expire,9421,validation
049dc8735ee56f778eae,1841,top_up_by_bank_transfer_charge,1813,validation
04a360426745af958bbf,5624,declined_transfer,5523,validation
05033a7602f85c053c54,8699,balance_not_updated_after_bank_transfer,8525,validation
05b54fcf0a1801468323,6292,card_swallowed,6174,validation
05d85b8b0ffbb0522566,6382,transaction_charged_twice,6263,validation
05e0e3e74736e3c9fd1f,5384,request_refund,5286,validation
063f2d3dc5f7701f667d,1108,card_delivery_estimate,1093,validation
06879a334b1f651b0c2e,1177,automatic_top_up,1161,validation
069ed8a3ff5252368ed8,8503,top_up_failed,8333,validation
06a195e511cea35b7b6e,5964,declined_card_payment,5857,validation
074101e379607e60012c,791,pending_cash_withdrawal,781,validation
0750b7907d22fa55472c,9460,cash_withdrawal_charge,9278,validation
0778bf6fa358e87e39a6,9719,apple_pay_or_google_pay,9534,validation
077cd3d27019220b4eba,948,fiat_currency_support,936,validation
0784fa704b497a5f5e78,1799,contactless_not_working,1771,validation
079bfd2e57fa26d346b3,9387,cash_withdrawal_charge,9206,validation
07ac930f927f6ed3879d,6690,transfer_timing,6559,validation
07dc4d9892d4e93d444a,2263,top_up_limits,2223,validation
0855a324f05fea462db1,7700,verify_top_up,7555,validation
086c515a436184ca3c64,2387,wrong_amount_of_cash_received,2342,validation
089553432b614f4b85b0,3978,unable_to_verify_identity,3911,validation
08e6be4dab010ac2acec,6302,card_swallowed,6184,validation
090d8d9446540beced02,3117,card_acceptance,3063,validation
092818dd74554e57a91a,4982,declined_cash_withdrawal,4892,validation
092fd2b0695d0ec2a4cf,3500,card_payment_not_recognised,3438,validation
09ce33903993ee25d4e4,489,card_payment_wrong_exchange_rate,484,validation
09cfb12121a91bb3be0f,3183,top_up_reverted,3126,validation
0a2ce2393a04b8201776,8312,wrong_exchange_rate_for_cash_withdrawal,8148,validation
0a2da314f88858924088,6028,pending_transfer,5920,validation
0a439e9b7da24af8a1be,5500,request_refund,5400,validation
0a4e1752b03474808790,6289,card_swallowed,6171,validation
0a61d7ba5d6ae1d0cff4,9249,activate_my_card,9071,validation
0a9cce984aeab2accda5,1615,age_limit,1589,validation
0a9d52e7baacaa6fc59d,1191,automatic_top_up,1175,validation
0b046b34cb89d684b42c,6215,terminate_account,6098,validation
0b435fbafed62d92c521,2563,card_payment_fee_charged,2517,validation
0b57a1d522c010adac7b,9251,activate_my_card,9073,validation
0b8f6e808558d2b29700,8953,exchange_charge,8779,validation
0c42b2085f4ec29cfa37,7692,verify_top_up,7547,validation
0d2670734dec5263fca0,4129,visa_or_mastercard,4060,validation
0d4f46f0658c5dbf7fad,5152,pending_card_payment,5058,validation
0d935845a1fbae2f2e3f,5330,lost_or_stolen_phone,5232,validation
0dc1bd4c50b968b52c57,3650,edit_personal_details,3588,validation
0dcf5a2d9061d3425129,4103,visa_or_mastercard,4035,validation
0dd7a14402b2806ecedf,9544,card_about_to_expire,9362,validation
0dddc0c4cdd4d5be462f,809,pending_cash_withdrawal,799,validation
0e0475a7827b3786bc44,9846,verify_my_identity,9659,validation
0e5d68d662f4874e577c,5560,declined_transfer,5460,validation
0e7b4da5c7c6ffb3cf36,3335,balance_not_updated_after_cheque_or_cash_deposit,3275,validation
0eda9c93c9cb5eebcfe5,3378,balance_not_updated_after_cheque_or_cash_deposit,3317,validation
0efc7d73353bd65aba6b,8208,wrong_exchange_rate_for_cash_withdrawal,8046,validation
0f0dc5042bfd1498e869,6817,reverted_card_payment?,6681,validation
0f59a15dd853d2a84aca,8583,top_up_failed,8410,validation
0f84bc1e24e09f8b63d2,1536,lost_or_stolen_card,1514,validation
0fb9c7718356cc787cf1,8185,virtual_card_not_working,8023,validation
0ff5faa69d456a9f513b,2619,card_payment_fee_charged,2573,validation
0ff6fb5a3390efc9dc06,7628,transfer_into_account,7483,validation
1050d60062b76110d228,9474,cash_withdrawal_charge,9292,validation
10640828b09b4218108a,8002,top_up_by_cash_or_cheque,7845,validation
10ba336de2e89505c5e1,5388,request_refund,5290,validation
10c6032cf27997fb1cb5,5619,declined_transfer,5518,validation
10c669c1298731cae11d,2607,card_payment_fee_charged,2561,validation
10cd85b26c08418377ab,7995,top_up_by_cash_or_cheque,7838,validation
10d4635f19182f23d867,964,fiat_currency_support,952,validation
10dc422a4421ce6c92e5,7053,beneficiary_not_allowed,6913,validation
10ffe07bcde8d17cf086,5088,declined_cash_withdrawal,4995,validation
11334cf73f05f2a6664c,7896,getting_spare_card,7740,validation
11535f04de1ba48c0127,3836,why_verify_identity,3770,validation
115556defb8ff82f1e9b,1381,exchange_via_app,1362,validation
11916f070cae8d119b86,6309,transaction_charged_twice,6191,validation
11b69e90addbbab62ad5,8248,wrong_exchange_rate_for_cash_withdrawal,8086,validation
11f01effc5cf626580c2,7762,verify_top_up,7610,validation
120ce1258649533c86bd,3941,unable_to_verify_identity,3875,validation
12282d403c6c7cb5e673,6858,reverted_card_payment?,6722,validation
125c91dbeb35da75531f,2829,transfer_not_received_by_recipient,2778,validation
128bd9a02802362ea23d,2328,top_up_limits,2283,validation
12a0e530184eba823f25,593,extra_charge_on_statement,587,validation
12bb434627ac396852b3,9158,top_up_by_card_charge,8982,validation
12d046307a4458566832,8684,balance_not_updated_after_bank_transfer,8510,validation
134630a533d931c97510,1883,top_up_by_bank_transfer_charge,1855,validation
134d754916359afda8ff,525,card_payment_wrong_exchange_rate,520,validation
1363d8d16126c6e31a29,8160,order_physical_card,7999,validation
13842a364b737ded5841,1456,exchange_via_app,1436,validation
13a55f83bd84606f4853,6091,pending_transfer,5978,validation
13ad8ec3302025c961d2,168,card_linking,167,validation
13e945a34ebe620fa1b0,6280,card_swallowed,6162,validation
13f16dfc0a2e12075830,6805,reverted_card_payment?,6670,validation
141c8620b11aeda1aa1b,6911,change_pin,6773,validation
1429b9e7747c4461aafa,6861,reverted_card_payment?,6725,validation
14626293fb99daf72704,5178,pending_card_payment,5083,validation
14a4938d8ccc57eeb31c,3058,getting_virtual_card,3006,validation
153ae8dd38bb7352ef51,384,exchange_rate,379,validation
158438e70cc5b6591a2e,6724,reverted_card_payment?,6590,validation
159ab786ab90236e7564,8408,get_disposable_virtual_card,8242,validation
159e58e590578024cd07,5879,declined_card_payment,5774,validation
16026aed87aacb2afcfa,3649,card_payment_not_recognised,3587,validation
1658f4335642781504b6,8912,cash_withdrawal_not_recognised,8738,validation
16e02322f7558c40817a,9227,activate_my_card,9050,validation
16fb2e5114476802769c,2724,transfer_not_received_by_recipient,2676,validation
171e9f6ea27733bb0222,7603,transfer_into_account,7458,validation
174192c15db0e66f34ca,1614,age_limit,1588,validation
174ab1ad64b233fcdccc,1477,lost_or_stolen_card,1457,validation
18062d7aa024c0d0b4d6,5714,Refund_not_showing_up,5611,validation
1810afac271d9c84533c,1260,card_not_working,1242,validation
183a40238e156beb004d,2205,cancel_transfer,2166,validation
184adbcc2dbca42ce710,246,card_linking,244,validation
18594d7f6a79b2195cb3,3987,unable_to_verify_identity,3920,validation
1862f7f5ba6ea922e284,3564,card_payment_not_recognised,3502,validation
18f6802db34cc9cd0fd0,3264,top_up_reverted,3205,validation
191927b4090cfc35b054,6831,reverted_card_payment?,6695,validation
19482a4c359f950d6738,6173,terminate_account,6057,validation
19528498277d4276acbd,7283,transfer_fee_charged,7141,validation
1964b30d92ac7362ef04,5581,declined_transfer,5481,validation
1977ebf19a7add8f615c,8433,get_disposable_virtual_card,8267,validation
197e087c332e80c48add,3150,card_acceptance,3095,validation
19be62e74e4dca8f857b,1761,pin_blocked,1733,validation
19d4cd985719ef57bbda,5656,declined_transfer,5554,validation
19fa24527ccca1f6b948,4265,topping_up_by_card,4188,validation
1a2b8a926725149c90fd,5055,declined_cash_withdrawal,4964,validation
1a39548483c6b96b86fa,4096,get_physical_card,4029,validation
1a6accbcd8a0f8828d75,2442,wrong_amount_of_cash_received,2397,validation
1a9450486972313adac7,6093,pending_transfer,5980,validation
1abd37d9820f2f32ad69,1849,top_up_by_bank_transfer_charge,1821,validation
1ac4f9507c939a7cdf82,1692,pin_blocked,1665,validation
1b1f0e4ab02aa8b846b3,4814,passcode_forgotten,4727,validation
1b24917f9bf77568661f,5200,pending_card_payment,5105,validation
1b8b111ef996e4fb5407,6020,pending_transfer,5912,validation
1bb1278f2490ee3e03db,814,pending_cash_withdrawal,804,validation
1bb40d1df2a6d9ad6f84,2901,supported_cards_and_currencies,2850,validation
1be71aa0507272ca595b,9899,country_support,9709,validation
1befcdb6dbbd1d06cde2,318,exchange_rate,316,validation
1bf0c648e793fdd6e4c6,6769,reverted_card_payment?,6634,validation
1bfb68b537cf9b838706,5133,pending_card_payment,5040,validation
1c0c340e60c498838311,290,card_linking,288,validation
1c311a29085c5da46989,1090,card_delivery_estimate,1075,validation
1c8894c8975b60f4b8b3,7318,transfer_fee_charged,7175,validation
1d3e4f4a707771905fa6,1232,automatic_top_up,1214,validation
1d40ea0093cf0d785872,7037,beneficiary_not_allowed,6897,validation
1d775f2b8784868784bb,8813,cash_withdrawal_not_recognised,8639,validation
1d96a049df8798479789,7089,beneficiary_not_allowed,6949,validation
1dbcc55cf528dff72b65,6939,change_pin,6801,validation
1dbd7bcc916dd8a19d0e,5243,pending_card_payment,5146,validation
1e16a528ecdcc44bd13f,8613,balance_not_updated_after_bank_transfer,8440,validation
1e5e48958375ac07566c,3403,balance_not_updated_after_cheque_or_cash_deposit,3342,validation
1e80da2822f5b2a65813,9941,country_support,9751,validation
1f34326ed62625b0523a,4305,topping_up_by_card,4228,validation
1f3e5b707396255a25f9,3206,top_up_reverted,3147,validation
1f62856bf7523c2e8411,7196,transfer_fee_charged,7055,validation
1f687273cdde92215a20,8873,cash_withdrawal_not_recognised,8699,validation
1f6cc3ee9e11f0b1d691,3847,why_verify_identity,3781,validation
1f76b116d2a4a9c23b43,9408,cash_withdrawal_charge,9227,validation
1f8951aeeeb49e770265,4755,direct_debit_payment_not_recognised,4669,validation
1f94b94a4ca2850823fb,2222,cancel_transfer,2183,validation
2020700096f02eb7deee,8065,order_physical_card,7907,validation
2039bddaa61efca002ce,7791,verify_top_up,7637,validation
203fc924cbfbb02676cf,8139,order_physical_card,7978,validation
206a4381c222e5f27bc0,768,pending_cash_withdrawal,758,validation
2089a2f8aa0dab97567e,6876,reverted_card_payment?,6739,validation
20e637bac5d34b83821a,7841,getting_spare_card,7685,validation
21131820b7c3832e5cca,9379,cash_withdrawal_charge,9198,validation
2144fe4e14ef24410a8b,2863,transfer_not_received_by_recipient,2812,validation
220aab5a56c76e034c27,1952,pending_top_up,1923,validation
2212d3edcfa92fd10d5f,349,exchange_rate,346,validation
2263ea5f8dc9b018e195,9297,activate_my_card,9032,validation
226ece4a72c245e32174,1706,pin_blocked,1679,validation
229a915c35a2637a3ada,9083,top_up_by_card_charge,8908,validation
22c7ee667a71f75e27b9,2464,wrong_amount_of_cash_received,2419,validation
22c84f3fefc976b9e7fc,990,fiat_currency_support,978,validation
237d89d67882baf475ac,2874,supported_cards_and_currencies,2823,validation
2394c2dd312a5d4a92dd,2375,wrong_amount_of_cash_received,2330,validation
23c1e4ca51f5b00cebe9,8908,cash_withdrawal_not_recognised,8734,validation
23d4b3715141723e2a39,7748,verify_top_up,7551,validation
23e06bf184f344015af5,282,card_linking,280,validation
23e81aca73f641112c20,613,extra_charge_on_statement,606,validation
2424b06bd7c79144e14e,9290,activate_my_card,9111,validation
244082426e0fd81a6c51,229,card_linking,227,validation
24d8128bda56ddde2891,906,fiat_currency_support,894,validation
24f5d52666ff9e138f37,5483,request_refund,5383,validation
25081fa21af3d963d8c8,2814,transfer_not_received_by_recipient,2763,validation
253385cfde7af17a6a9a,3137,card_acceptance,3083,validation
257146781775c19645f9,3055,getting_virtual_card,3003,validation
25881c417c8ac684d563,9587,card_about_to_expire,9404,validation
25dd11192fc864d227f6,4919,declined_cash_withdrawal,4830,validation
26074ef9e1e23642e70f,8854,cash_withdrawal_not_recognised,8680,validation
269fbdbecd8aacfbb7df,9359,cash_withdrawal_charge,9178,validation
26d92dcd3290bd378173,3920,unable_to_verify_identity,3854,validation
26f76e2e8d79666e175d,4281,topping_up_by_card,4204,validation
26fafdd2cfb8efbffa11,3326,balance_not_updated_after_cheque_or_cash_deposit,3266,validation
27013640fa0160211874,8421,get_disposable_virtual_card,8255,validation
272ef19306ba7aface9b,7379,receiving_money,7235,validation
2734af8f303599a58815,1785,contactless_not_working,1757,validation
273cb147a228d3074e0d,1810,contactless_not_working,1782,validation
27563fd77d14b5db0d67,4676,direct_debit_payment_not_recognised,4592,validation
27a27763a87c18e7a0ce,9522,card_about_to_expire,9340,validation
27b0d1148487147d8791,9281,activate_my_card,9102,validation
27d10e2a67f9a82c7ade,7878,getting_spare_card,7722,validation
2803c5ff78057f7f5486,2277,top_up_limits,2236,validation
281d04fe9406a39e1434,2191,cancel_transfer,2152,validation
282073642f940f105151,5024,declined_cash_withdrawal,4934,validation
28389d5b0f1e8e1d8cf7,3218,top_up_reverted,3159,validation
284f4c1623a7aac532af,3914,unable_to_verify_identity,3848,validation
2873197d4da8c11c56bd,1547,lost_or_stolen_card,1523,validation
289c128afd5dc0d84523,643,extra_charge_on_statement,635,validation
28b010a00a6b60d90bf9,8806,cash_withdrawal_not_recognised,8632,validation
28d4c0490b925cdcedec,800,pending_cash_withdrawal,790,validation
2916d9a59050da698e7f,4636,direct_debit_payment_not_recognised,4552,validation
2946b409422ce10fe86e,1715,pin_blocked,1688,validation
295049587381b56fe51f,9030,exchange_charge,8856,validation
2959ee313d88aa192e8e,4724,direct_debit_payment_not_recognised,4640,validation
295c7bee12bf809059c2,2591,card_payment_fee_charged,2545,validation
2979b3de1e71b857f718,4240,topping_up_by_card,4163,validation
298ac4318086cff58246,8068,order_physical_card,7910,validation
29a8a357cf277df5f2c7,2044,pending_top_up,2009,validation
29cbe0baa1c2eb41e352,3496,card_payment_not_recognised,3434,validation
2a2e396bbb8852487c4b,7795,verify_top_up,7640,validation
2a47ea92f2761a5a961c,4771,direct_debit_payment_not_recognised,4685,validation
2a4e607f8a10e36222ec,7547,failed_transfer,7403,validation
2a725c85ba4e013c4835,7694,verify_top_up,7549,validation
2a7ca3f78299c1749edf,1424,exchange_via_app,1405,validation
2ae7f7c610d41133a50e,7952,top_up_by_cash_or_cheque,7796,validation
2b95edd5776750248425,5942,declined_card_payment,5835,validation
2ba7ebd8cad6a7709c9d,8364,wrong_exchange_rate_for_cash_withdrawal,8199,validation
2bcc8ce7cd18d6dd5fcd,9621,card_about_to_expire,9438,validation
2bf80a1bafbfcbcdd051,3201,top_up_reverted,3143,validation
2bfddd52976c66d9cd08,2098,cancel_transfer,2061,validation
2c2b97a5b13bd2aa6fa8,2285,top_up_limits,2243,validation
2c4077cea095ce091f29,6340,transaction_charged_twice,6222,validation
2c419c159f7f0541d226,6509,verify_source_of_funds,6386,validation
2ce508c862af0644ebba,9054,exchange_charge,8879,validation
2d057f9b3d0013ca86f8,9776,verify_my_identity,9589,validation
2d7a917b919f17bbfd94,9271,activate_my_card,9092,validation
2d86d791b4036d505223,1129,automatic_top_up,1114,validation
2d8c4538e36766a4d0ad,8801,cash_withdrawal_not_recognised,8627,validation
2dd260eb5f14bd10e4cd,8282,wrong_exchange_rate_for_cash_withdrawal,8119,validation
2dedfcd345d91f02e94d,7434,failed_transfer,7290,validation
2e1bbdf8db2241414a5f,7561,failed_transfer,7417,validation
2e4aea1784ed9041754e,3588,card_payment_not_recognised,3526,validation
2e633b5c03ab4ac4016d,8262,wrong_exchange_rate_for_cash_withdrawal,8099,validation
2e9812037874d3ed98e5,4697,direct_debit_payment_not_recognised,4613,validation
2e9ae8c6ae63e5212ef8,3204,top_up_reverted,3145,validation
2f6dea23131b0c7b9d84,654,extra_charge_on_statement,646,validation
2f7a9a0d595248981043,414,card_payment_wrong_exchange_rate,409,validation
2fa34c5033707fc42156,5418,request_refund,5320,validation
2fb122a7970ece069f3a,34,card_arrival,34,validation
2fdee0ad8dc41dfaf379,9877,country_support,9687,validation
2ff3ddf794a92eb3a1de,4083,get_physical_card,4016,validation
303df8eca859f7a43fba,6196,terminate_account,6080,validation
30e8cfbc701bef87999b,3531,card_payment_not_recognised,3469,validation
311606c4d30609c61510,2687,card_payment_fee_charged,2639,validation
3119505bee8f37fa6023,8738,balance_not_updated_after_bank_transfer,8564,validation
31240cebb76b05aece26,5125,pending_card_payment,5032,validation
3169d4544cf7814331e9,9355,cash_withdrawal_charge,9174,validation
31e4ddb6f84dd6fc7f7c,1492,lost_or_stolen_card,1472,validation
3212e95afb39850e4b6f,3603,card_payment_not_recognised,3541,validation
3241f958c8a1fcc0c17c,2663,card_payment_fee_charged,2615,validation
324808db7947d4511a5c,5599,declined_transfer,5499,validation
326684f87a228cda6fce,8306,wrong_exchange_rate_for_cash_withdrawal,8143,validation
32943156a257bf88bd26,1352,card_not_working,1333,validation
329c84205ddb176d7b7f,9834,verify_my_identity,9647,validation
3320a1c55ded0eb73229,9078,top_up_by_card_charge,8903,validation
336959601398db3a1598,2262,top_up_limits,2222,validation
3370ec2902c8f3ccee2a,8051,order_physical_card,7893,validation
3370f6823ee1afbbbff1,1016,card_delivery_estimate,1004,validation
3397485cff49f5710895,1468,exchange_via_app,1448,validation
33a7b84bbdf32775f775,6179,terminate_account,6063,validation
33c0bd6da0f565fe297f,7127,beneficiary_not_allowed,6986,validation
34590c7d85e6b4c5667b,3316,balance_not_updated_after_cheque_or_cash_deposit,3256,validation
34924e172e3bcde4812f,6940,change_pin,6802,validation
34c0ebd40acb09ba9122,5165,pending_card_payment,5071,validation
34cb4c11b1f6b43ff3e4,156,card_linking,155,validation
350a88ef39c152088fbd,8,card_arrival,8,validation
352174599254edcd6fec,5441,request_refund,5342,validation
353c5009a99fb733ddb0,4981,declined_cash_withdrawal,4891,validation
35e29e44b703814c2a8d,5617,declined_transfer,5516,validation
36384f01712c5f7161bf,7451,failed_transfer,7307,validation
373d45e65a1d0b773bdb,444,card_payment_wrong_exchange_rate,439,validation
379d35fe20f7cb18f650,4921,declined_cash_withdrawal,4832,validation
37d02a4dca723f64dc01,1663,age_limit,1636,validation
380770829e13ec6a4bab,4431,disposable_card_limits,4271,validation
381fe536cdc13df039b4,4554,atm_support,4472,validation
3852831a7c302117c8ef,4759,direct_debit_payment_not_recognised,4673,validation
38cb544780f128c0a554,7671,transfer_into_account,7526,validation
38cce7a3164884606972,2016,pending_top_up,1984,validation
391650b48874082268c9,1780,pin_blocked,1752,validation
391d9634e4825c985a41,5728,Refund_not_showing_up,5625,validation
3927cabf6b90db0d978c,4965,declined_cash_withdrawal,4875,validation
392cf3c6dcfa895758a7,4579,atm_support,4496,validation
392d550777e216382204,6009,pending_transfer,5901,validation
395a31227a1ef87d4105,3893,unable_to_verify_identity,3827,validation
39b562d4d2ec610072f2,3727,edit_personal_details,3664,validation
39e68dbe09dadfcfc435,6355,transaction_charged_twice,6237,validation
39ff3a9630dc922a0dd4,6870,reverted_card_payment?,6733,validation
3a41e957a106cfc22492,8030,top_up_by_cash_or_cheque,7873,validation
3a5ffc45f5155351e125,4168,visa_or_mastercard,4099,validation
3a735b0158380b066002,9181,activate_my_card,9005,validation
3b02f2a00d62f5f33cf7,6852,reverted_card_payment?,6716,validation
3b272271821ff016341e,2212,cancel_transfer,2173,validation
3b28c9cf369d0a39be3d,3951,unable_to_verify_identity,3885,validation
3b3ab21362e803338046,1263,card_not_working,1245,validation
3b417a2e451ab70898da,5112,pending_card_payment,5019,validation
3b6b11e28795dcc56e56,2561,card_payment_fee_charged,2515,validation
3bfea26564278c528f99,2185,cancel_transfer,2147,validation
3c4793578a728a9a59f5,7113,beneficiary_not_allowed,6913,validation
3c8d4fd32b75617eb20c,2622,card_payment_fee_charged,2576,validation
3ced0daeeab087b11aa4,1843,top_up_by_bank_transfer_charge,1815,validation
3d2374bda9172a571341,1733,pin_blocked,1705,validation
3d39e91eac74175e2fee,2764,transfer_not_received_by_recipient,2715,validation
3d60396e938ce510b90f,5468,request_refund,5368,validation
3dae570ad5581a2a23db,5239,pending_card_payment,5142,validation
3dcfc9d29bb2b5cea67c,5104,pending_card_payment,5011,validation
3ddbf117bb086b301b3e,4218,visa_or_mastercard,4142,validation
3de9728e0675e0529d28,371,exchange_rate,368,validation
3e002803fa6d2f1e8ea0,2600,card_payment_fee_charged,2554,validation
3e160db88d3dba552753,1949,pending_top_up,1920,validation
3e439a29d631df532c81,3942,unable_to_verify_identity,3876,validation
3e5bf11492a2eeb2298c,6600,transfer_timing,6470,validation
3e8a793d1d8a9eeca0f5,6426,transaction_charged_twice,6305,validation
3e9eca204cba9fcc8bac,7735,verify_top_up,7589,validation
3ed36f0dd0670f27815d,4513,compromised_card,4431,validation
3fa9786c7083c5de1513,748,pending_cash_withdrawal,738,validation
3fcbc76b494788304cd2,6701,transfer_timing,6568,validation
3fdba86d0d8757d9035e,8337,wrong_exchange_rate_for_cash_withdrawal,8172,validation
3ff7e0aafed1467d560c,9003,exchange_charge,8829,validation
4005ce45fc5ebdc36b1b,505,card_payment_wrong_exchange_rate,500,validation
40244f41de911a908b73,5924,declined_card_payment,5818,validation
402fb42a4574b954a7b4,3555,card_payment_not_recognised,3493,validation
40617ad52f305eeb2a40,3092,getting_virtual_card,3038,validation
4071c8feb07e1b6176a3,1397,exchange_via_app,1378,validation
40a0e94a27c7e08dc0aa,1697,pin_blocked,1670,validation
4128b6aeffda4e128700,9680,apple_pay_or_google_pay,9497,validation
415d6a14af8922a0265f,3229,top_up_reverted,3170,validation
4186b1ff8c8d29955327,1905,top_up_by_bank_transfer_charge,1876,validation
418cc76575276f2019ea,1916,top_up_by_bank_transfer_charge,1887,validation
418e0fb9ec250a7319ed,8346,wrong_exchange_rate_for_cash_withdrawal,8181,validation
419f010d3d584b08f2bf,8128,order_physical_card,7969,validation
41d5e55bd6145dde9f11,3101,card_acceptance,3047,validation
425aa1fe7ed366caebb8,3619,card_payment_not_recognised,3557,validation
429e1bfa932dff5f4742,4424,disposable_card_limits,4345,validation
435bd0eafc56d48fc991,4831,passcode_forgotten,4744,validation
43e2b51123dab2bf1190,4789,direct_debit_payment_not_recognised,4703,validation
43f5f23da2e25ce6da66,601,extra_charge_on_statement,595,validation
442841b2d6571c54bad1,4833,passcode_forgotten,4746,validation
44d55f9ed30df6bb0d34,4696,direct_debit_payment_not_recognised,4612,validation
452834602ce8c11d56c5,9192,activate_my_card,9016,validation
457436c98590437472ec,5010,declined_cash_withdrawal,4920,validation
459718a941a7f4d99f86,7141,beneficiary_not_allowed,7000,validation
45a3b7bf8fe21a7ca831,1350,card_not_working,1331,validation
45da40a9e9de19399ded,2774,transfer_not_received_by_recipient,2724,validation
46d8566fd7cb5eaa3b63,5381,request_refund,5283,validation
470779aa27d3a37e4a83,3834,why_verify_identity,3768,validation
47256b83b60baa1bd1e5,9053,exchange_charge,8878,validation
473cda848e507907bd26,8377,get_disposable_virtual_card,8212,validation
4755dc410be240a8d7ea,9553,card_about_to_expire,9371,validation
475bb194527b2cd3bab5,3278,top_up_reverted,3218,validation
47a629e1d42c03939a29,8519,top_up_failed,8348,validation
47b1d19a4ca0b0e2bdd3,2740,transfer_not_received_by_recipient,2692,validation
47b1e8eb5000bf537999,1124,automatic_top_up,1109,validation
47b21ebeab4e3b766664,3304,balance_not_updated_after_cheque_or_cash_deposit,3244,validation
47f86d8696c5b4d346db,9484,cash_withdrawal_charge,9302,validation
4811130a86f09f5c65ee,1184,automatic_top_up,1168,validation
4815795b81077b9e1999,6249,card_swallowed,6131,validation
4829716b7da59c16fbfb,4060,get_physical_card,3993,validation
48e5d824631afd9f03b8,9784,verify_my_identity,9597,validation
48ede5ea82df97c1658a,6968,change_pin,6829,validation
493c2cd3faf7681317cb,7938,top_up_by_cash_or_cheque,7782,validation
49590ed22168707b3922,6517,verify_source_of_funds,6394,validation
495bc0091e68534de7aa,5173,pending_card_payment,5078,validation
49603d329f525f1a750d,2972,supported_cards_and_currencies,2920,validation
49dcc3ce21ecf379a8a6,1003,fiat_currency_support,991,validation
49f9b8e2c27e691f53e2,5604,declined_transfer,5503,validation
4a0753ba6916644302e4,515,card_payment_wrong_exchange_rate,510,validation
4a39a0d8d3f6aedb0725,265,card_linking,263,validation
4a46738f6032292b6b6d,7081,beneficiary_not_allowed,6941,validation
4a475639b55f8bbd0db0,3796,why_verify_identity,3730,validation
4a4bbaa28d6ea5ba2915,9147,top_up_by_card_charge,8971,validation
4a8a120cccb5b2b95cbb,9660,apple_pay_or_google_pay,9477,validation
4a93e92982cc3540a2b9,5982,declined_card_payment,5875,validation
4ae6b1d8ef12e89d8924,8015,top_up_by_cash_or_cheque,7858,validation
4b306fbbd2c4a51125d5,7904,getting_spare_card,7748,validation
4b3822760305ab1393a4,1807,contactless_not_working,1779,validation
4b5d99dc827871120fe0,9063,exchange_charge,8888,validation
4b70c4ad3120a6b6e637,6587,verify_source_of_funds,6457,validation
4b791aecdb370917dd6b,7917,getting_spare_card,7761,validation
4b812cc17e22cdc4bc14,9605,card_about_to_expire,9422,validation
4bf498023e9425159412,5300,lost_or_stolen_phone,5202,validation
4bfa8912c7524ef72b9e,899,fiat_currency_support,887,validation
4c338592ad72a39ca0ea,1101,card_delivery_estimate,1086,validation
4c6bb59cbaf0e7db81a2,1432,exchange_via_app,1413,validation
4c6eb1c19e9d70e74fbc,8941,cash_withdrawal_not_recognised,8767,validation
4c7f90cd060945a4c385,6362,transaction_charged_twice,6244,validation
4ca5fc5ed9e432a8415f,6380,transaction_charged_twice,6261,validation
4ca7d979166f0055997d,2514,card_payment_fee_charged,2469,validation
4cf15388a572922b8e2c,3589,card_payment_not_recognised,3527,validation
4d1460a455b31d094672,7278,transfer_fee_charged,7137,validation
4d668146cb973146aab8,7180,transfer_fee_charged,7039,validation
4da8c31d72f947a725ac,1035,card_delivery_estimate,1023,validation
4dc9bd5b88b86f8f43b2,9686,apple_pay_or_google_pay,9503,validation
4def3bb85ad65e407798,9641,card_about_to_expire,9458,validation
4e0d5c1f3f0332a6fd84,4436,disposable_card_limits,4356,validation
4e31d971900c7bd8b622,8767,balance_not_updated_after_bank_transfer,8593,validation
4e8521d68445f74b9d8d,1641,age_limit,1614,validation
4ed5c9eeb558701640bf,5830,Refund_not_showing_up,5725,validation
4edadd1230a08d457704,6409,transaction_charged_twice,6290,validation
4efcbebd3f817609aa95,1422,exchange_via_app,1403,validation
4f23befea55fcd5dfcca,5842,declined_card_payment,5737,validation
4f300601805dda654a36,458,card_payment_wrong_exchange_rate,453,validation
4f929e93b245906ec555,2722,transfer_not_received_by_recipient,2674,validation
4f96cd31946f476b5854,5107,pending_card_payment,5014,validation
50085996d2755826e5ca,9791,verify_my_identity,9604,validation
501193506c99cabda98e,9104,top_up_by_card_charge,8929,validation
505159106380a201bd37,5777,Refund_not_showing_up,5674,validation
50a6d2c2864a7ce65694,4356,disposable_card_limits,4278,validation
50cde89c3f56e373af8e,3267,top_up_reverted,3208,validation
5105aa27f8b3cb9fadcb,4187,visa_or_mastercard,4115,validation
5123d397fc25a54b2f3e,143,card_arrival,142,validation
512c5e90e447db085d9b,2111,cancel_transfer,2074,validation
513beb3c7667c3b28200,6480,transaction_charged_twice,6357,validation
5172244b8e2eeaf02e5f,7240,transfer_fee_charged,7099,validation
51f4e9478225e26b69e0,681,extra_charge_on_statement,673,validation
521d1793d41b349601ec,8064,order_physical_card,7906,validation
5260893228bbdc803d23,6076,pending_transfer,5964,validation
526d6574a2b0bb0e1ae9,8323,wrong_exchange_rate_for_cash_withdrawal,8086,validation
52756d69f1745d63cf78,8823,cash_withdrawal_not_recognised,8649,validation
528b5a2128c79c9becb5,2705,transfer_not_received_by_recipient,2657,validation
529c07215e814bbeb1ab,8727,balance_not_updated_after_bank_transfer,8553,validation
52c0697ff94f864d306b,2939,supported_cards_and_currencies,2888,validation
52ccc683a2d5f5be440d,9401,cash_withdrawal_charge,9220,validation
52d7f08117846503bf34,3898,unable_to_verify_identity,3832,validation
52dd6249a785ba96e26d,5805,Refund_not_showing_up,5701,validation
52fc7f3a6a35c7cce95c,5515,request_refund,5415,validation
531c7024c25dc21c14b6,4813,direct_debit_payment_not_recognised,4726,validation
53c78ba0479afd2ce5d4,8969,exchange_charge,8795,validation
53c7df162dd7ece52c8d,558,card_payment_wrong_exchange_rate,552,validation
53ea1ba18ac62680c2f0,3685,edit_personal_details,3623,validation
540c1fa456cfb0843a5a,3975,unable_to_verify_identity,3908,validation
550818f933c63475bd23,7892,getting_spare_card,7736,validation
5557ee65e878a6951788,2155,cancel_transfer,2117,validation
55cc534d28ac6c722bdb,5191,pending_card_payment,5096,validation
55f7286606a3a507600a,1658,age_limit,1631,validation
560e9304707112d227b4,3684,edit_personal_details,3622,validation
5639a31fb46fc5ac14cc,4021,get_physical_card,3954,validation
5672f13e350f1efc3622,7015,beneficiary_not_allowed,6876,validation
56b15794bf5c96c7f1d6,1875,top_up_by_bank_transfer_charge,1847,validation
56b32746849e93c795fe,9389,cash_withdrawal_charge,9208,validation
56e166ed038b6a95e9de,5712,Refund_not_showing_up,5609,validation
5766031e3110f9289fb7,5943,declined_card_payment,5836,validation
57712fa859e3b552d6d7,6896,change_pin,6758,validation
57aebf17e35d1feee9df,4348,disposable_card_limits,4271,validation
57bf98522f9b441c7993,4883,passcode_forgotten,4795,validation
580db6d5b94f7b8394ea,7871,getting_spare_card,7715,validation
5841869996485e77b22d,1596,age_limit,1571,validation
58630c201d88bdbe3435,9536,card_about_to_expire,9354,validation
5877671fb67887a68092,6041,pending_transfer,5933,validation
58c0670ff54c107fedd1,3995,get_physical_card,3928,validation
58ca2ecc2c8d79eb4b50,2049,pending_top_up,2014,validation
58d0ebe505e51cd2c789,7498,failed_transfer,7354,validation
58f7dc7d67f19cc9e4f0,6403,transaction_charged_twice,6284,validation
5905ff2c4f6e97da712c,1975,pending_top_up,1946,validation
59665b86358a04181add,6663,transfer_timing,6533,validation
599fc93a1daadb92d83f,2294,top_up_limits,2251,validation
59afae696faf146a3238,6064,pending_transfer,5953,validation
59d9fc458cdf019cf979,779,pending_cash_withdrawal,769,validation
5a19e241260dffb9de1b,6494,verify_source_of_funds,6371,validation
5a5a7b085c36ffaa2aed,1510,lost_or_stolen_card,1490,validation
5a7bfc495355e94ca22f,6248,card_swallowed,6130,validation
5ab1997203a9c8a2a303,353,exchange_rate,350,validation
5abaf866e4b43fb076ce,6315,transaction_charged_twice,6197,validation
5ad5e074e462305efa46,2717,transfer_not_received_by_recipient,2669,validation
5adc78f1603bbe786c51,5909,declined_card_payment,5803,validation
5aeace8bd4a6f89f2622,8842,cash_withdrawal_not_recognised,8668,validation
5b23b547ed3d60b3aa7d,2512,card_payment_fee_charged,2467,validation
5b5eb91ef2e94ea6b2f0,3825,why_verify_identity,3759,validation
5b8bc30b79606d888699,8520,top_up_failed,8349,validation
5b8da42e864be919a5e6,9937,country_support,9747,validation
5bc31cf7c9a9fb1c2549,1338,card_not_working,1319,validation
5bdbfaf417fca0b01f8e,8556,top_up_failed,8383,validation
5cbae5a98a796f128e2c,334,exchange_rate,332,validation
5cce565916de510190d1,1406,exchange_via_app,1387,validation
5ce34fcf269f666169ed,3861,why_verify_identity,3795,validation
5cf277c4a04c24185089,4599,atm_support,4515,validation
5d13b2d2f9ac4f296376,3159,top_up_reverted,3104,validation
5d3670371300a7183ddc,214,card_linking,212,validation
5d4ce6070145bd82ec7f,8544,top_up_failed,8371,validation
5d54e505b6f069a24942,7522,failed_transfer,7378,validation
5d9b0cee2e21b7c30224,260,card_linking,258,validation
5da92851460882978fe4,3929,unable_to_verify_identity,3863,validation
5db4617aa603bbc375fe,2935,supported_cards_and_currencies,2884,validation
5dbc941df200ec95fa1f,2980,supported_cards_and_currencies,2928,validation
5ea2440728314986a245,9942,country_support,9752,validation
5f5ff2ff1fb7f4cd8f97,3074,getting_virtual_card,3022,validation
5fbdc4c51fdc307c865e,8468,top_up_failed,8300,validation
600d2c60e0d97b8bd51b,7350,receiving_money,7206,validation
603416f545a279708f50,4459,compromised_card,4377,validation
60a115cb20e600581394,8919,cash_withdrawal_not_recognised,8745,validation
60aa35390d55f8648d3a,1678,pin_blocked,1651,validation
60be5ef956d426242181,4323,topping_up_by_card,4246,validation
60c4424c269c369cb7b0,5614,declined_transfer,5513,validation
60cdd5108b16c422228c,3363,balance_not_updated_after_cheque_or_cash_deposit,3302,validation
60f8a0c50474b0e7ee5c,2581,card_payment_fee_charged,2535,validation
613a6fcabd120e95e8e2,6123,pending_transfer,6009,validation
6160a54ddd4965fdab9b,2076,pending_top_up,2040,validation
624e26cee4102fa30c44,7954,top_up_by_cash_or_cheque,7798,validation
6250386944489675ea72,2024,pending_top_up,1990,validation
62623ba488639370e152,8959,exchange_charge,8785,validation
62c0436cb8717efb0636,2940,supported_cards_and_currencies,2889,validation
62d9fe88d78f39ab8118,1895,top_up_by_bank_transfer_charge,1867,validation
634bbe0acc1690a9d49a,3568,card_payment_not_recognised,3506,validation
6371b014fd699927387a,6986,change_pin,6847,validation
63dcdfe1fc842ee46f51,4804,direct_debit_payment_not_recognised,4717,validation
640d67cbfd4ea2617bbd,668,extra_charge_on_statement,660,validation
643e380b2f73d3e91b30,3552,card_payment_not_recognised,3490,validation
64543bf0d0c077d9afbd,9113,top_up_by_card_charge,8938,validation
64578ba65164b3b1a18c,3665,edit_personal_details,3603,validation
6473e2636c3635595cb0,9417,cash_withdrawal_charge,9235,validation
6488242c4015f9b7d15c,3738,edit_personal_details,3674,validation
648f613e487ef1d328e9,7064,beneficiary_not_allowed,6924,validation
649a878df6b1a84058ea,9314,activate_my_card,9133,validation
64cf7b401b6dfb9aa1f7,5255,lost_or_stolen_phone,5158,validation
64eb93561c9f8a15191a,7787,verify_top_up,7633,validation
65a374f1b3a2a0326f5b,2394,wrong_amount_of_cash_received,2349,validation
65c3618f5856472f624e,8360,wrong_exchange_rate_for_cash_withdrawal,8195,validation
66081cde7b5dafe74b6b,6599,transfer_timing,6469,validation
660ee897f607b02b677b,7776,verify_top_up,7623,validation
66aec14d69b657ca8a79,1246,card_not_working,1228,validation
66dbb87b27b169b7ae7c,5986,declined_card_payment,5878,validation
670fd8220062470744d1,6227,terminate_account,6110,validation
6717cc9d1f2b5ac6cc33,5364,lost_or_stolen_phone,5266,validation
6727533142d4fc51418d,390,exchange_rate,385,validation
6747858e67ed1318498f,5484,request_refund,5384,validation
674a13fa7a0abc83efb4,5261,lost_or_stolen_phone,5164,validation
67756564cdf00bb1cfda,2314,top_up_limits,2269,validation
67901ac6db92dc5db8cb,4126,visa_or_mastercard,4057,validation
67a462244f2de3891cc3,1756,pin_blocked,1728,validation
67bc188f8e28fcdfb1d7,6541,verify_source_of_funds,6413,validation
67c0ede3eb0736a7c3fa,6910,change_pin,6772,validation
67ea118fafba97745469,2145,cancel_transfer,2107,validation
680d2dc8334e0d444a44,3525,card_payment_not_recognised,3463,validation
6815693ae86ffaea0f8b,8370,wrong_exchange_rate_for_cash_withdrawal,8205,validation
6824dcad4c7880bc135f,547,card_payment_wrong_exchange_rate,541,validation
682eefff80729e7f8577,1172,automatic_top_up,1156,validation
689fd1bb35fa4cf76e3e,820,pending_cash_withdrawal,810,validation
68e10b469319fd6945fc,8476,top_up_failed,8306,validation
69063a116299b42fcd14,7194,transfer_fee_charged,7053,validation
69293ebb1bfa824c3f33,927,fiat_currency_support,915,validation
696ecfc501c320fc63ca,4320,topping_up_by_card,4243,validation
69826aa76dc7591e9a69,2648,card_payment_fee_charged,2600,validation
69d85a543124a4890b9e,568,card_payment_wrong_exchange_rate,562,validation
69d9ad9f32001e9652f2,7105,beneficiary_not_allowed,6965,validation
6a087dac02d4faaf7afa,30,card_arrival,30,validation
6a5af50f9d5b4b1e3e6d,8137,order_physical_card,7976,validation
6a7cc78016f45c89ce9b,2495,wrong_amount_of_cash_received,2450,validation
6a7e2ae3197f82902e55,9617,card_about_to_expire,9434,validation
6a97d5f029a2ef4fe334,2714,transfer_not_received_by_recipient,2666,validation
6a9d7de937a7aea4bffe,7492,failed_transfer,7348,validation
6ae5d3c5aa6a08c1d35f,1539,lost_or_stolen_card,1517,validation
6aff3bc046e88159d817,207,card_linking,205,validation
6b453d39c2c3fc320a24,5736,Refund_not_showing_up,5633,validation
6b51c3ae1f847bf30794,1290,card_not_working,1228,validation
6b5b88ceb4dc600cf6db,3485,card_payment_not_recognised,3423,validation
6b79687bc6144c6906e7,5682,Refund_not_showing_up,5579,validation
6bbbe6da58d243317752,3257,top_up_reverted,3198,validation
6c060b15acc7c439a223,5012,declined_cash_withdrawal,4922,validation
6c3ae0fa4f14abdd1379,3791,why_verify_identity,3725,validation
6c8bbfc426da201458a2,6918,change_pin,6780,validation
6c96bcf9ce7d606a81ea,7860,getting_spare_card,7704,validation
6c9fcbbeacf5496e7d42,4953,declined_cash_withdrawal,4864,validation
6cb127941c6125fa18e0,6609,transfer_timing,6479,validation
6cbea927ca9168d4d695,114,card_arrival,114,validation
6d25c0d4ffbefe5f6648,6571,verify_source_of_funds,6442,validation
6d5fc6c9639e4457ca8c,4362,disposable_card_limits,4284,validation
6db4783c4b0fcf1f4935,4050,get_physical_card,3983,validation
6db5313d38552521dfb1,6263,card_swallowed,6145,validation
6de1d1949c101a6e46c4,6329,transaction_charged_twice,6211,validation
6dea8f05033cea196b98,9066,top_up_by_card_charge,8891,validation
6e1f31ec96dc169355ea,4045,get_physical_card,3978,validation
6e62212647f570c70634,8964,exchange_charge,8790,validation
6e74028be3864fb1b99f,9528,card_about_to_expire,9346,validation
6e92da68a33347059186,5750,Refund_not_showing_up,5647,validation
6ee71930ecce9f9b6115,7733,verify_top_up,7587,validation
6f381fba390d33c4fb4f,8747,balance_not_updated_after_bank_transfer,8573,validation
6f61082c3269bc4789e2,9332,activate_my_card,9151,validation
6f65ef0d23ea17388c24,8597,top_up_failed,8424,validation
6f94e033fab653946fac,4614,atm_support,4530,validation
6fcabafed28a1d8dc921,7370,receiving_money,7226,validation
6fde3ac8118b50950cc7,6230,terminate_account,6113,validation
6fe3543e1179d594999f,6405,transaction_charged_twice,6286,validation
6feeb58b51b91ba53a77,153,card_linking,152,validation
6ff633754980e61230d0,7577,transfer_into_account,7432,validation
708396786d8b7d11c363,3456,balance_not_updated_after_cheque_or_cash_deposit,3395,validation
70b61c412ce2a738d542,4354,disposable_card_limits,4271,validation
70b727a588b687dcd2f1,2846,transfer_not_received_by_recipient,2795,validation
70d2e68223081fc8dbdc,6735,reverted_card_payment?,6601,validation
712f5a7782e577e0f08d,2075,pending_top_up,2039,validation
71308ec74e3ba2a62f5a,714,extra_charge_on_statement,705,validation
7147cdb0f97c792c4f6c,7303,transfer_fee_charged,7161,validation
71483dcc1d1d9cff07a6,2060,pending_top_up,2025,validation
71b955cb3616e52429c2,7418,receiving_money,7274,validation
71e08144eac364f9b6df,9747,apple_pay_or_google_pay,9561,validation
72146387ba5f5a69d374,9575,card_about_to_expire,9392,validation
72a67ee3534af4d391f6,9459,cash_withdrawal_charge,9277,validation
72f606dd70b8ddd98ed9,9512,cash_withdrawal_charge,9330,validation
72fd01b080359b2a92d5,4028,get_physical_card,3961,validation
73454c600413605104b0,48,card_arrival,48,validation
7362e868d83a5962b591,419,card_payment_wrong_exchange_rate,414,validation
73842bccc2a4f6017e33,2361,wrong_amount_of_cash_received,2316,validation
739d40a86b9dd572ec03,3318,balance_not_updated_after_cheque_or_cash_deposit,3258,validation
73e431dbcd7939d4101c,4013,get_physical_card,3946,validation
73f0e7e1b1e1624d74fb,5816,Refund_not_showing_up,5711,validation
73f206aecdfbfb6ffdcf,7501,failed_transfer,7357,validation
741e0b456fcc81d54dcb,7488,failed_transfer,7344,validation
74292c901ba4ada33b4f,7715,verify_top_up,7569,validation
74381a6789e4a85a9665,8694,balance_not_updated_after_bank_transfer,8520,validation
74f7bc02c00966f816b0,1880,top_up_by_bank_transfer_charge,1852,validation
752a0f2287af9bf476f9,2113,cancel_transfer,2076,validation
7563ae123f8874c3a96f,7568,transfer_into_account,7423,validation
7575be2f6c68096beb0b,9829,verify_my_identity,9642,validation
75aba19080c223d0acc1,9847,verify_my_identity,9660,validation
75ddb3a08045c990dcb9,1394,exchange_via_app,1375,validation
7608365268c97321d2be,8504,top_up_failed,8334,validation
7673adbdb270c8df4f2e,1055,card_delivery_estimate,1042,validation
767c6c72e424064a1a53,3096,card_acceptance,3042,validation
769d5f0532422581e5c0,644,extra_charge_on_statement,636,validation
76ab5e94faf55f233a1d,4500,compromised_card,4418,validation
76d9fd046588de3348a1,9097,top_up_by_card_charge,8922,validation
76f03a05660083115179,8190,virtual_card_not_working,8028,validation
76fd216aefa66c2d5ff9,1297,card_not_working,1278,validation
76fd9c7b3e557a786729,5796,Refund_not_showing_up,5692,validation
774d03f7bad2467912ad,2522,card_payment_fee_charged,2477,validation
77565597839e2183bde8,8639,balance_not_updated_after_bank_transfer,8466,validation
776c5c8cd627039ebafe,9769,apple_pay_or_google_pay,9582,validation
777e8b0e0f5669073184,4727,direct_debit_payment_not_recognised,4642,validation
77872ce6b131d2b77bae,7971,top_up_by_cash_or_cheque,7814,validation
778b5c448ba5cb4ec1a2,4894,passcode_forgotten,4806,validation
779f7c0bcb4c4b3c56aa,5199,pending_card_payment,5104,validation
77f526be75a0b200f439,2446,wrong_amount_of_cash_received,2401,validation
7813938e327e2f7017e8,1268,card_not_working,1250,validation
7878c810a60f2d48ec61,770,pending_cash_withdrawal,760,validation
78d438cb4a50b0006f2a,3231,top_up_reverted,3172,validation
7900b50e40cf90df3d3a,7251,transfer_fee_charged,7110,validation
790cafe4b27cb8784d33,4296,topping_up_by_card,4219,validation
7916da4a172e974d5a9e,6799,reverted_card_payment?,6664,validation
795fea9cfe229f1fe446,5727,Refund_not_showing_up,5624,validation
7a114d36c5c54d99431b,8338,wrong_exchange_rate_for_cash_withdrawal,8173,validation
7a22c945f214c27c474e,3388,balance_not_updated_after_cheque_or_cash_deposit,3327,validation
7a3d5f6d36e0a278afce,5295,lost_or_stolen_phone,5197,validation
7a975e28e3cd2746bb95,4206,visa_or_mastercard,4133,validation
7ae8eb9a7e3f7638b351,5528,request_refund,5428,validation
7b0572387af8147b4d01,7831,getting_spare_card,7675,validation
7b28b1b366a5f98c574e,1467,exchange_via_app,1447,validation
7b4bc5dbebd771f68df3,1769,pin_blocked,1741,validation
7b515166c42d7868f954,5302,lost_or_stolen_phone,5204,validation
7b84e079d0825093bedb,4624,atm_support,4540,validation
7bd6eaba6f001043fd47,3167,top_up_reverted,3111,validation
7bd9071db32814fa7b28,6437,transaction_charged_twice,6315,validation
7bf81d2d7cd4a122abc8,1743,pin_blocked,1715,validation
7c0ec4f3a2e0f9383bc0,2099,cancel_transfer,2062,validation
7c1cc6771e485234dea1,3255,top_up_reverted,3196,validation
7c1fc423fd3c4d54a009,4802,direct_debit_payment_not_recognised,4715,validation
7c3568fc44be33b4190f,6562,verify_source_of_funds,6434,validation
7c4435e35e457786950c,1162,automatic_top_up,1147,validation
7c72c93613335401d0c3,5282,lost_or_stolen_phone,5184,validation
7caa2fe73146cc7adfdd,5303,lost_or_stolen_phone,5205,validation
7cbfc24c80897bbbeb76,8681,balance_not_updated_after_bank_transfer,8507,validation
7d0bc43cd046c6d1a199,1313,card_not_working,1294,validation
7d440225a8b556fb7a07,7203,transfer_fee_charged,7062,validation
7df09ce3da98fe728fcb,830,pending_cash_withdrawal,819,validation
7df2e31aad437955548a,1594,age_limit,1569,validation
7df960fc763bb31590ea,1345,card_not_working,1326,validation
7e5b9426ae2b05d74939,8270,wrong_exchange_rate_for_cash_withdrawal,8107,validation
7e5d71793d85d58c5e4d,1511,lost_or_stolen_card,1491,validation
7e740610b928614c398c,5400,request_refund,5302,validation
7ea9d9de1250ae32c85e,6458,transaction_charged_twice,6335,validation
7eb13297f76a5bd90dc8,2823,transfer_not_received_by_recipient,2772,validation
7ee6b8a59fd58681b989,7490,failed_transfer,7346,validation
7f0436fd7d2f18ab97c4,9318,activate_my_card,9137,validation
7f454cb796bf575efbbc,6186,terminate_account,6070,validation
7f7d6f725c6dc4c4819b,5429,request_refund,5330,validation
7fb18777375b1132531a,8088,order_physical_card,7930,validation
7fead5ca95d1bc24ec8c,1932,pending_top_up,1903,validation
800472d6e93228369fb2,7464,failed_transfer,7320,validation
802f9767db803c864223,4531,compromised_card,4449,validation
8030ea0bdb96fd231568,1387,exchange_via_app,1368,validation
803cea3268ed2e86520c,5741,Refund_not_showing_up,5638,validation
8060eebf602c45861bf5,4499,compromised_card,4417,validation
80782ebaedf438126a75,8092,order_physical_card,7934,validation
809b7cb7f785488768ac,7980,top_up_by_cash_or_cheque,7823,validation
80e5b33b2a924ecd823b,181,card_linking,180,validation
811d6e97f99051960c63,6958,change_pin,6820,validation
815f4081991fbde85136,4157,visa_or_mastercard,4088,validation
8174461a77a58908824c,6577,verify_source_of_funds,6447,validation
81f5a5819efcfb425de2,8796,cash_withdrawal_not_recognised,8622,validation
82134fa498cfc72fb3bd,944,fiat_currency_support,932,validation
82977e0da16001ffe21a,4303,topping_up_by_card,4226,validation
82a1fe646629da67008b,2551,card_payment_fee_charged,2506,validation
82b79212b92731046fe6,8703,balance_not_updated_after_bank_transfer,8529,validation
82e05306897c113f75e8,4043,get_physical_card,3976,validation
82ee91d767bbfd1da2c3,5772,Refund_not_showing_up,5669,validation
83b4c19853c0ea528a6c,6714,transfer_timing,6581,validation
83e3e18c4a0d0cd55a69,3757,edit_personal_details,3691,validation
83fdee6035496aedad43,615,extra_charge_on_statement,608,validation
84027993f51b14ba1d17,5162,pending_card_payment,5068,validation
84766a539ac3c45bc2e8,7242,transfer_fee_charged,7101,validation
84b88ad53e3b75dcf54a,7884,getting_spare_card,7728,validation
84e45de8697b0bba719e,9751,apple_pay_or_google_pay,9555,validation
853b0fb8b89980b92e39,8211,wrong_exchange_rate_for_cash_withdrawal,8049,validation
85409c87500c6a789fe7,8441,get_disposable_virtual_card,8275,validation
85462588cce330cd5b8f,8708,balance_not_updated_after_bank_transfer,8534,validation
855cb8ffb7fd9c1f63f6,4249,topping_up_by_card,4172,validation
858fe8ed9f2f867937e1,905,fiat_currency_support,893,validation
85e97c074251f8029487,9487,cash_withdrawal_charge,9305,validation
8610e78f3a102e9a286c,8458,get_disposable_virtual_card,8291,validation
8622c9cfc23bf9ca83be,4773,direct_debit_payment_not_recognised,4687,validation
866282b37fd68cc90976,2878,supported_cards_and_currencies,2827,validation
86d76ba44d7d1bc09c12,2220,cancel_transfer,2181,validation
86e57777859d339bfbcf,4536,compromised_card,4454,validation
86fa77dfd56531d54ef1,9816,verify_my_identity,9629,validation
871979e5d8b926696899,6965,change_pin,6772,validation
87334c47f0a1c4be75e6,2845,transfer_not_received_by_recipient,2794,validation
877a076c99f458316131,1282,card_not_working,1264,validation
8786479815f172f76077,1654,age_limit,1627,validation
87f6457cb834f3b4a1f0,8426,get_disposable_virtual_card,8260,validation
8830ebd992a0a560f4c0,7990,top_up_by_cash_or_cheque,7833,validation
8844c451f6f277b89449,7645,transfer_into_account,7500,validation
885ddcc3a9633b552a04,5506,request_refund,5406,validation
887fe8a6c0ccb1aee416,5625,declined_transfer,5524,validation
888905020ac0a50529ce,5632,declined_transfer,5531,validation
88d06fc0b24a11207260,6216,terminate_account,6099,validation
88db0ff0c5ebccb8992a,372,exchange_rate,332,validation
88ffa109c2d8028fc76b,4704,direct_debit_payment_not_recognised,4620,validation
890065b389e5d4f10ec3,9471,cash_withdrawal_charge,9289,validation
8986fe7dc2b28be89418,9174,top_up_by_card_charge,8998,validation
8997201279dfc4640f4f,3759,edit_personal_details,3693,validation
89a2425e1e2dc9baec0c,9280,activate_my_card,9101,validation
89a2f9206d524bf5799b,9200,activate_my_card,9024,validation
89b1d81a49a37ebf70b6,1588,age_limit,1563,validation
89b6e34378e7a45b6d29,9495,cash_withdrawal_charge,9313,validation
89b9220d3f73bdf5e3f4,8045,top_up_by_cash_or_cheque,7887,validation
8a3243b07defd0ba3cac,2577,card_payment_fee_charged,2531,validation
8a554842645738b1945a,8615,balance_not_updated_after_bank_transfer,8442,validation
8a5f974eca079493d54a,1647,age_limit,1620,validation
8a62985472bd4d5e013d,9949,country_support,9759,validation
8ae05dce926bd94092d0,576,extra_charge_on_statement,570,validation
8b4ddd37731fa7ee776c,2996,supported_cards_and_currencies,2944,validation
8b98d9f89c4d334c4aac,2364,wrong_amount_of_cash_received,2319,validation
8bac848f2c6bd6e10ae2,6777,reverted_card_payment?,6642,validation
8bbe0d9ad68ce9f1c2d3,7332,transfer_fee_charged,7188,validation
8bc26c3841e325faed34,495,card_payment_wrong_exchange_rate,490,validation
8bedbd1a4020d40876f1,5136,pending_card_payment,5043,validation
8c043b3f4f51599f76f6,494,card_payment_wrong_exchange_rate,489,validation
8c2de3b3f284cd68ca61,687,extra_charge_on_statement,679,validation
8c8a1c30995fc0de4baf,65,card_arrival,65,validation
8d041eb62870d05d495d,5521,request_refund,5421,validation
8d3d3a2d73554123b98e,4203,visa_or_mastercard,4109,validation
8d44f2dd1667a1ec0b0a,5464,request_refund,5364,validation
8d52fccc65c10d748b5b,4046,get_physical_card,3979,validation
8d6b51ec642e78c8c18e,3457,balance_not_updated_after_cheque_or_cash_deposit,3327,validation
8dabec9b723d3570375d,111,card_arrival,111,validation
8dd146138fa04d7b2e6f,8619,balance_not_updated_after_bank_transfer,8446,validation
8dd1c0bf4eab61bc058e,7396,receiving_money,7252,validation
8e0130bcd70bb371a8a5,7171,transfer_fee_charged,7030,validation
8e08a595ffd08bc18524,2067,pending_top_up,2032,validation
8e09e9e7ab0922b406a3,16,card_arrival,16,validation
8e44a5a61710718dbea3,4568,atm_support,4486,validation
8e4cd4bec0a23677750d,1779,pin_blocked,1751,validation
8ed24f272891449d30a3,102,card_arrival,102,validation
8efdff8b95ff6680538c,7527,failed_transfer,7383,validation
8f1c5b50d55a5ccf1b47,2357,wrong_amount_of_cash_received,2312,validation
8f285b3968287b99d28a,9383,cash_withdrawal_charge,9202,validation
8f4fe551f83077e0e81f,6127,pending_transfer,6012,validation
8f593b864277750031b9,9813,verify_my_identity,9626,validation
8f80a0c1cbc6b3c5b953,2925,supported_cards_and_currencies,2874,validation
8f89273755344733fc00,1144,automatic_top_up,1129,validation
8fca618248ef2e7453fb,6576,verify_source_of_funds,6418,validation
8fdf98c91f7f9ac0631f,540,card_payment_wrong_exchange_rate,534,validation
9039b902aa1a0ba6fe41,1000,fiat_currency_support,988,validation
904761faf5eeaa8f48ed,1915,top_up_by_bank_transfer_charge,1886,validation
906a7049bf6b372a1b79,58,card_arrival,58,validation
910df40f3644a1e41676,7107,beneficiary_not_allowed,6967,validation
91232f03676f3a26a0e1,8243,wrong_exchange_rate_for_cash_withdrawal,8081,validation
9178c27d7c571f08f642,88,card_arrival,88,validation
917ea8561cf4db0aef7a,8661,balance_not_updated_after_bank_transfer,8488,validation
9183661659af01ddcc02,884,fiat_currency_support,872,validation
921a9989536f23f57f7c,5918,declined_card_payment,5812,validation
921f146504049e8a28a2,1416,exchange_via_app,1397,validation
9222ad8dc86c89a28b17,3030,getting_virtual_card,2978,validation
923f34711a33edb8638a,6492,verify_source_of_funds,6369,validation
92b10b891ff8419b4d58,4945,declined_cash_withdrawal,4856,validation
92c0c7f60aa52bddc67f,4372,disposable_card_limits,4294,validation
92e3d6997aff83715a02,9701,apple_pay_or_google_pay,9517,validation
931fad41b1587200cae1,9964,country_support,9774,validation
935e3e41c4585d14f393,8762,balance_not_updated_after_bank_transfer,8588,validation
9399c63be28008585520,3638,card_payment_not_recognised,3576,validation
93d0721c9b694c031f65,5535,request_refund,5435,validation
93ef2454f902fbe4fcf2,7010,beneficiary_not_allowed,6871,validation
9406ddf410785327fa9c,6622,transfer_timing,6492,validation
9439bd28c475544cbc64,9635,card_about_to_expire,9452,validation
943e7b6627037e38c662,4136,visa_or_mastercard,4067,validation
9465d08d48b9e38f1b4e,105,card_arrival,105,validation
94dcc36fa327ab242b44,3774,why_verify_identity,3708,validation
94fd877d2ffce7f164d2,6472,transaction_charged_twice,6349,validation
95140d88a1991d9c697d,8938,cash_withdrawal_not_recognised,8764,validation
9527bf0515865e30314d,9800,verify_my_identity,9613,validation
95461b39b2981f07af94,3856,why_verify_identity,3790,validation
95480fa000bfedc70aa7,9153,top_up_by_card_charge,8977,validation
957680976ad960d330ec,1330,card_not_working,1311,validation
95b50bae0b3e90d5e923,8311,wrong_exchange_rate_for_cash_withdrawal,8147,validation
95bd0c3715fc7c26d99b,5253,lost_or_stolen_phone,5156,validation
95d37b8b489209914ce8,8022,top_up_by_cash_or_cheque,7865,validation
9628042a4f5203de1313,4665,direct_debit_payment_not_recognised,4581,validation
96423488017d304174ba,4646,direct_debit_payment_not_recognised,4562,validation
96455792a64af9182edf,7021,beneficiary_not_allowed,6881,validation
964b181fdc35975f61a9,869,pending_cash_withdrawal,857,validation
96580a4af94e2125c8ee,2739,transfer_not_received_by_recipient,2691,validation
96784843a76168535b6f,5791,Refund_not_showing_up,5687,validation
967b5a2496730973f0d4,4079,get_physical_card,4012,validation
96ae382384babab6c84e,9916,country_support,9726,validation
96fd5318434a04978193,7637,transfer_into_account,7492,validation
971149d3bf6f137f5103,1933,pending_top_up,1904,validation
97501688461afa11a05f,826,pending_cash_withdrawal,816,validation
9783410582f743eb1b83,4482,compromised_card,4400,validation
97841c128fa40d202508,8577,top_up_failed,8404,validation
97b4410f9e3fa270109b,3795,why_verify_identity,3729,validation
97b9fb7d92ddcdf79e04,9120,top_up_by_card_charge,8945,validation
97c24b9824b8c1e42c31,1572,age_limit,1548,validation
97e0d3cd9c1b984c6b7e,6617,transfer_timing,6487,validation
981f990b80ceb6729815,8893,cash_withdrawal_not_recognised,8719,validation
982496b8f25c16cc26e9,6551,verify_source_of_funds,6423,validation
9876ecc26d3c83175be5,6451,transaction_charged_twice,6329,validation
98e073b2c4a16f2c0cc2,6648,transfer_timing,6518,validation
99091957a259992687e9,3952,unable_to_verify_identity,3886,validation
99734b30d39044a010e6,8224,wrong_exchange_rate_for_cash_withdrawal,8062,validation
9993334320c59ebb4299,6034,pending_transfer,5926,validation
99b6b2a382eb7454b6e8,5271,lost_or_stolen_phone,5174,validation
99d6ed89a592bdfcc6ba,9703,apple_pay_or_google_pay,9519,validation
99de786f8ff15b8b2162,1077,card_delivery_estimate,1062,validation
9a1a8eb9c7a9f2ccef3a,657,extra_charge_on_statement,649,validation
9a71b0b31ed15c3aa846,1502,lost_or_stolen_card,1482,validation
9aceae2841f753ae202a,5667,declined_transfer,5565,validation
9bb35448dc351d442a2a,5073,declined_cash_withdrawal,4981,validation
9bc05743baab0e5fb3c6,1109,card_delivery_estimate,1094,validation
9be56d3dec30efe2b282,8169,virtual_card_not_working,8008,validation
9bfea3a1d698cb28c329,4238,topping_up_by_card,4161,validation
9c0f86c58eebd4e49a1a,4890,passcode_forgotten,4802,validation
9c182f68d8bc724bd7e2,4950,declined_cash_withdrawal,4861,validation
9cd7ea414fc4b9d1156f,2480,wrong_amount_of_cash_received,2435,validation
9d18e8ccd1f5e80b8fe5,8638,balance_not_updated_after_bank_transfer,8465,validation
9d5db34ad006b1dd28c2,9741,apple_pay_or_google_pay,9555,validation
9da27df9d7e612df1678,9721,apple_pay_or_google_pay,9536,validation
9e2a41e30672be86cacc,6277,card_swallowed,6159,validation
9e5164b0cb00717abe06,6118,pending_transfer,6004,validation
9e91f81277d13780c00a,434,card_payment_wrong_exchange_rate,429,validation
9e940e669d15dcbefbd1,6677,transfer_timing,6546,validation
9ea3992aad38e4eb05a6,1078,card_delivery_estimate,1063,validation
9eb7adc05bd4eebb584d,1863,top_up_by_bank_transfer_charge,1835,validation
9f128ca68599af8cb78c,7661,transfer_into_account,7516,validation
9f1b3c0d2f121fa14342,5826,Refund_not_showing_up,5721,validation
9f22ffc795da7b04f6ef,6255,card_swallowed,6137,validation
9f5debc654f9724772ae,9209,activate_my_card,9032,validation
9f6d1a6eed5a80f13dd0,2789,transfer_not_received_by_recipient,2738,validation
9f950de5c09f2ac0f80a,243,card_linking,241,validation
9f9faf584c578d6ffa85,3369,balance_not_updated_after_cheque_or_cash_deposit,3308,validation
9fabf14d11e102b81092,9357,cash_withdrawal_charge,9176,validation
9faee0f67e44319e6c5d,3442,balance_not_updated_after_cheque_or_cash_deposit,3381,validation
9fb31964c00bd18ab3d7,3811,why_verify_identity,3745,validation
a0431d101ab8eb84b9f4,7407,receiving_money,7263,validation
a05f6ac7aba4af2091a0,401,exchange_rate,396,validation
a08361b4fe280052129f,3472,balance_not_updated_after_cheque_or_cash_deposit,3410,validation
a086e627724f795e9cd5,6796,reverted_card_payment?,6661,validation
a0c08b9abe77f50bd192,5677,Refund_not_showing_up,5574,validation
a0c7d63e6ac472ad0830,3373,balance_not_updated_after_cheque_or_cash_deposit,3312,validation
a0ec39aaee8b0b61f11d,9185,activate_my_card,9009,validation
a16298952200666641bf,7448,failed_transfer,7304,validation
a1b9bd45a58632f9177c,9289,activate_my_card,9110,validation
a1eb6a28187454f90487,6889,change_pin,6751,validation
a21bd9c68e342d497486,2906,supported_cards_and_currencies,2855,validation
a26e1ee8adb0d8de8218,4246,topping_up_by_card,4169,validation
a26fe2595314dfb2bbcb,528,card_payment_wrong_exchange_rate,522,validation
a2be5ed841a650f3189a,6832,reverted_card_payment?,6696,validation
a2cf7a069539cdbc6b7d,9925,country_support,9735,validation
a2d5f6238a95f352354d,4661,direct_debit_payment_not_recognised,4577,validation
a2e02eea3fcc3f246212,3132,card_acceptance,3078,validation
a37a53c14aa57a1fdcc6,575,extra_charge_on_statement,569,validation
a38a5e1a9b372344f78a,2425,wrong_amount_of_cash_received,2380,validation
a474305526918a41251a,5906,declined_card_payment,5800,validation
a477274e40df4b1259b9,5765,Refund_not_showing_up,5662,validation
a48e3ce471d6ce0d98c6,5449,request_refund,5350,validation
a4b643773045ac9c0120,9352,cash_withdrawal_charge,9171,validation
a4c38ab4f8b2d6781176,2526,card_payment_fee_charged,2481,validation
a512bcdd73b97ed717c9,4222,visa_or_mastercard,4146,validation
a52a7f2edb89a4634b63,3000,getting_virtual_card,2948,validation
a53871555c95db2a67cf,7049,beneficiary_not_allowed,6909,validation
a53d3942a22965ac7abe,9840,verify_my_identity,9653,validation
a5462e04368e324af825,8886,cash_withdrawal_not_recognised,8712,validation
a562a2728409e23681eb,5228,pending_card_payment,5132,validation
a5a6f5ded2d3195562dd,2432,wrong_amount_of_cash_received,2387,validation
a5e6999f799180ab2a2e,7710,verify_top_up,7551,validation
a6209a13b6183ceae2e9,81,card_arrival,81,validation
a66a03999580a8f283e4,7133,beneficiary_not_allowed,6992,validation
a689cdb5589803ac03c7,988,fiat_currency_support,976,validation
a6ac87d3a8f5d0471871,4101,visa_or_mastercard,4033,validation
a6b4033262827d3f504f,5701,Refund_not_showing_up,5598,validation
a6da4f77af1dba5ccf46,2011,pending_top_up,1980,validation
a70845773fe96677ab26,6146,terminate_account,6030,validation
a76fa2c38e1e2a616929,201,card_linking,199,validation
a8085cf77383ee9036ef,9128,top_up_by_card_charge,8953,validation
a850f5ee25ce69db9214,2803,transfer_not_received_by_recipient,2752,validation
a85944b3117dfbfae8c1,2990,supported_cards_and_currencies,2938,validation
a85efa7b639464f61aae,5487,request_refund,5387,validation
a87fe9759f5fa61a4639,7357,receiving_money,7213,validation
a8abb4d22b3dd46453f4,3037,getting_virtual_card,2985,validation
a8d9c8a04f50a42df642,7423,receiving_money,7279,validation
a8f1c1cc6f443a62b946,1053,card_delivery_estimate,1040,validation
a93d4d4e306e151edd17,8075,order_physical_card,7917,validation
a96bb672af7527045dbc,6643,transfer_timing,6513,validation
a96cb4e96186801b05e2,210,card_linking,208,validation
a99db5d6d3978daca671,3540,card_payment_not_recognised,3478,validation
aa2aadc1fd62dab3689e,6640,transfer_timing,6510,validation
aa2eb29412f6385a55ce,846,pending_cash_withdrawal,834,validation
aa3c2d9eca43f20cb756,2131,cancel_transfer,2094,validation
aa9a110fbdccaddd7226,9170,top_up_by_card_charge,8994,validation
aa9c9e062d359e9667d6,4970,declined_cash_withdrawal,4880,validation
aae74c29e1ed43253b16,7282,transfer_fee_charged,7124,validation
ab35c70f385a3f946572,7187,transfer_fee_charged,7046,validation
aba3cecb26ff938cfc95,6258,card_swallowed,6140,validation
abf40db21d92b52e28b5,4486,compromised_card,4404,validation
ac046bf1a62e2ec12a29,3461,balance_not_updated_after_cheque_or_cash_deposit,3399,validation
ac3898598b948dffd9a7,4030,get_physical_card,3963,validation
acaca2551c8cff712bef,3279,top_up_reverted,3219,validation
acc3829ad5af643ebe37,834,pending_cash_withdrawal,823,validation
ad0de298c7bf970fbf65,9501,cash_withdrawal_charge,9319,validation
ad2d43cb3ea6f97b6183,2601,card_payment_fee_charged,2555,validation
ad5bd94d690c951d9fee,6374,transaction_charged_twice,6255,validation
ada5a2b2ff43ae52ad13,3128,card_acceptance,3074,validation
adaf963b9ffdcb60d433,5541,declined_transfer,5441,validation
adbd2c55e71c7c3dd6a3,6530,verify_source_of_funds,6404,validation
ae4711d38296e54fe905,4235,topping_up_by_card,4158,validation
ae95ceb869387a2bc01a,3663,edit_personal_details,3601,validation
aeb2604349c1f733b122,5478,request_refund,5378,validation
aeec33645c77faa249e8,4734,direct_debit_payment_not_recognised,4649,validation
af06c1ca4f9fa0765e8b,8951,exchange_charge,8777,validation
af146b70be690bfc9ccd,6331,transaction_charged_twice,6213,validation
af39b67571b921b859dc,6884,change_pin,6746,validation
af83be483cf4c104548c,7774,verify_top_up,7565,validation
aff4f4e5ca1705020741,3406,balance_not_updated_after_cheque_or_cash_deposit,3345,validation
b02c33650fd5e004e616,3872,why_verify_identity,3806,validation
b03aef5d3c87b65e5755,3884,why_verify_identity,3818,validation
b09c5b818ebca493d636,1143,automatic_top_up,1128,validation
b0aa7faaa841b8aa068e,9862,verify_my_identity,9674,validation
b101805617435f81b095,7091,beneficiary_not_allowed,6951,validation
b109f9aafe817e86c7ab,9026,exchange_charge,8852,validation
b161cb6cef416f7a7bd6,5590,declined_transfer,5490,validation
b195b174b9b567c866c7,8179,virtual_card_not_working,8018,validation
b1d00d79740f633b0052,6190,terminate_account,6074,validation
b201bdc5f09939ce29f9,9540,card_about_to_expire,9358,validation
b258b7764541e958f71f,7117,beneficiary_not_allowed,6976,validation
b2984f1269027824c3c6,4144,visa_or_mastercard,4075,validation
b2989693bccd195406ac,2810,transfer_not_received_by_recipient,2759,validation
b2c541a1562acb4bc092,2213,cancel_transfer,2174,validation
b3399ff49375691848d2,9953,country_support,9763,validation
b349aa3a652e46b8157a,8260,wrong_exchange_rate_for_cash_withdrawal,8086,validation
b377cf47d8247a2f3007,1310,card_not_working,1291,validation
b37f9694fabed626caec,5972,declined_card_payment,5865,validation
b41c5da606bee508821b,9009,exchange_charge,8835,validation
b43307b49e57688c5523,6085,pending_transfer,5972,validation
b44b6371eca318a41dd4,244,card_linking,242,validation
b450075947c66a6d11c9,5096,pending_card_payment,5003,validation
b453330d07943f09f6fc,1815,contactless_not_working,1787,validation
b4572c14032170254593,3130,card_acceptance,3076,validation
b4a022632d6fb2ec5087,7930,getting_spare_card,7774,validation
b4bdd0af29179433951f,8788,cash_withdrawal_not_recognised,8614,validation
b4d9e225d821929396ba,9576,card_about_to_expire,9393,validation
b505462fa1fa10e93489,2317,top_up_limits,2272,validation
b53445ab54fa45dfc9f6,3131,card_acceptance,3077,validation
b53607f95c1f86450080,9868,verify_my_identity,9679,validation
b53e985fe32a63c7fc02,2911,supported_cards_and_currencies,2860,validation
b53fbd428200adefdbfa,3014,getting_virtual_card,2962,validation
b5584ccb23f6db74246a,5553,declined_transfer,5453,validation
b5cb1cb5a314b3108481,7676,transfer_into_account,7531,validation
b60bf44256ea506efafd,8643,balance_not_updated_after_bank_transfer,8470,validation
b683f59d9b83448c90e6,7582,transfer_into_account,7437,validation
b6b4b4231202342b944c,9995,country_support,9804,validation
b705958c322e2200ed33,8785,cash_withdrawal_not_recognised,8611,validation
b7237cdc5757fe8509f8,5052,declined_cash_withdrawal,4961,validation
b735b63d04365f529ec8,2177,cancel_transfer,2139,validation
b7a4022ef222a0635e55,3400,balance_not_updated_after_cheque_or_cash_deposit,3339,validation
b7e0fdc2b0d24f3d4692,6650,transfer_timing,6520,validation
b83bc4cfd6a17b45e89d,5954,declined_card_payment,5847,validation
b880750e287d12b8a37e,8494,top_up_failed,8324,validation
b88330d1d30bbc3593c9,858,pending_cash_withdrawal,846,validation
b8a2e941608b41322ab0,5035,declined_cash_withdrawal,4944,validation
b9000c27d1e07150b176,960,fiat_currency_support,948,validation
b9140497cb76fc73c94c,7627,transfer_into_account,7482,validation
b96731c00cc364644ca9,1154,automatic_top_up,1139,validation
b9fcb4cee8fe8f6a96db,9218,activate_my_card,9041,validation
baac10ad809c6c611464,8464,get_disposable_virtual_card,8297,validation
baf0500e33bbcb992f44,4421,disposable_card_limits,4342,validation
bafd9fd37f4d421ec529,6124,pending_transfer,6010,validation
bb0221d6e1615934502a,677,extra_charge_on_statement,669,validation
bb1ef3419578dc4774dc,1710,pin_blocked,1683,validation
bb22c7c4dce239a439cb,6040,pending_transfer,5932,validation
bbf2dad34a582c5c2eff,4629,atm_support,4545,validation
bbf83e737e42bd951255,9034,exchange_charge,8860,validation
bce612469c3337be6ea7,12,card_arrival,12,validation
bd0de3002841a0af0b52,7969,top_up_by_cash_or_cheque,7782,validation
bd0facae03f92163ecdd,766,pending_cash_withdrawal,756,validation
bd23bf5a1ae6f0577dcb,5634,declined_transfer,5532,validation
bd4297a710d8e469364f,2410,wrong_amount_of_cash_received,2365,validation
bd79415ac642489a448f,3771,why_verify_identity,3705,validation
bd7ffaf6f268bf31ae75,4166,visa_or_mastercard,4097,validation
bd802f5c1ef19c5b8fcc,9336,activate_my_card,9155,validation
bd856e6b9513863afd66,4691,direct_debit_payment_not_recognised,4607,validation
bd8d9a5305be87828204,333,exchange_rate,331,validation
bdc8c17cbc445de4325a,5046,declined_cash_withdrawal,4955,validation
bde1a85370ab84916674,6985,change_pin,6846,validation
bde98deb5d8748d2fc7a,7837,getting_spare_card,7681,validation
be55104fbf541ea009de,289,card_linking,287,validation
be58a169cf7f7d667159,4822,passcode_forgotten,4735,validation
beab485a313015f53704,8993,exchange_charge,8819,validation
bebb279a680762d18f4a,8718,balance_not_updated_after_bank_transfer,8544,validation
bebd62736b22ea577e59,9571,card_about_to_expire,9388,validation
becd5bd04d321e1ba833,3184,top_up_reverted,3127,validation
bed73fac3764709b0fe8,4850,passcode_forgotten,4763,validation
befebd55db05d1d6cb02,7401,receiving_money,7257,validation
bf216a0fb6347c0fad60,5699,Refund_not_showing_up,5596,validation
bf31f20ef44020adf129,1444,exchange_via_app,1424,validation
bfc67cbdbc07dabc017e,309,exchange_rate,307,validation
c01841ecca7c9a786caa,6680,transfer_timing,6549,validation
c02278ced28f2f315992,5201,pending_card_payment,5106,validation
c026c3c81b9d0c82fd7b,9235,activate_my_card,9058,validation
c1002b47d0e780ede1dc,2671,card_payment_fee_charged,2623,validation
c1285d3668af54a962bd,8290,wrong_exchange_rate_for_cash_withdrawal,8127,validation
c18c41660c7269aa8d63,3698,edit_personal_details,3635,validation
c1bafc93bcf691874c5f,7066,beneficiary_not_allowed,6926,validation
c1c2524d5aebadc4237e,3194,top_up_reverted,3111,validation
c1e5e53c093cc9f9b966,2469,wrong_amount_of_cash_received,2424,validation
c21f77689fd81fb48b93,2793,transfer_not_received_by_recipient,2742,validation
c2936717a5eab79e7b16,7233,transfer_fee_charged,7092,validation
c2f9b5aae3f5889f7cee,6818,reverted_card_payment?,6682,validation
c42c292e45738dca42ff,2543,card_payment_fee_charged,2498,validation
c44a0b6d37a5b934e49c,3356,balance_not_updated_after_cheque_or_cash_deposit,3295,validation
c4b5cc5ae460431ade09,4596,atm_support,4512,validation
c504bd554266e47e9324,3702,edit_personal_details,3639,validation
c590cf9c211f751404f9,1962,pending_top_up,1933,validation
c5c27874d0d6051422fb,7394,receiving_money,7250,validation
c5ee448f0856c2685f08,8322,wrong_exchange_rate_for_cash_withdrawal,8158,validation
c65025d3fbd52ff4eac9,6906,change_pin,6768,validation
c65efb52dafa9ba4ba3d,7624,transfer_into_account,7479,validation
c661f2b862a6a366a4d0,8446,get_disposable_virtual_card,8280,validation
c6d74b0f30dbacaa1427,3450,balance_not_updated_after_cheque_or_cash_deposit,3389,validation
c6f6748c7265c0ef043c,457,card_payment_wrong_exchange_rate,452,validation
c71e67afb55e8e6e44e8,5555,declined_transfer,5455,validation
c75996e446c0cc63c291,9884,country_support,9694,validation
c77edc0f678625f0edf2,1187,automatic_top_up,1171,validation
c7aa895d40ceda164bd1,44,card_arrival,44,validation
c7c3a4fc5ac1e7025e5c,3569,card_payment_not_recognised,3507,validation
c7c70a8c4cc623c74790,7265,transfer_fee_charged,7124,validation
c7ff13f56b33d0695d3c,1719,pin_blocked,1692,validation
c8689e712ccd48fbf7f2,6949,change_pin,6811,validation
c89977c75a544b45c3fd,2288,top_up_limits,2246,validation
c8ae8147c973454276ed,2488,wrong_amount_of_cash_received,2443,validation
c9002fd42fbf8015fe25,9670,apple_pay_or_google_pay,9487,validation
c90df8cf576dfad2476f,2248,top_up_limits,2209,validation
c91771432f14371b2d77,621,extra_charge_on_statement,614,validation
c91e80134c1805da3ba9,6105,pending_transfer,5991,validation
c92f72fd14b5f1763c76,7533,failed_transfer,7389,validation
c938a74a385eca253e67,1023,card_delivery_estimate,1011,validation
c992dcb384ebf1930f7d,9150,top_up_by_card_charge,8974,validation
c9c3a163280c2045900b,8155,order_physical_card,7994,validation
c9d17b43f601ccac093b,5340,lost_or_stolen_phone,5242,validation
c9ef446e4c26601e385f,7326,transfer_fee_charged,7182,validation
ca0393fe6390f83fe667,5969,declined_card_payment,5862,validation
ca7a05ab3ce4612c67a3,9863,verify_my_identity,9626,validation
ca9917d28b2d7419a808,8899,cash_withdrawal_not_recognised,8725,validation
cab91a2d46524ae2e3c6,722,extra_charge_on_statement,713,validation
cac38779dc2932466975,3005,getting_virtual_card,2953,validation
cacae0e101b9207f3f06,8960,exchange_charge,8786,validation
cb41fb2be40a1d824097,7610,transfer_into_account,7465,validation
cb420d13b1183ca967b2,6974,change_pin,6835,validation
cb5ca76eb8f202d8c18b,7591,transfer_into_account,7446,validation
cbb6b27ef0132f689916,7155,beneficiary_not_allowed,7014,validation
cbc1a14975d684ee3b72,3964,unable_to_verify_identity,3898,validation
cbc45000460ed99ed3a0,304,exchange_rate,302,validation
cbdb0090e831c506aae4,5037,declined_cash_withdrawal,4946,validation
cbdd1381b9a7577bc5a8,2224,cancel_transfer,2185,validation
cbe50704aff65d578916,5045,declined_cash_withdrawal,4954,validation
cbecfb08be9b2888a113,1517,lost_or_stolen_card,1496,validation
cbf608986a0193c2dfa7,1876,top_up_by_bank_transfer_charge,1848,validation
cc24df300cc44760e36e,1530,lost_or_stolen_card,1509,validation
cc50feafff01cead25cb,3432,balance_not_updated_after_cheque_or_cash_deposit,3371,validation
cc559d494364525aac38,9048,exchange_charge,8873,validation
cc8a849a834b2cb5d92c,7852,getting_spare_card,7696,validation
cc8cc4bd8ce983d7aead,5329,lost_or_stolen_phone,5231,validation
cc9d6f4cf0defd1d9bdc,4468,compromised_card,4386,validation
ccaf26998dfddec9af2c,2151,cancel_transfer,2113,validation
ccb50eaf13f9f48a2e05,2088,cancel_transfer,2051,validation
cd19247fd5d21f8c4ed4,135,card_arrival,134,validation
cd8398d78d0f326c02b4,9013,exchange_charge,8839,validation
cd897189f6e8d50870e7,184,card_linking,183,validation
cdb85491a81bbdd43035,6185,terminate_account,6069,validation
cdcc3f6b025548b9bce9,3731,edit_personal_details,3668,validation
cdff410d1a458303747c,2631,card_payment_fee_charged,2584,validation
ce588f0f0200d75a3491,703,extra_charge_on_statement,694,validation
ce8743e74159d087215f,4852,passcode_forgotten,4765,validation
ce8f37208262f98e49b7,8034,top_up_by_cash_or_cheque,7876,validation
cea60195c50eb5d84e91,4888,passcode_forgotten,4800,validation
cee05f6a8254fcb0d08e,4396,disposable_card_limits,4318,validation
cf05346e290c1b0cc2e3,5346,lost_or_stolen_phone,5248,validation
cf0eabfcb971902fed56,4870,passcode_forgotten,4783,validation
cf140506331ffc3a9542,5884,declined_card_payment,5779,validation
cf56070ed3a469462141,6060,pending_transfer,5949,validation
cf5c1fb3c35105e224a0,1632,age_limit,1605,validation
cfa7f0397bcc6849e342,5790,Refund_not_showing_up,5686,validation
cfe3ecf2f4aba23d6708,6510,verify_source_of_funds,6387,validation
cfeb5f9919ca474bebb3,9979,country_support,9788,validation
d0101ffa123f98e21a4d,3465,balance_not_updated_after_cheque_or_cash_deposit,3403,validation
d042d75fcc33297af18d,7558,failed_transfer,7414,validation
d053c4adae98cf00771e,1941,pending_top_up,1912,validation
d059011fea58656531e7,5849,declined_card_payment,5744,validation
d08f0ee75a05c58efd08,3418,balance_not_updated_after_cheque_or_cash_deposit,3357,validation
d0af14651f393742160b,8536,top_up_failed,8363,validation
d106cbd68baae892170b,4270,topping_up_by_card,4193,validation
d12cc6c12373cf48f607,930,fiat_currency_support,918,validation
d1389811da93bf452047,346,exchange_rate,343,validation
d1495a1730440cebddb2,4564,atm_support,4482,validation
d154fb04299cc5591a00,1363,exchange_via_app,1344,validation
d19eeb7431f87d215d20,7745,verify_top_up,7597,validation
d1b17c6023c2c32ddf3b,2422,wrong_amount_of_cash_received,2377,validation
d1f91962cae8d12930e4,8564,top_up_failed,8391,validation
d1fa2b7dfa689bbf7873,5899,declined_card_payment,5794,validation
d20dd10a00e492246463,937,fiat_currency_support,925,validation
d2467dd258492526cef1,2894,supported_cards_and_currencies,2843,validation
d2ac9434b7ab1e3b778e,890,fiat_currency_support,878,validation
d32c3b94ef1ea7748e77,8331,wrong_exchange_rate_for_cash_withdrawal,8166,validation
d33116e2ac6c41630c74,8332,wrong_exchange_rate_for_cash_withdrawal,8167,validation
d3765f64e7b58d74c49e,2504,wrong_amount_of_cash_received,2459,validation
d41057c4dc0b0599f2fb,3511,card_payment_not_recognised,3449,validation
d431dbfa362022ba7942,9756,apple_pay_or_google_pay,9569,validation
d44a7da960684b27a287,8236,wrong_exchange_rate_for_cash_withdrawal,8074,validation
d450bd6ac3bcd08fe1d5,3402,balance_not_updated_after_cheque_or_cash_deposit,3341,validation
d450dca5c2675d5d0ad1,7121,beneficiary_not_allowed,6980,validation
d4845a056633b11af45d,2460,wrong_amount_of_cash_received,2415,validation
d4875c14d539cabc6984,1481,lost_or_stolen_card,1461,validation
d4f69500716071de3115,1002,fiat_currency_support,990,validation
d50a15926c5b122cecc4,4383,disposable_card_limits,4305,validation
d52b3515f303735c0c3b,9996,country_support,9805,validation
d594accf7a148acc6eed,6153,terminate_account,6037,validation
d5b4d8a0fda25c905c72,3046,getting_virtual_card,2994,validation
d5bff41311a2c4b0ecd4,8604,top_up_failed,8431,validation
d60d3fa86f3106e3ad62,7031,beneficiary_not_allowed,6891,validation
d61ab910e17288a52d58,4710,direct_debit_payment_not_recognised,4626,validation
d6366cc3f04ebc4b87bb,3712,edit_personal_details,3649,validation
d67a3a26cb5d5a403d19,4226,visa_or_mastercard,4109,validation
d690e3216b23b2489e93,9129,top_up_by_card_charge,8954,validation
d6fd77544dba5007307a,9286,activate_my_card,9107,validation
d6ff217ccce4759074fe,4928,declined_cash_withdrawal,4839,validation
d773f5f195d7949c6d6a,3609,card_payment_not_recognised,3547,validation
d79e2595acc3ac08cc44,7295,transfer_fee_charged,7153,validation
d86005ccc67536ad51ee,4181,visa_or_mastercard,4109,validation
d879897550a66c4f0869,9439,cash_withdrawal_charge,9257,validation
d88706f4fd0618ee2c37,2326,top_up_limits,2281,validation
d8a7d27b1415b2e7db9f,1514,lost_or_stolen_card,1491,validation
d8cb5b82c7350b7d6b27,6597,transfer_timing,6467,validation
d8d91d8632a947ecbd07,8595,top_up_failed,8422,validation
d9306ee4eaf4e977ca01,185,card_linking,184,validation
d95807f28d65630b1203,274,card_linking,272,validation
d96c69e860a546e50fed,2777,transfer_not_received_by_recipient,2727,validation
d98c21c8d5369dca7530,308,exchange_rate,306,validation
d98f87a2f39a3d9637d6,6767,reverted_card_payment?,6632,validation
d9a447889fc5cd5e3ba2,9443,cash_withdrawal_charge,9261,validation
da2955a385d5b4a98c0d,2378,wrong_amount_of_cash_received,2333,validation
da42e64ee8884d4cb05f,6470,transaction_charged_twice,6347,validation
da4f42a02aff78317bdc,9433,cash_withdrawal_charge,9251,validation
da6aa1843e5addb317cc,4207,visa_or_mastercard,4134,validation
da77801040583dc71788,4067,get_physical_card,4000,validation
da95a44714491c15fca3,5417,request_refund,5319,validation
daf128b86bfd9083d1fa,5358,lost_or_stolen_phone,5260,validation
daf6d64fbb18579c71f2,8372,get_disposable_virtual_card,8207,validation
dbacde898c6727eb28cd,1609,age_limit,1583,validation
dbc91accd6b0dec75c57,3104,card_acceptance,3050,validation
dbffcc3153b24543a551,4192,visa_or_mastercard,4120,validation
dc3c0afc0e34f3b33aef,3679,edit_personal_details,3617,validation
dc4ba66339414c19939c,6337,transaction_charged_twice,6219,validation
dcc25565faf715d0f62d,64,card_arrival,64,validation
dcfb45b2068c3b12704c,1130,automatic_top_up,1115,validation
dd241ccf59d79d53cd7b,4955,declined_cash_withdrawal,4866,validation
dd2eaff42010335d25ce,8284,wrong_exchange_rate_for_cash_withdrawal,8121,validation
dd655e4ca3c392b9f680,4583,atm_support,4500,validation
dde39245d5ef7b532525,3630,card_payment_not_recognised,3568,validation
ddf6e21f2b35ee6263c2,9427,cash_withdrawal_charge,9245,validation
de2c48074fc4bc54c9fb,7819,getting_spare_card,7663,validation
de71244adff6fa42a1e3,744,pending_cash_withdrawal,734,validation
de74a13cd7647cce3b36,8108,order_physical_card,7950,validation
de868aebade0125f31c2,8149,order_physical_card,7988,validation
de9b26b810b96a34b7de,8670,balance_not_updated_after_bank_transfer,8496,validation
dea9f59a9c95eed96908,2821,transfer_not_received_by_recipient,2770,validation
deeb249838164345684d,4667,direct_debit_payment_not_recognised,4583,validation
df07793c958572ad1e57,7793,verify_top_up,7638,validation
df69e65c25379a1fea6b,5409,request_refund,5311,validation
dfa0a3045ddaa991b2eb,2562,card_payment_fee_charged,2516,validation
dfd69fcaf68a6bad2b53,3343,balance_not_updated_after_cheque_or_cash_deposit,3283,validation
e0079f86273bdf9e5aab,7001,change_pin,6862,validation
e01a954855e0365f4494,1219,automatic_top_up,1202,validation
e0a55eab4e1783ecc9cf,2930,supported_cards_and_currencies,2879,validation
e0e885fd9be8c8e82786,1323,card_not_working,1304,validation
e0fe744496aa96265987,2674,card_payment_fee_charged,2626,validation
e13f97961ade3ecfda5f,7959,top_up_by_cash_or_cheque,7803,validation
e15a534e1ff782759507,6932,change_pin,6794,validation
e15f2a422191c6c56539,1682,pin_blocked,1655,validation
e180b342e2dba3ef005e,7652,transfer_into_account,7507,validation
e18e084d187f401abf37,9239,activate_my_card,9062,validation
e1e360eeffcab11b295f,8255,wrong_exchange_rate_for_cash_withdrawal,8093,validation
e200381534546cd645ee,6054,pending_transfer,5944,validation
e217b82c538763870a7a,1008,card_delivery_estimate,996,validation
e2406a6903087d65f660,8671,balance_not_updated_after_bank_transfer,8497,validation
e243adcd7d1dd0085f9c,9947,country_support,9757,validation
e27ef0b85555abbbecbf,7214,transfer_fee_charged,7073,validation
e2abe656789535f1d483,3997,get_physical_card,3930,validation
e2c974ace5725ffb7489,7229,transfer_fee_charged,7088,validation
e2f32ef9bdbdb1e1c103,8721,balance_not_updated_after_bank_transfer,8547,validation
e311befc999f49195eed,1214,automatic_top_up,1197,validation
e35678da20e4fdccfcc6,9558,card_about_to_expire,9376,validation
e38541fda640e1a19bfc,2052,pending_top_up,2017,validation
e3abeae7f9809360406f,3907,unable_to_verify_identity,3841,validation
e412ada6afd1bac8a194,693,extra_charge_on_statement,685,validation
e4b5690dadb29d5ef48f,5280,lost_or_stolen_phone,5182,validation
e4def4747bb456b48475,2440,wrong_amount_of_cash_received,2395,validation
e4fa6cabadfd3a5bb7e5,5853,declined_card_payment,5748,validation
e4fc6740d34d12cd7042,6733,reverted_card_payment?,6599,validation
e50f1e9cbeb0161d7255,7599,transfer_into_account,7454,validation
e511d7dc887562d077ab,6711,transfer_timing,6578,validation
e5de4ddbdba86214a990,3745,edit_personal_details,3680,validation
e6408971c211e4e28ba9,6997,change_pin,6858,validation
e66628c3bd190302f554,1015,card_delivery_estimate,1003,validation
e672817814f56dabaec8,5763,Refund_not_showing_up,5660,validation
e684672867042dbf821e,536,card_payment_wrong_exchange_rate,530,validation
e6986b3dc57b2ea622cb,8561,top_up_failed,8388,validation
e6a0576191c62ef901dc,3219,top_up_reverted,3160,validation
e6e902902d423421a211,2958,supported_cards_and_currencies,2907,validation
e6f54b5d1b53574ef76e,8841,cash_withdrawal_not_recognised,8667,validation
e7232d8b35a0b1d48fe3,3799,why_verify_identity,3733,validation
e72977702aab5d1f9384,486,card_payment_wrong_exchange_rate,481,validation
e72a898c516d9f0e39cd,8757,balance_not_updated_after_bank_transfer,8583,validation
e73cf68b76b1ffb84d0c,8853,cash_withdrawal_not_recognised,8679,validation
e77edf0a755e158ca740,5318,lost_or_stolen_phone,5220,validation
e79c1da21a9ef53f9e74,1574,age_limit,1550,validation
e7b77b9f043df84c989a,3298,top_up_reverted,3238,validation
e7be1ebafa837a0c7201,8505,top_up_failed,8333,validation
e7c7d663c4128d58458f,2771,transfer_not_received_by_recipient,2721,validation
e821ec54b25ddbb41a6d,2395,wrong_amount_of_cash_received,2350,validation
e86036473ad473ee9ffa,4384,disposable_card_limits,4306,validation
e86c40b115215ede3ac5,2236,top_up_limits,2197,validation
e88206bdfb55d49fecb3,1703,pin_blocked,1676,validation
e8dfdc064cb64064d919,9977,country_support,9786,validation
e91dfb7c43e181b5102a,1403,exchange_via_app,1384,validation
e959d30ac54fd7ed8e62,129,card_arrival,128,validation
e9f088115f9e52d20db5,8923,cash_withdrawal_not_recognised,8749,validation
ea2b1e9c708034c4c1b2,9803,verify_my_identity,9616,validation
ea3edd16fa27d171b501,4651,direct_debit_payment_not_recognised,4567,validation
ea52338219a939123736,228,card_linking,226,validation
ea70853ed7a3c013d65b,2030,pending_top_up,1996,validation
eabdc1e0a3d805f76bbe,4461,compromised_card,4379,validation
eb58aa1914ab4e01e44c,7363,receiving_money,7219,validation
eb682a149f6e6dfee510,6048,pending_transfer,5901,validation
eb7b2cd65fa131634bb5,587,extra_charge_on_statement,581,validation
ebc0384036f97084ad50,2642,card_payment_fee_charged,2595,validation
ebda438282cda94e2c92,4857,passcode_forgotten,4770,validation
ebdb3f11d40f4e8f394d,5438,request_refund,5339,validation
ebe9ecbf36acd5babf9d,347,exchange_rate,344,validation
ec26b443116872335604,8228,wrong_exchange_rate_for_cash_withdrawal,8066,validation
ec29f4e6bfdd2e116ba8,1541,lost_or_stolen_card,1519,validation
ec2d4c5a657fa8d19b6c,1072,card_delivery_estimate,1057,validation
ec9f11b3d3fc2dc65317,8428,get_disposable_virtual_card,8262,validation
ed326ca63136497a2cbf,7779,verify_top_up,7625,validation
ed7509a8b8c7078b1950,2963,supported_cards_and_currencies,2912,validation
ed871df8505d35d63d6a,4941,declined_cash_withdrawal,4852,validation
ed8bb723c172423153ba,7425,receiving_money,7281,validation
ed9a0a14a6d5316a5605,7310,transfer_fee_charged,7168,validation
eda7286f99c8b20801f4,2861,transfer_not_received_by_recipient,2810,validation
edcea4680af6e37a8ada,4334,topping_up_by_card,4257,validation
ee01a5e2c48a97dcaf11,5990,pending_transfer,5882,validation
ee5ee86210194b0353ea,4858,passcode_forgotten,4771,validation
ee777d1efef47f2b5dfa,1986,pending_top_up,1957,validation
eea56e906cdafccffa3c,5848,declined_card_payment,5743,validation
eeca587dae9bf5f6e4f9,7339,receiving_money,7195,validation
eee9be76c39a631379ff,7177,transfer_fee_charged,7036,validation
eef8b186a5c01ad0fb13,9646,apple_pay_or_google_pay,9463,validation
ef1ec13d08e73e31c9b7,1233,automatic_top_up,1215,validation
ef772791df2576506894,9873,verify_my_identity,9683,validation
efa4526fa2fec7767906,8366,wrong_exchange_rate_for_cash_withdrawal,8201,validation
efb31e6b8fee081b1a87,1930,pending_top_up,1901,validation
efc2afd157b4b717d0c5,9234,activate_my_card,9057,validation
f002e8c6c65372f8b215,1970,pending_top_up,1941,validation
f018ea361a3bd5374ac0,7753,verify_top_up,7604,validation
f06609cd159082f6f85b,6113,pending_transfer,5999,validation
f0908797d8dcd9c54bdb,4105,visa_or_mastercard,4037,validation
f0bf8ffa3c9786ef366d,7941,top_up_by_cash_or_cheque,7785,validation
f0d839f1a26b831abdfe,709,extra_charge_on_statement,700,validation
f1108d89f72b216447e9,7926,getting_spare_card,7770,validation
f11d49d1132ee900ccf7,6156,terminate_account,6040,validation
f122d3b3b4a3fc727df9,870,pending_cash_withdrawal,858,validation
f1262bf72cbbfcbcfa8f,3093,getting_virtual_card,3039,validation
f158d664e714348d7f56,5359,lost_or_stolen_phone,5261,validation
f1c0f5ff9243e7f8a8fb,4293,topping_up_by_card,4216,validation
f1c347ad3bb60ca31d05,389,exchange_rate,384,validation
f1fb8c836dcdff2cb2cc,4578,atm_support,4495,validation
f285956d07afb727ee4f,4410,disposable_card_limits,4332,validation
f2a8799155b35af6b91b,7392,receiving_money,7248,validation
f31b9e17f997f0fd8c6f,631,extra_charge_on_statement,623,validation
f321591c82d71d062a26,7997,top_up_by_cash_or_cheque,7840,validation
f33c3f9deca5ce80e23e,2343,wrong_amount_of_cash_received,2298,validation
f35fa51f0a73e5d94c92,431,card_payment_wrong_exchange_rate,426,validation
f36164f672d8dd39a021,7477,failed_transfer,7333,validation
f38de01a9f12a0c32fdb,4909,passcode_forgotten,4821,validation
f3bb66ef70cd5c7b8073,5374,request_refund,5276,validation
f42b2b3914ee3bf38c1e,92,card_arrival,92,validation
f44143e86649e5773856,5987,declined_card_payment,5879,validation
f4755bcc936391a17c01,4154,visa_or_mastercard,4085,validation
f48343a2fe17ffd2eb69,9105,top_up_by_card_charge,8930,validation
f4a6f2d41c76c8135c39,1443,exchange_via_app,1423,validation
f4ad8d888e1e535229ca,4441,disposable_card_limits,4361,validation
f4e6b8600dafbbfb5134,3880,why_verify_identity,3814,validation
f51b25e2b31be774eca2,449,card_payment_wrong_exchange_rate,444,validation
f52b5fbc719abc39a2f0,3303,balance_not_updated_after_cheque_or_cash_deposit,3243,validation
f538e994a8fef4db83f1,6685,transfer_timing,6554,validation
f5b606b601205d90d434,5829,Refund_not_showing_up,5724,validation
f5d1ba6784e211b7222e,1307,card_not_working,1288,validation
f5d9d8006fe1b2d8d6e1,4515,compromised_card,4433,validation
f5f8e0aae55ac32d9ac4,5866,declined_card_payment,5761,validation
f650d979939719294e9f,2755,transfer_not_received_by_recipient,2706,validation
f681c92767002564b935,8843,cash_withdrawal_not_recognised,8669,validation
f6a246024b5d6479a57c,8983,exchange_charge,8809,validation
f6e12b54d7f8463d2fb0,2657,card_payment_fee_charged,2609,validation
f710856468e5f851c10f,1237,automatic_top_up,1219,validation
f7403506e38fa18864ac,737,pending_cash_withdrawal,727,validation
f762deb987cb401e415f,7711,verify_top_up,7565,validation
f768a494575e51dfef45,6546,verify_source_of_funds,6418,validation
f7820331c09de066f6b6,2534,card_payment_fee_charged,2489,validation
f7ff07ee453c60a168c7,8887,cash_withdrawal_not_recognised,8713,validation
f82e69f6054db05bb445,7835,getting_spare_card,7679,validation
f8953172d27b47fceb28,2689,card_payment_fee_charged,2641,validation
f8bc8e2b68eb0f461c6b,4543,compromised_card,4461,validation
f952ab36ad56c83e9bbf,474,card_payment_wrong_exchange_rate,469,validation
f964b0535f8e5e77fac6,1987,pending_top_up,1958,validation
f96bbdb415037cd312af,6431,transaction_charged_twice,6309,validation
f9811969d002cf0ced3f,4322,topping_up_by_card,4245,validation
f9a78952b1423f28f93e,3509,card_payment_not_recognised,3447,validation
f9b91c8154a837cd26ea,3017,getting_virtual_card,2965,validation
f9bb1a14eb36e643f8eb,7761,verify_top_up,7589,validation
fa772ea2543ca92a04ee,2166,cancel_transfer,2128,validation
fabb7c2d1941d376dece,956,fiat_currency_support,944,validation
fb59e5a8609f36cbe90b,7393,receiving_money,7249,validation
fb68daf57ea0a651a7d0,2252,top_up_limits,2213,validation
fb6d4f12712b5c3a8c8f,9644,apple_pay_or_google_pay,9461,validation
fb7b0f2d434786e067fd,4606,atm_support,4522,validation
fbdc5febce929235be4f,1248,card_not_working,1230,validation
fbf6f34035a42293dfae,3490,card_payment_not_recognised,3428,validation
fc220fb01cbe02c587e6,9711,apple_pay_or_google_pay,9526,validation
fc2303c1804f25bd6a64,5086,declined_cash_withdrawal,4993,validation
fcc0020d60986b788c7d,7257,transfer_fee_charged,7116,validation
fccea19c1119833bdd61,1860,top_up_by_bank_transfer_charge,1832,validation
fd1c40b093223aee068f,7150,beneficiary_not_allowed,7009,validation
fd22187367a2ec837694,5126,pending_card_payment,5033,validation
fd3ed118dc7a21f2f77a,2141,cancel_transfer,2104,validation
fd4bfda173fd06173621,5538,request_refund,5438,validation
fd5fbeaf66033085f77e,6435,transaction_charged_twice,6313,validation
fd633922fe79d66a1c28,8107,order_physical_card,7949,validation
fddb8aed0832dc8cddf5,1294,card_not_working,1275,validation
fe33da60660dc591da69,8129,order_physical_card,7970,validation
fe78447b032e18d54d96,4455,disposable_card_limits,4374,validation
feebb1a040072bad1eea,6757,reverted_card_payment?,6622,validation
ff077cbeaddc1c371003,8530,top_up_failed,8358,validation
ff3d02063b7171561ecb,6763,reverted_card_payment?,6628,validation
ff5c5c3fac50d35c27cf,3629,card_payment_not_recognised,3567,validation
ffa8609e264a45266d59,4404,disposable_card_limits,4326,validation
ffb021aa06aefca57d5a,2172,cancel_transfer,2134,validation
ffdd838b0aa95210ab94,4494,compromised_card,4412,validation
